month,town,flat_type,block,street_name,storey_range,floor_area_sqm,flat_model,lease_commence_date,resale_price,remaining_lease,remaining_lease_years,remaining_lease_months,remaining_lease_formatted,quarantine_reason,is_iqr_anomaly,price_per_sqm,z_score_sqm,is_zscore_anomaly
2013-07,BUKIT TIMAH,EXECUTIVE,7,TOH YI DR,04 TO 06,146.0,Maisonette,1989,950000.0,,74,5,74 years 5 months,Duplicate Composite Key Record (Lower Resale Price),,,,
2015-11,CENTRAL AREA,4 ROOM,1A,CANTONMENT RD,37 TO 39,95.0,Type S1,2011,915000.0,94.0,94,1,94 years 1 months,Duplicate Composite Key Record (Lower Resale Price),,,,
2013-07,TOA PAYOH,5 ROOM,81,LOR 4 TOA PAYOH,19 TO 21,122.0,Improved,1997,880000.0,,82,5,82 years 5 months,Duplicate Composite Key Record (Lower Resale Price),,,,
2016-10,BISHAN,5 ROOM,273B,BISHAN ST 24,01 TO 03,120.0,DBSS,2011,878888.0,93.0,93,2,93 years 2 months,Duplicate Composite Key Record (Lower Resale Price),,,,
2013-07,BISHAN,EXECUTIVE,187,BISHAN ST 13,07 TO 09,146.0,Maisonette,1987,878000.0,,72,5,72 years 5 months,Duplicate Composite Key Record (Lower Resale Price),,,,
2015-02,CENTRAL AREA,4 ROOM,1D,CANTONMENT RD,37 TO 39,95.0,Type S1,2011,866000.0,94.0,94,10,94 years 10 months,Duplicate Composite Key Record (Lower Resale Price),,,,
2015-09,CENTRAL AREA,4 ROOM,1G,CANTONMENT RD,31 TO 33,93.0,Type S1,2011,850000.0,94.0,94,3,94 years 3 months,Duplicate Composite Key Record (Lower Resale Price),,,,
2015-02,CENTRAL AREA,4 ROOM,1E,CANTONMENT RD,25 TO 27,94.0,Type S1,2011,838000.0,94.0,94,10,94 years 10 months,Duplicate Composite Key Record (Lower Resale Price),,,,
2013-01,BUKIT MERAH,4 ROOM,76A,REDHILL RD,28 TO 30,100.0,Model A,2005,828000.0,,90,11,90 years 11 months,Duplicate Composite Key Record (Lower Resale Price),,,,
2012-03,BUKIT MERAH,5 ROOM,75C,REDHILL RD,16 TO 20,115.0,Improved,2007,823000.0,,93,9,93 years 9 months,Duplicate Composite Key Record (Lower Resale Price),,,,
2012-07,SERANGOON,EXECUTIVE,418,SERANGOON CTRL,04 TO 06,146.0,Maisonette,1989,816000.0,,75,5,75 years 5 months,Duplicate Composite Key Record (Lower Resale Price),,,,
2014-07,BUKIT MERAH,5 ROOM,84,TELOK BLANGAH HTS,19 TO 21,118.0,Improved,1997,788000.0,,81,5,81 years 5 months,Duplicate Composite Key Record (Lower Resale Price),,,,
2013-09,QUEENSTOWN,5 ROOM,55,STRATHMORE AVE,01 TO 03,110.0,Improved,2002,775000.0,,87,3,87 years 3 months,Duplicate Composite Key Record (Lower Resale Price),,,,
2015-09,QUEENSTOWN,4 ROOM,61C,STRATHMORE AVE,25 TO 27,98.0,Model A,2011,765000.0,94.0,94,3,94 years 3 months,Duplicate Composite Key Record (Lower Resale Price),,,,
2013-04,CLEMENTI,5 ROOM,413,C'WEALTH AVE WEST,22 TO 24,125.0,Improved,1978,765000.0,,63,8,63 years 8 months,Duplicate Composite Key Record (Lower Resale Price),,,,
2013-01,BUKIT MERAH,4 ROOM,26D,JLN MEMBINA,25 TO 27,90.0,Model A,2009,754000.0,,94,11,94 years 11 months,Duplicate Composite Key Record (Lower Resale Price),,,,
2014-04,BUKIT MERAH,5 ROOM,1,EVERTON PK,10 TO 12,138.0,Improved,1980,751888.0,,64,8,64 years 8 months,Duplicate Composite Key Record (Lower Resale Price),,,,
2015-02,HOUGANG,EXECUTIVE,221,HOUGANG ST 21,04 TO 06,148.0,Maisonette,1992,750000.0,76.0,75,10,75 years 10 months,Duplicate Composite Key Record (Lower Resale Price),,,,
2016-10,SERANGOON,5 ROOM,258,SERANGOON CTRL DR,07 TO 09,115.0,Improved,1999,750000.0,81.0,81,2,81 years 2 months,Duplicate Composite Key Record (Lower Resale Price),,,,
2013-03,TOA PAYOH,4 ROOM,79E,TOA PAYOH CTRL,16 TO 18,91.0,Model A,2009,750000.0,,94,9,94 years 9 months,Duplicate Composite Key Record (Lower Resale Price),,,,
2016-05,BUKIT MERAH,4 ROOM,25B,JLN MEMBINA,22 TO 24,90.0,Model A,2009,750000.0,91.0,91,7,91 years 7 months,Duplicate Composite Key Record (Lower Resale Price),,,,
2014-10,QUEENSTOWN,4 ROOM,91,TANGLIN HALT RD,22 TO 24,85.0,Model A,2008,735000.0,,92,2,92 years 2 months,Duplicate Composite Key Record (Lower Resale Price),,,,
2016-07,TOA PAYOH,4 ROOM,146,LOR 2 TOA PAYOH,31 TO 33,91.0,Model A,2006,735000.0,88.0,88,5,88 years 5 months,Duplicate Composite Key Record (Lower Resale Price),,,,
2012-08,QUEENSTOWN,4 ROOM,91,TANGLIN HALT RD,34 TO 36,85.0,Model A,2008,733000.0,,94,4,94 years 4 months,Duplicate Composite Key Record (Lower Resale Price),,,,
2012-07,ANG MO KIO,5 ROOM,596B,ANG MO KIO ST 52,01 TO 03,111.0,Improved,2002,730000.0,,88,5,88 years 5 months,Duplicate Composite Key Record (Lower Resale Price),,,,
2012-02,TOA PAYOH,5 ROOM,153A,LOR 1 TOA PAYOH,04 TO 06,121.0,Improved,1999,728000.0,,85,10,85 years 10 months,Duplicate Composite Key Record (Lower Resale Price),,,,
2012-03,BISHAN,EXECUTIVE,257,BISHAN ST 22,06 TO 10,148.0,Maisonette,1992,728000.0,,78,9,78 years 9 months,Duplicate Composite Key Record (Lower Resale Price),,,,
2016-04,CLEMENTI,5 ROOM,459,CLEMENTI AVE 3,04 TO 06,110.0,Improved,2002,725000.0,85.0,84,8,84 years 8 months,Duplicate Composite Key Record (Lower Resale Price),,,,
2012-09,TOA PAYOH,4 ROOM,79C,TOA PAYOH CTRL,13 TO 15,91.0,Model A,2009,725000.0,,95,3,95 years 3 months,Duplicate Composite Key Record (Lower Resale Price),,,,
2014-05,QUEENSTOWN,4 ROOM,28A,DOVER CRES,25 TO 27,95.0,Model A,2012,721000.0,,96,7,96 years 7 months,Duplicate Composite Key Record (Lower Resale Price),,,,
2013-08,HOUGANG,EXECUTIVE,446,HOUGANG AVE 8,07 TO 09,146.0,Maisonette,1991,720000.0,,76,4,76 years 4 months,Duplicate Composite Key Record (Lower Resale Price),,,,
2014-05,BUKIT MERAH,4 ROOM,75B,REDHILL RD,13 TO 15,100.0,Model A,2005,720000.0,,89,7,89 years 7 months,Duplicate Composite Key Record (Lower Resale Price),,,,
2014-05,BISHAN,5 ROOM,262,BISHAN ST 22,07 TO 09,133.0,Model A,1992,720000.0,,76,7,76 years 7 months,Duplicate Composite Key Record (Lower Resale Price),,,,
2013-06,QUEENSTOWN,4 ROOM,28C,DOVER CRES,22 TO 24,95.0,Model A,2012,715000.0,,97,6,97 years 6 months,Duplicate Composite Key Record (Lower Resale Price),,,,
2014-12,BUKIT MERAH,4 ROOM,22,JLN MEMBINA,07 TO 09,90.0,Model A,2003,708000.0,,87,0,87 years 0 months,Duplicate Composite Key Record (Lower Resale Price),,,,
2013-11,QUEENSTOWN,4 ROOM,90,TANGLIN HALT RD,04 TO 06,90.0,Model A,2008,708000.0,,93,1,93 years 1 months,Duplicate Composite Key Record (Lower Resale Price),,,,
2012-07,QUEENSTOWN,4 ROOM,91,TANGLIN HALT RD,07 TO 09,90.0,Model A,2008,706000.0,,94,5,94 years 5 months,Duplicate Composite Key Record (Lower Resale Price),,,,
2014-03,BUKIT MERAH,4 ROOM,26D,JLN MEMBINA,04 TO 06,90.0,Model A,2009,705000.0,,93,9,93 years 9 months,Duplicate Composite Key Record (Lower Resale Price),,,,
2016-11,BISHAN,4 ROOM,273A,BISHAN ST 24,07 TO 09,95.0,DBSS,2011,700008.0,93.0,93,1,93 years 1 months,Duplicate Composite Key Record (Lower Resale Price),,,,
2016-08,KALLANG/WHAMPOA,5 ROOM,103,JLN RAJAH,07 TO 09,135.0,Model A,1984,700000.0,66.0,66,4,66 years 4 months,Duplicate Composite Key Record (Lower Resale Price),,,,
2012-04,BEDOK,5 ROOM,20,BEDOK STH RD,16 TO 20,117.0,Standard,1976,700000.0,,62,8,62 years 8 months,Duplicate Composite Key Record (Lower Resale Price),,,,
2012-08,QUEENSTOWN,5 ROOM,183,STIRLING RD,07 TO 09,115.0,Improved,2000,700000.0,,86,4,86 years 4 months,Duplicate Composite Key Record (Lower Resale Price),,,,
2014-05,PASIR RIS,EXECUTIVE,531,PASIR RIS DR 1,04 TO 06,148.0,Maisonette,1992,700000.0,,76,7,76 years 7 months,Duplicate Composite Key Record (Lower Resale Price),,,,
2015-11,KALLANG/WHAMPOA,4 ROOM,38D,BENDEMEER RD,19 TO 21,89.0,Model A,2012,695000.0,95.0,95,1,95 years 1 months,Duplicate Composite Key Record (Lower Resale Price),,,,
2014-05,QUEENSTOWN,4 ROOM,89,TANGLIN HALT RD,07 TO 09,90.0,Model A,2008,690000.0,,92,7,92 years 7 months,Duplicate Composite Key Record (Lower Resale Price),,,,
2014-08,TOA PAYOH,4 ROOM,79C,TOA PAYOH CTRL,07 TO 09,92.0,Model A,2009,690000.0,,93,4,93 years 4 months,Duplicate Composite Key Record (Lower Resale Price),,,,
2012-11,BUKIT BATOK,5 ROOM,110,BT BATOK WEST AVE 6,19 TO 21,132.0,Model A,1985,690000.0,,71,1,71 years 1 months,Duplicate Composite Key Record (Lower Resale Price),,,,
2013-11,TOA PAYOH,4 ROOM,79D,TOA PAYOH CTRL,04 TO 06,92.0,Model A,2009,688000.0,,94,1,94 years 1 months,Duplicate Composite Key Record (Lower Resale Price),,,,
2012-10,BUKIT BATOK,EXECUTIVE,288A,BT BATOK ST 25,01 TO 03,144.0,Apartment,1997,686000.0,,83,2,83 years 2 months,Duplicate Composite Key Record (Lower Resale Price),,,,
2016-05,KALLANG/WHAMPOA,4 ROOM,39A,BENDEMEER RD,16 TO 18,92.0,Model A,2012,685000.0,95.0,94,7,94 years 7 months,Duplicate Composite Key Record (Lower Resale Price),,,,
2012-05,CLEMENTI,4 ROOM,460,CLEMENTI AVE 3,11 TO 15,90.0,Model A,2002,685000.0,,88,7,88 years 7 months,Duplicate Composite Key Record (Lower Resale Price),,,,
2015-04,TAMPINES,5 ROOM,518D,TAMPINES CTRL 7,10 TO 12,109.0,DBSS,2008,682000.0,92.0,91,8,91 years 8 months,Duplicate Composite Key Record (Lower Resale Price),,,,
2012-03,TAMPINES,EXECUTIVE,147,TAMPINES AVE 5,01 TO 05,142.0,Apartment,1985,681000.0,,71,9,71 years 9 months,Duplicate Composite Key Record (Lower Resale Price),,,,
2015-07,QUEENSTOWN,4 ROOM,28B,DOVER CRES,22 TO 24,88.0,Model A,2012,680000.0,95.0,95,5,95 years 5 months,Duplicate Composite Key Record (Lower Resale Price),,,,
2013-05,SERANGOON,EXECUTIVE,527,SERANGOON NTH AVE 4,10 TO 12,146.0,Apartment,1992,680000.0,,77,7,77 years 7 months,Duplicate Composite Key Record (Lower Resale Price),,,,
2016-06,TAMPINES,EXECUTIVE,894,TAMPINES ST 81,07 TO 09,146.0,Maisonette,1989,680000.0,71.0,71,6,71 years 6 months,Duplicate Composite Key Record (Lower Resale Price),,,,
2013-04,SENGKANG,EXECUTIVE,202B,SENGKANG EAST RD,07 TO 09,130.0,Apartment,2001,679800.0,,86,8,86 years 8 months,Duplicate Composite Key Record (Lower Resale Price),,,,
2015-10,TAMPINES,EXECUTIVE,111,SIMEI ST 1,01 TO 03,146.0,Maisonette,1987,678000.0,71.0,70,2,70 years 2 months,Duplicate Composite Key Record (Lower Resale Price),,,,
2013-12,TOA PAYOH,4 ROOM,79D,TOA PAYOH CTRL,07 TO 09,91.0,Model A,2009,678000.0,,94,0,94 years 0 months,Duplicate Composite Key Record (Lower Resale Price),,,,
2014-06,TAMPINES,5 ROOM,515D,TAMPINES CTRL 7,10 TO 12,109.0,DBSS,2008,677777.0,,92,6,92 years 6 months,Duplicate Composite Key Record (Lower Resale Price),,,,
2016-07,BUKIT MERAH,5 ROOM,14,TELOK BLANGAH CRES,10 TO 12,119.0,Improved,1999,673000.0,82.0,81,5,81 years 5 months,Duplicate Composite Key Record (Lower Resale Price),,,,
2013-05,TOA PAYOH,4 ROOM,79B,TOA PAYOH CTRL,01 TO 03,92.0,Model A,2009,670000.0,,94,7,94 years 7 months,Duplicate Composite Key Record (Lower Resale Price),,,,
2012-03,ANG MO KIO,5 ROOM,350,ANG MO KIO ST 32,11 TO 15,110.0,Improved,2001,670000.0,,87,9,87 years 9 months,Duplicate Composite Key Record (Lower Resale Price),,,,
2012-08,PASIR RIS,EXECUTIVE,544,PASIR RIS ST 51,04 TO 06,144.0,Apartment,1992,668000.0,,78,4,78 years 4 months,Duplicate Composite Key Record (Lower Resale Price),,,,
2014-05,GEYLANG,4 ROOM,35,EUNOS CRES,16 TO 18,85.0,Model A,2006,668000.0,,90,7,90 years 7 months,Duplicate Composite Key Record (Lower Resale Price),,,,
2013-05,SERANGOON,EXECUTIVE,535,SERANGOON NTH AVE 4,04 TO 06,149.0,Apartment,1992,660000.0,,77,7,77 years 7 months,Duplicate Composite Key Record (Lower Resale Price),,,,
2012-08,BEDOK,5 ROOM,68,BEDOK STH AVE 3,04 TO 06,125.0,Standard,1977,655000.0,,63,4,63 years 4 months,Duplicate Composite Key Record (Lower Resale Price),,,,
2013-02,KALLANG/WHAMPOA,5 ROOM,115,WHAMPOA RD,01 TO 03,131.0,Model A,1994,651000.0,,79,10,79 years 10 months,Duplicate Composite Key Record (Lower Resale Price),,,,
2013-10,BISHAN,5 ROOM,138,BISHAN ST 12,01 TO 03,130.0,Improved,1987,650000.0,,72,2,72 years 2 months,Duplicate Composite Key Record (Lower Resale Price),,,,
2016-09,PASIR RIS,EXECUTIVE,466,PASIR RIS ST 41,04 TO 06,148.0,Maisonette,1992,650000.0,75.0,74,3,74 years 3 months,Duplicate Composite Key Record (Lower Resale Price),,,,
2012-10,BUKIT BATOK,EXECUTIVE,142,BT BATOK ST 11,04 TO 06,150.0,Maisonette,1984,650000.0,,70,2,70 years 2 months,Duplicate Composite Key Record (Lower Resale Price),,,,
2014-04,ANG MO KIO,5 ROOM,351,ANG MO KIO ST 32,01 TO 03,110.0,Improved,2001,645000.0,,85,8,85 years 8 months,Duplicate Composite Key Record (Lower Resale Price),,,,
2014-08,BEDOK,5 ROOM,181,BEDOK NTH RD,16 TO 18,110.0,Improved,2006,645000.0,,90,4,90 years 4 months,Duplicate Composite Key Record (Lower Resale Price),,,,
2015-10,BUKIT MERAH,3 ROOM,41,KIM CHENG ST,01 TO 03,88.0,Standard,1973,643000.0,56.0,56,2,56 years 2 months,Duplicate Composite Key Record (Lower Resale Price),,,,
2013-03,TAMPINES,EXECUTIVE,857,TAMPINES ST 83,01 TO 03,146.0,Maisonette,1988,642000.0,,73,9,73 years 9 months,Duplicate Composite Key Record (Lower Resale Price),,,,
2014-05,PASIR RIS,EXECUTIVE,715,PASIR RIS ST 72,04 TO 06,148.0,Apartment,1996,640000.0,,80,7,80 years 7 months,Duplicate Composite Key Record (Lower Resale Price),,,,
2015-05,GEYLANG,4 ROOM,49,JLN TIGA,07 TO 09,93.0,Model A,2005,638000.0,88.0,88,7,88 years 7 months,Duplicate Composite Key Record (Lower Resale Price),,,,
2012-12,TAMPINES,EXECUTIVE,429,TAMPINES ST 41,07 TO 09,148.0,Maisonette,1985,638000.0,,71,0,71 years 0 months,Duplicate Composite Key Record (Lower Resale Price),,,,
2014-05,JURONG EAST,5 ROOM,116,JURONG EAST ST 13,16 TO 18,120.0,Improved,1981,635000.0,,65,7,65 years 7 months,Duplicate Composite Key Record (Lower Resale Price),,,,
2013-04,JURONG WEST,EXECUTIVE,656B,JURONG WEST ST 61,07 TO 09,132.0,Apartment,2001,635000.0,,86,8,86 years 8 months,Duplicate Composite Key Record (Lower Resale Price),,,,
2012-03,BISHAN,5 ROOM,156,BISHAN ST 13,06 TO 10,121.0,Improved,1988,630000.0,,74,9,74 years 9 months,Duplicate Composite Key Record (Lower Resale Price),,,,
2016-03,BEDOK,5 ROOM,405,BEDOK NTH AVE 3,10 TO 12,118.0,Improved,1980,630000.0,63.0,62,9,62 years 9 months,Duplicate Composite Key Record (Lower Resale Price),,,,
2012-01,SENGKANG,EXECUTIVE,202B,SENGKANG EAST RD,13 TO 15,130.0,Apartment,2001,630000.0,,87,11,87 years 11 months,Duplicate Composite Key Record (Lower Resale Price),,,,
2015-08,BEDOK,5 ROOM,414,BEDOK NTH AVE 2,13 TO 15,119.0,Improved,1978,630000.0,62.0,61,4,61 years 4 months,Duplicate Composite Key Record (Lower Resale Price),,,,
2016-11,HOUGANG,5 ROOM,120,HOUGANG AVE 1,01 TO 03,133.0,Improved-Maisonette,1983,627000.0,65.0,65,1,65 years 1 months,Duplicate Composite Key Record (Lower Resale Price),,,,
2012-08,JURONG WEST,EXECUTIVE,472,JURONG WEST ST 41,01 TO 03,151.0,Maisonette,1985,625000.0,,71,4,71 years 4 months,Duplicate Composite Key Record (Lower Resale Price),,,,
2014-06,KALLANG/WHAMPOA,5 ROOM,53,GEYLANG BAHRU,22 TO 24,117.0,Standard,1974,625000.0,,58,6,58 years 6 months,Duplicate Composite Key Record (Lower Resale Price),,,,
2016-10,BEDOK,4 ROOM,183,BEDOK NTH RD,16 TO 18,92.0,Model A,2005,623000.0,88.0,87,2,87 years 2 months,Duplicate Composite Key Record (Lower Resale Price),,,,
2012-10,SENGKANG,EXECUTIVE,310A,ANCHORVALE RD,13 TO 15,126.0,Premium Apartment,2003,623000.0,,89,2,89 years 2 months,Duplicate Composite Key Record (Lower Resale Price),,,,
2012-12,SENGKANG,4 ROOM,275C,COMPASSVALE LINK,13 TO 15,90.0,Premium Apartment,2009,621000.0,,95,0,95 years 0 months,Duplicate Composite Key Record (Lower Resale Price),,,,
2013-01,PUNGGOL,5 ROOM,651,PUNGGOL CTRL,13 TO 15,110.0,Premium Apartment,2005,620000.0,,90,11,90 years 11 months,Duplicate Composite Key Record (Lower Resale Price),,,,
2014-04,BUKIT MERAH,4 ROOM,119C,KIM TIAN RD,07 TO 09,87.0,Model A,2003,620000.0,,87,8,87 years 8 months,Duplicate Composite Key Record (Lower Resale Price),,,,
2014-05,BEDOK,EXECUTIVE,661,JLN DAMAI,04 TO 06,145.0,Apartment,1996,620000.0,,80,7,80 years 7 months,Duplicate Composite Key Record (Lower Resale Price),,,,
2013-04,SENGKANG,4 ROOM,273C,COMPASSVALE LINK,13 TO 15,90.0,Premium Apartment,2009,620000.0,,94,8,94 years 8 months,Duplicate Composite Key Record (Lower Resale Price),,,,
2014-05,JURONG EAST,5 ROOM,230,JURONG EAST ST 21,16 TO 18,120.0,Improved,1981,620000.0,,65,7,65 years 7 months,Duplicate Composite Key Record (Lower Resale Price),,,,
2012-02,BUKIT BATOK,EXECUTIVE,218,BT BATOK ST 21,01 TO 03,156.0,Maisonette,1985,618000.0,,71,10,71 years 10 months,Duplicate Composite Key Record (Lower Resale Price),,,,
2016-08,TAMPINES,4 ROOM,168B,SIMEI LANE,10 TO 12,94.0,DBSS,2011,618000.0,93.0,93,4,93 years 4 months,Duplicate Composite Key Record (Lower Resale Price),,,,
2014-06,BUKIT MERAH,3 ROOM,45,KIM CHENG ST,04 TO 06,88.0,Standard,1973,618000.0,,57,6,57 years 6 months,Duplicate Composite Key Record (Lower Resale Price),,,,
2014-08,KALLANG/WHAMPOA,4 ROOM,11,FARRER PK RD,07 TO 09,90.0,Model A,2004,615000.0,,88,4,88 years 4 months,Duplicate Composite Key Record (Lower Resale Price),,,,
2014-05,BEDOK,5 ROOM,516,BEDOK NTH AVE 2,10 TO 12,119.0,Improved,1979,615000.0,,63,7,63 years 7 months,Duplicate Composite Key Record (Lower Resale Price),,,,
2015-06,BUKIT BATOK,EXECUTIVE,542,BT BATOK ST 52,07 TO 09,146.0,Maisonette,1986,615000.0,70.0,69,6,69 years 6 months,Duplicate Composite Key Record (Lower Resale Price),,,,
2015-04,HOUGANG,EXECUTIVE,705,HOUGANG AVE 2,10 TO 12,148.0,Maisonette,1986,615000.0,70.0,69,8,69 years 8 months,Duplicate Composite Key Record (Lower Resale Price),,,,
2016-06,TOA PAYOH,4 ROOM,84B,LOR 2 TOA PAYOH,04 TO 06,105.0,Model A,1997,613000.0,79.0,79,6,79 years 6 months,Duplicate Composite Key Record (Lower Resale Price),,,,
2014-05,ANG MO KIO,4 ROOM,596C,ANG MO KIO ST 52,19 TO 21,91.0,Model A,2002,613000.0,,86,7,86 years 7 months,Duplicate Composite Key Record (Lower Resale Price),,,,
2014-06,ANG MO KIO,5 ROOM,551,ANG MO KIO AVE 10,19 TO 21,118.0,Improved,1981,610000.0,,65,6,65 years 6 months,Duplicate Composite Key Record (Lower Resale Price),,,,
2012-08,BUKIT BATOK,5 ROOM,117,BT BATOK WEST AVE 6,10 TO 12,132.0,Model A,1985,610000.0,,71,4,71 years 4 months,Duplicate Composite Key Record (Lower Resale Price),,,,
2012-05,SENGKANG,EXECUTIVE,310B,ANCHORVALE RD,16 TO 20,126.0,Premium Apartment,2003,610000.0,,89,7,89 years 7 months,Duplicate Composite Key Record (Lower Resale Price),,,,
2015-06,KALLANG/WHAMPOA,4 ROOM,107,TOWNER RD,13 TO 15,105.0,Model A,1983,610000.0,66.0,66,6,66 years 6 months,Duplicate Composite Key Record (Lower Resale Price),,,,
2012-10,YISHUN,EXECUTIVE,877,YISHUN ST 81,01 TO 03,142.0,Apartment,1987,607000.0,,73,2,73 years 2 months,Duplicate Composite Key Record (Lower Resale Price),,,,
2014-04,QUEENSTOWN,4 ROOM,43,TANGLIN HALT RD,04 TO 06,129.0,Adjoined flat,1971,605000.0,,55,8,55 years 8 months,Duplicate Composite Key Record (Lower Resale Price),,,,
2014-04,WOODLANDS,EXECUTIVE,636,WOODLANDS RING RD,10 TO 12,141.0,Apartment,1999,602000.0,,83,8,83 years 8 months,Duplicate Composite Key Record (Lower Resale Price),,,,
2013-10,SENGKANG,4 ROOM,270A,SENGKANG CTRL,13 TO 15,93.0,Premium Apartment,2010,600000.0,,95,2,95 years 2 months,Duplicate Composite Key Record (Lower Resale Price),,,,
2014-05,PASIR RIS,EXECUTIVE,457,PASIR RIS DR 4,04 TO 06,142.0,Apartment,1992,600000.0,,76,7,76 years 7 months,Duplicate Composite Key Record (Lower Resale Price),,,,
2012-10,PUNGGOL,EXECUTIVE,116,EDGEFIELD PLAINS,04 TO 06,130.0,Premium Apartment,2003,599000.0,,89,2,89 years 2 months,Duplicate Composite Key Record (Lower Resale Price),,,,
2012-09,CHOA CHU KANG,5 ROOM,633,CHOA CHU KANG NTH 6,13 TO 15,127.0,Premium Apartment,1998,598000.0,,84,3,84 years 3 months,Duplicate Composite Key Record (Lower Resale Price),,,,
2016-08,BEDOK,4 ROOM,220A,BEDOK CTRL,04 TO 06,97.0,Model A,2010,598000.0,92.0,92,4,92 years 4 months,Duplicate Composite Key Record (Lower Resale Price),,,,
2013-06,SENGKANG,EXECUTIVE,302C,ANCHORVALE LINK,01 TO 03,130.0,Apartment,2001,598000.0,,86,6,86 years 6 months,Duplicate Composite Key Record (Lower Resale Price),,,,
2013-04,SENGKANG,4 ROOM,272A,SENGKANG CTRL,07 TO 09,90.0,Premium Apartment,2009,598000.0,,94,8,94 years 8 months,Duplicate Composite Key Record (Lower Resale Price),,,,
2012-05,GEYLANG,EXECUTIVE,334,UBI AVE 1,01 TO 05,146.0,Maisonette,1986,595000.0,,72,7,72 years 7 months,Duplicate Composite Key Record (Lower Resale Price),,,,
2015-10,CLEMENTI,5 ROOM,605,CLEMENTI WEST ST 1,19 TO 21,119.0,Improved,1979,595000.0,63.0,62,2,62 years 2 months,Duplicate Composite Key Record (Lower Resale Price),,,,
2012-06,SENGKANG,EXECUTIVE,306B,ANCHORVALE LINK,13 TO 15,128.0,Apartment,2001,595000.0,,87,6,87 years 6 months,Duplicate Composite Key Record (Lower Resale Price),,,,
2015-12,KALLANG/WHAMPOA,5 ROOM,17,JLN TENTERAM,16 TO 18,105.0,Improved,2001,594000.0,84.0,84,0,84 years 0 months,Duplicate Composite Key Record (Lower Resale Price),,,,
2012-07,JURONG WEST,EXECUTIVE,629,JURONG WEST ST 65,13 TO 15,130.0,Apartment,2001,593000.0,,87,5,87 years 5 months,Duplicate Composite Key Record (Lower Resale Price),,,,
2015-06,ANG MO KIO,4 ROOM,344,ANG MO KIO AVE 3,07 TO 09,98.0,New Generation,1978,590000.0,61.0,61,6,61 years 6 months,Duplicate Composite Key Record (Lower Resale Price),,,,
2014-05,WOODLANDS,EXECUTIVE,788B,WOODLANDS CRES,04 TO 06,141.0,Maisonette,1999,590000.0,,83,7,83 years 7 months,Duplicate Composite Key Record (Lower Resale Price),,,,
2015-04,SENGKANG,EXECUTIVE,302D,ANCHORVALE LINK,10 TO 12,130.0,Apartment,2001,590000.0,85.0,84,8,84 years 8 months,Duplicate Composite Key Record (Lower Resale Price),,,,
2014-05,GEYLANG,4 ROOM,1,PINE CL,07 TO 09,95.0,Model A,2000,590000.0,,84,7,84 years 7 months,Duplicate Composite Key Record (Lower Resale Price),,,,
2012-03,ANG MO KIO,5 ROOM,716,ANG MO KIO AVE 6,06 TO 10,119.0,Improved,1980,590000.0,,66,9,66 years 9 months,Duplicate Composite Key Record (Lower Resale Price),,,,
2013-07,SENGKANG,4 ROOM,272C,SENGKANG CTRL,10 TO 12,90.0,Premium Apartment,2009,590000.0,,94,5,94 years 5 months,Duplicate Composite Key Record (Lower Resale Price),,,,
2014-09,KALLANG/WHAMPOA,4 ROOM,2D,UPP BOON KENG RD,01 TO 03,90.0,Model A,2006,588000.0,,90,3,90 years 3 months,Duplicate Composite Key Record (Lower Resale Price),,,,
2012-04,PUNGGOL,5 ROOM,652,PUNGGOL CTRL,11 TO 15,110.0,Premium Apartment,2005,588000.0,,91,8,91 years 8 months,Duplicate Composite Key Record (Lower Resale Price),,,,
2012-08,SENGKANG,4 ROOM,275A,COMPASSVALE LINK,10 TO 12,90.0,Premium Apartment,2009,587888.0,,95,4,95 years 4 months,Duplicate Composite Key Record (Lower Resale Price),,,,
2012-11,HOUGANG,EXECUTIVE,960,HOUGANG AVE 9,04 TO 06,137.0,Apartment,1999,585000.0,,85,1,85 years 1 months,Duplicate Composite Key Record (Lower Resale Price),,,,
2012-06,WOODLANDS,EXECUTIVE,788D,WOODLANDS CRES,10 TO 12,143.0,Maisonette,1999,585000.0,,85,6,85 years 6 months,Duplicate Composite Key Record (Lower Resale Price),,,,
2016-05,TOA PAYOH,4 ROOM,79B,TOA PAYOH CTRL,04 TO 06,91.0,Model A,2009,585000.0,91.0,91,7,91 years 7 months,Duplicate Composite Key Record (Lower Resale Price),,,,
2012-08,SENGKANG,4 ROOM,275A,COMPASSVALE LINK,07 TO 09,90.0,Premium Apartment,2009,583000.0,,95,4,95 years 4 months,Duplicate Composite Key Record (Lower Resale Price),,,,
2012-08,SENGKANG,4 ROOM,275A,COMPASSVALE LINK,13 TO 15,90.0,Premium Apartment,2009,580000.0,,95,4,95 years 4 months,Duplicate Composite Key Record (Lower Resale Price),,,,
2013-02,SENGKANG,4 ROOM,273D,COMPASSVALE LINK,04 TO 06,90.0,Premium Apartment,2009,580000.0,,94,10,94 years 10 months,Duplicate Composite Key Record (Lower Resale Price),,,,
2016-05,BISHAN,4 ROOM,267,BISHAN ST 24,07 TO 09,104.0,Model A,1992,580000.0,75.0,74,7,74 years 7 months,Duplicate Composite Key Record (Lower Resale Price),,,,
2012-04,JURONG WEST,EXECUTIVE,630,JURONG WEST ST 65,06 TO 10,130.0,Apartment,2001,580000.0,,87,8,87 years 8 months,Duplicate Composite Key Record (Lower Resale Price),,,,
2013-08,SENGKANG,EXECUTIVE,298D,COMPASSVALE ST,01 TO 03,134.0,Premium Apartment,2001,580000.0,,86,4,86 years 4 months,Duplicate Composite Key Record (Lower Resale Price),,,,
2013-01,SENGKANG,EXECUTIVE,122B,SENGKANG EAST WAY,01 TO 03,129.0,Apartment,2000,580000.0,,85,11,85 years 11 months,Duplicate Composite Key Record (Lower Resale Price),,,,
2014-10,BUKIT MERAH,4 ROOM,114,BT PURMEI RD,10 TO 12,106.0,Model A,1985,580000.0,,69,2,69 years 2 months,Duplicate Composite Key Record (Lower Resale Price),,,,
2014-04,ANG MO KIO,4 ROOM,316A,ANG MO KIO ST 31,10 TO 12,95.0,Model A,2006,580000.0,,90,8,90 years 8 months,Duplicate Composite Key Record (Lower Resale Price),,,,
2013-05,JURONG EAST,5 ROOM,278,TOH GUAN RD,01 TO 03,121.0,Improved,1998,578600.0,,83,7,83 years 7 months,Duplicate Composite Key Record (Lower Resale Price),,,,
2012-07,SENGKANG,4 ROOM,265B,COMPASSVALE LINK,16 TO 18,92.0,Premium Apartment,2008,578000.0,,94,5,94 years 5 months,Duplicate Composite Key Record (Lower Resale Price),,,,
2014-05,TAMPINES,5 ROOM,859,TAMPINES AVE 5,07 TO 09,127.0,Improved,1988,578000.0,,72,7,72 years 7 months,Duplicate Composite Key Record (Lower Resale Price),,,,
2013-06,SENGKANG,4 ROOM,272A,SENGKANG CTRL,07 TO 09,90.0,Premium Apartment,2009,578000.0,,94,6,94 years 6 months,Duplicate Composite Key Record (Lower Resale Price),,,,
2015-08,BEDOK,5 ROOM,417,BEDOK NTH AVE 2,01 TO 03,119.0,Improved,1978,578000.0,62.0,61,4,61 years 4 months,Duplicate Composite Key Record (Lower Resale Price),,,,
2013-10,SENGKANG,4 ROOM,277C,COMPASSVALE LINK,07 TO 09,90.0,Premium Apartment,2009,577000.0,,94,2,94 years 2 months,Duplicate Composite Key Record (Lower Resale Price),,,,
2014-05,BEDOK,5 ROOM,645,JLN TENAGA,07 TO 09,122.0,Improved,1993,575000.0,,77,7,77 years 7 months,Duplicate Composite Key Record (Lower Resale Price),,,,
2015-05,PASIR RIS,EXECUTIVE,129,PASIR RIS ST 11,04 TO 06,146.0,Maisonette,1988,575000.0,72.0,71,7,71 years 7 months,Duplicate Composite Key Record (Lower Resale Price),,,,
2016-05,SENGKANG,EXECUTIVE,302C,ANCHORVALE LINK,13 TO 15,130.0,Apartment,2001,573000.0,84.0,83,7,83 years 7 months,Duplicate Composite Key Record (Lower Resale Price),,,,
2013-10,SENGKANG,4 ROOM,277A,COMPASSVALE LINK,04 TO 06,92.0,Premium Apartment,2009,573000.0,,94,2,94 years 2 months,Duplicate Composite Key Record (Lower Resale Price),,,,
2014-10,BEDOK,5 ROOM,762,BEDOK RESERVOIR VIEW,13 TO 15,115.0,Premium Apartment,2000,572000.0,,84,2,84 years 2 months,Duplicate Composite Key Record (Lower Resale Price),,,,
2014-03,SENGKANG,5 ROOM,325A,SENGKANG EAST WAY,13 TO 15,110.0,Improved,2003,570000.0,,87,9,87 years 9 months,Duplicate Composite Key Record (Lower Resale Price),,,,
2013-03,SENGKANG,4 ROOM,273D,COMPASSVALE LINK,04 TO 06,90.0,Premium Apartment,2009,570000.0,,94,9,94 years 9 months,Duplicate Composite Key Record (Lower Resale Price),,,,
2016-09,TAMPINES,EXECUTIVE,737,TAMPINES ST 72,01 TO 03,140.0,Apartment,1997,570000.0,80.0,79,3,79 years 3 months,Duplicate Composite Key Record (Lower Resale Price),,,,
2014-03,SENGKANG,5 ROOM,260D,SENGKANG EAST WAY,10 TO 12,110.0,Improved,2001,568000.0,,85,9,85 years 9 months,Duplicate Composite Key Record (Lower Resale Price),,,,
2014-05,BEDOK,4 ROOM,180,BEDOK NTH RD,19 TO 21,92.0,Model A,2006,568000.0,,90,7,90 years 7 months,Duplicate Composite Key Record (Lower Resale Price),,,,
2014-05,TAMPINES,5 ROOM,703,TAMPINES ST 71,10 TO 12,119.0,Improved,1997,566800.0,,81,7,81 years 7 months,Duplicate Composite Key Record (Lower Resale Price),,,,
2012-04,SENGKANG,4 ROOM,264F,COMPASSVALE BOW,11 TO 15,92.0,Premium Apartment,2008,565000.0,,94,8,94 years 8 months,Duplicate Composite Key Record (Lower Resale Price),,,,
2013-10,SENGKANG,4 ROOM,271B,SENGKANG CTRL,07 TO 09,93.0,Premium Apartment,2010,565000.0,,95,2,95 years 2 months,Duplicate Composite Key Record (Lower Resale Price),,,,
2014-12,BUKIT PANJANG,5 ROOM,166,GANGSA RD,13 TO 15,121.0,Improved,1998,565000.0,,82,0,82 years 0 months,Duplicate Composite Key Record (Lower Resale Price),,,,
2014-04,SENGKANG,4 ROOM,272C,SENGKANG CTRL,13 TO 15,90.0,Premium Apartment,2009,565000.0,,93,8,93 years 8 months,Duplicate Composite Key Record (Lower Resale Price),,,,
2013-04,SENGKANG,5 ROOM,258C,COMPASSVALE RD,04 TO 06,110.0,Improved,2001,565000.0,,86,8,86 years 8 months,Duplicate Composite Key Record (Lower Resale Price),,,,
2012-08,SENGKANG,5 ROOM,314B,ANCHORVALE LINK,13 TO 15,110.0,Premium Apartment,2003,561888.0,,89,4,89 years 4 months,Duplicate Composite Key Record (Lower Resale Price),,,,
2012-12,SEMBAWANG,5 ROOM,353B,ADMIRALTY DR,13 TO 15,113.0,Improved,2002,561000.0,,88,0,88 years 0 months,Duplicate Composite Key Record (Lower Resale Price),,,,
2014-05,SERANGOON,4 ROOM,408,SERANGOON AVE 1,01 TO 03,111.0,Model A,1989,560000.0,,73,7,73 years 7 months,Duplicate Composite Key Record (Lower Resale Price),,,,
2012-08,SEMBAWANG,EXECUTIVE,503A,CANBERRA LINK,07 TO 09,130.0,Apartment,2001,560000.0,,87,4,87 years 4 months,Duplicate Composite Key Record (Lower Resale Price),,,,
2016-04,PUNGGOL,EXECUTIVE,118,EDGEFIELD PLAINS,13 TO 15,130.0,Premium Apartment,2003,560000.0,86.0,85,8,85 years 8 months,Duplicate Composite Key Record (Lower Resale Price),,,,
2015-03,SENGKANG,5 ROOM,268A,COMPASSVALE LINK,10 TO 12,111.0,Premium Apartment,2006,558000.0,89.0,89,9,89 years 9 months,Duplicate Composite Key Record (Lower Resale Price),,,,
2014-11,BUKIT PANJANG,5 ROOM,152,GANGSA RD,13 TO 15,121.0,Improved,1998,555000.0,,82,1,82 years 1 months,Duplicate Composite Key Record (Lower Resale Price),,,,
2014-05,TAMPINES,5 ROOM,723,TAMPINES ST 72,04 TO 06,119.0,Improved,1997,555000.0,,81,7,81 years 7 months,Duplicate Composite Key Record (Lower Resale Price),,,,
2013-06,TOA PAYOH,4 ROOM,144,POTONG PASIR AVE 2,01 TO 03,111.0,Model A,1984,555000.0,,69,6,69 years 6 months,Duplicate Composite Key Record (Lower Resale Price),,,,
2013-01,SEMBAWANG,EXECUTIVE,423,CANBERRA RD,07 TO 09,130.0,Apartment,2001,553888.0,,86,11,86 years 11 months,Duplicate Composite Key Record (Lower Resale Price),,,,
2014-02,SENGKANG,4 ROOM,273C,COMPASSVALE LINK,10 TO 12,90.0,Premium Apartment,2009,553000.0,,93,10,93 years 10 months,Duplicate Composite Key Record (Lower Resale Price),,,,
2012-09,BEDOK,5 ROOM,652,JLN TENAGA,01 TO 03,128.0,Improved,1996,550000.0,,82,3,82 years 3 months,Duplicate Composite Key Record (Lower Resale Price),,,,
2012-11,TAMPINES,4 ROOM,116,SIMEI ST 1,07 TO 09,104.0,Model A,1988,550000.0,,74,1,74 years 1 months,Duplicate Composite Key Record (Lower Resale Price),,,,
2014-04,SENGKANG,4 ROOM,272D,SENGKANG CTRL,13 TO 15,90.0,Premium Apartment,2009,550000.0,,93,8,93 years 8 months,Duplicate Composite Key Record (Lower Resale Price),,,,
2014-05,SENGKANG,5 ROOM,258A,COMPASSVALE RD,07 TO 09,110.0,Improved,2001,550000.0,,85,7,85 years 7 months,Duplicate Composite Key Record (Lower Resale Price),,,,
2016-01,BEDOK,4 ROOM,183,BEDOK NTH RD,07 TO 09,92.0,Model A,2005,550000.0,88.0,87,11,87 years 11 months,Duplicate Composite Key Record (Lower Resale Price),,,,
2012-05,HOUGANG,4 ROOM,220,HOUGANG ST 21,11 TO 15,104.0,Model A,1992,550000.0,,78,7,78 years 7 months,Duplicate Composite Key Record (Lower Resale Price),,,,
2014-05,GEYLANG,5 ROOM,22,EUNOS CRES,10 TO 12,123.0,Standard,1977,550000.0,,61,7,61 years 7 months,Duplicate Composite Key Record (Lower Resale Price),,,,
2012-07,SENGKANG,4 ROOM,266C,COMPASSVALE BOW,04 TO 06,92.0,Premium Apartment,2007,548000.0,,93,5,93 years 5 months,Duplicate Composite Key Record (Lower Resale Price),,,,
2015-08,BEDOK,5 ROOM,99,BEDOK NTH AVE 4,16 TO 18,123.0,Standard,1978,547500.0,62.0,61,4,61 years 4 months,Duplicate Composite Key Record (Lower Resale Price),,,,
2012-08,SENGKANG,5 ROOM,258D,COMPASSVALE RD,04 TO 06,110.0,Improved,2001,547000.0,,87,4,87 years 4 months,Duplicate Composite Key Record (Lower Resale Price),,,,
2013-04,SENGKANG,4 ROOM,436B,FERNVALE RD,19 TO 21,96.0,Model A,2010,547000.0,,95,8,95 years 8 months,Duplicate Composite Key Record (Lower Resale Price),,,,
2012-05,WOODLANDS,EXECUTIVE,646,WOODLANDS RING RD,01 TO 05,144.0,Maisonette,1998,545000.0,,84,7,84 years 7 months,Duplicate Composite Key Record (Lower Resale Price),,,,
2012-06,YISHUN,EXECUTIVE,359,YISHUN RING RD,04 TO 06,142.0,Apartment,1988,545000.0,,74,6,74 years 6 months,Duplicate Composite Key Record (Lower Resale Price),,,,
2014-05,MARINE PARADE,4 ROOM,18,MARINE TER,04 TO 06,88.0,Improved,1975,545000.0,,59,7,59 years 7 months,Duplicate Composite Key Record (Lower Resale Price),,,,
2013-01,PUNGGOL,5 ROOM,175A,PUNGGOL FIELD,10 TO 12,110.0,Improved,2003,545000.0,,88,11,88 years 11 months,Duplicate Composite Key Record (Lower Resale Price),,,,
2013-07,PUNGGOL,5 ROOM,178,EDGEFIELD PLAINS,13 TO 15,110.0,Premium Apartment,2003,545000.0,,88,5,88 years 5 months,Duplicate Composite Key Record (Lower Resale Price),,,,
2013-07,JURONG WEST,5 ROOM,661C,JURONG WEST ST 64,07 TO 09,110.0,Improved,2001,545000.0,,86,5,86 years 5 months,Duplicate Composite Key Record (Lower Resale Price),,,,
2014-05,PUNGGOL,5 ROOM,293,PUNGGOL CTRL,07 TO 09,110.0,Premium Apartment,2003,543000.0,,87,7,87 years 7 months,Duplicate Composite Key Record (Lower Resale Price),,,,
2014-02,HOUGANG,5 ROOM,699,HOUGANG ST 52,13 TO 15,120.0,Improved,1999,543000.0,,83,10,83 years 10 months,Duplicate Composite Key Record (Lower Resale Price),,,,
2012-07,ANG MO KIO,5 ROOM,642,ANG MO KIO AVE 5,01 TO 03,121.0,Improved,1980,543000.0,,66,5,66 years 5 months,Duplicate Composite Key Record (Lower Resale Price),,,,
2012-11,KALLANG/WHAMPOA,4 ROOM,112,MCNAIR RD,01 TO 03,104.0,Model A,1987,542500.0,,73,1,73 years 1 months,Duplicate Composite Key Record (Lower Resale Price),,,,
2014-02,PUNGGOL,5 ROOM,101B,PUNGGOL FIELD,16 TO 18,110.0,Improved,2002,540888.0,,86,10,86 years 10 months,Duplicate Composite Key Record (Lower Resale Price),,,,
2013-11,BUKIT MERAH,3 ROOM,26D,JLN MEMBINA,13 TO 15,60.0,Model A,2009,540000.0,,94,1,94 years 1 months,Duplicate Composite Key Record (Lower Resale Price),,,,
2014-08,BEDOK,5 ROOM,715,BEDOK RESERVOIR RD,10 TO 12,121.0,Improved,1980,540000.0,,64,4,64 years 4 months,Duplicate Composite Key Record (Lower Resale Price),,,,
2015-05,CLEMENTI,4 ROOM,358,CLEMENTI AVE 2,07 TO 09,92.0,New Generation,1978,540000.0,61.0,61,7,61 years 7 months,Duplicate Composite Key Record (Lower Resale Price),,,,
2016-06,SENGKANG,4 ROOM,273D,COMPASSVALE LINK,13 TO 15,90.0,Premium Apartment,2009,540000.0,92.0,91,6,91 years 6 months,Duplicate Composite Key Record (Lower Resale Price),,,,
2015-11,SENGKANG,5 ROOM,268D,COMPASSVALE LINK,10 TO 12,111.0,Premium Apartment,2006,538000.0,89.0,89,1,89 years 1 months,Duplicate Composite Key Record (Lower Resale Price),,,,
2012-03,ANG MO KIO,5 ROOM,648,ANG MO KIO AVE 5,01 TO 05,121.0,Improved,1980,538000.0,,66,9,66 years 9 months,Duplicate Composite Key Record (Lower Resale Price),,,,
2012-11,PUNGGOL,4 ROOM,167B,PUNGGOL EAST,13 TO 15,92.0,Premium Apartment,2009,538000.0,,95,1,95 years 1 months,Duplicate Composite Key Record (Lower Resale Price),,,,
2015-01,SENGKANG,4 ROOM,273C,COMPASSVALE LINK,13 TO 15,90.0,Premium Apartment,2009,538000.0,93.0,92,11,92 years 11 months,Duplicate Composite Key Record (Lower Resale Price),,,,
2012-10,JURONG WEST,5 ROOM,654C,JURONG WEST ST 61,13 TO 15,110.0,Improved,2002,537000.0,,88,2,88 years 2 months,Duplicate Composite Key Record (Lower Resale Price),,,,
2013-03,PUNGGOL,4 ROOM,167A,PUNGGOL EAST,16 TO 18,92.0,Premium Apartment,2009,535000.0,,94,9,94 years 9 months,Duplicate Composite Key Record (Lower Resale Price),,,,
2014-04,BEDOK,5 ROOM,63,CHAI CHEE RD,07 TO 09,133.0,Model A,1984,535000.0,,68,8,68 years 8 months,Duplicate Composite Key Record (Lower Resale Price),,,,
2012-07,MARINE PARADE,4 ROOM,54,MARINE TER,10 TO 12,88.0,Improved,1975,535000.0,,61,5,61 years 5 months,Duplicate Composite Key Record (Lower Resale Price),,,,
2012-08,SENGKANG,5 ROOM,313B,ANCHORVALE RD,04 TO 06,110.0,Premium Apartment,2003,535000.0,,89,4,89 years 4 months,Duplicate Composite Key Record (Lower Resale Price),,,,
2013-04,SENGKANG,4 ROOM,436A,FERNVALE RD,19 TO 21,96.0,Model A,2010,535000.0,,95,8,95 years 8 months,Duplicate Composite Key Record (Lower Resale Price),,,,
2013-03,SENGKANG,5 ROOM,255,COMPASSVALE RD,13 TO 15,116.0,Improved,2000,535000.0,,85,9,85 years 9 months,Duplicate Composite Key Record (Lower Resale Price),,,,
2013-01,WOODLANDS,EXECUTIVE,520,WOODLANDS DR 14,01 TO 03,141.0,Premium Apartment,2000,534000.0,,85,11,85 years 11 months,Duplicate Composite Key Record (Lower Resale Price),,,,
2012-02,SENGKANG,4 ROOM,264F,COMPASSVALE BOW,07 TO 09,92.0,Premium Apartment,2008,533000.0,,94,10,94 years 10 months,Duplicate Composite Key Record (Lower Resale Price),,,,
2013-01,TAMPINES,5 ROOM,489C,TAMPINES ST 45,10 TO 12,121.0,Improved,1989,533000.0,,74,11,74 years 11 months,Duplicate Composite Key Record (Lower Resale Price),,,,
2012-06,PUNGGOL,5 ROOM,105A,EDGEFIELD PLAINS,07 TO 09,110.0,Improved,2003,533000.0,,89,6,89 years 6 months,Duplicate Composite Key Record (Lower Resale Price),,,,
2012-11,JURONG WEST,5 ROOM,661B,JURONG WEST ST 64,10 TO 12,110.0,Improved,2001,532000.0,,87,1,87 years 1 months,Duplicate Composite Key Record (Lower Resale Price),,,,
2012-11,PASIR RIS,5 ROOM,725,PASIR RIS ST 72,07 TO 09,127.0,Improved,1996,530000.0,,82,1,82 years 1 months,Duplicate Composite Key Record (Lower Resale Price),,,,
2014-06,SENGKANG,4 ROOM,270A,SENGKANG CTRL,13 TO 15,93.0,Premium Apartment,2010,530000.0,,94,6,94 years 6 months,Duplicate Composite Key Record (Lower Resale Price),,,,
2013-07,JURONG WEST,5 ROOM,182,YUNG SHENG RD,07 TO 09,116.0,Improved,2001,530000.0,,86,5,86 years 5 months,Duplicate Composite Key Record (Lower Resale Price),,,,
2014-03,PASIR RIS,5 ROOM,762,PASIR RIS ST 71,01 TO 03,127.0,Improved,1996,530000.0,,80,9,80 years 9 months,Duplicate Composite Key Record (Lower Resale Price),,,,
2012-12,JURONG WEST,EXECUTIVE,274B,JURONG WEST ST 25,04 TO 06,126.0,Apartment,2002,530000.0,,88,0,88 years 0 months,Duplicate Composite Key Record (Lower Resale Price),,,,
2013-04,KALLANG/WHAMPOA,4 ROOM,52,KENT RD,07 TO 09,91.0,New Generation,1982,530000.0,,67,8,67 years 8 months,Duplicate Composite Key Record (Lower Resale Price),,,,
2014-05,JURONG WEST,5 ROOM,987B,JURONG WEST ST 93,13 TO 15,110.0,Premium Apartment,2008,530000.0,,92,7,92 years 7 months,Duplicate Composite Key Record (Lower Resale Price),,,,
2015-06,BISHAN,4 ROOM,267,BISHAN ST 24,04 TO 06,104.0,Model A,1992,530000.0,76.0,75,6,75 years 6 months,Duplicate Composite Key Record (Lower Resale Price),,,,
2012-05,PUNGGOL,5 ROOM,193,EDGEFIELD PLAINS,06 TO 10,112.0,Premium Apartment,2003,528000.0,,89,7,89 years 7 months,Duplicate Composite Key Record (Lower Resale Price),,,,
2014-06,TAMPINES,5 ROOM,723,TAMPINES ST 72,07 TO 09,120.0,Improved,1997,528000.0,,81,6,81 years 6 months,Duplicate Composite Key Record (Lower Resale Price),,,,
2012-07,JURONG EAST,5 ROOM,328,JURONG EAST ST 31,07 TO 09,135.0,Model A,1984,527000.0,,70,5,70 years 5 months,Duplicate Composite Key Record (Lower Resale Price),,,,
2012-04,SENGKANG,5 ROOM,319A,ANCHORVALE DR,06 TO 10,110.0,Improved,2002,525000.0,,88,8,88 years 8 months,Duplicate Composite Key Record (Lower Resale Price),,,,
2013-04,BUKIT MERAH,3 ROOM,26D,JLN MEMBINA,13 TO 15,60.0,Model A,2009,525000.0,,94,8,94 years 8 months,Duplicate Composite Key Record (Lower Resale Price),,,,
2012-06,PUNGGOL,5 ROOM,106D,PUNGGOL FIELD,07 TO 09,110.0,Improved,2003,524000.0,,89,6,89 years 6 months,Duplicate Composite Key Record (Lower Resale Price),,,,
2012-02,TAMPINES,5 ROOM,494C,TAMPINES ST 43,10 TO 12,125.0,Improved,1993,523000.0,,79,10,79 years 10 months,Duplicate Composite Key Record (Lower Resale Price),,,,
2016-03,PASIR RIS,EXECUTIVE,271,PASIR RIS ST 21,01 TO 03,146.0,Apartment,1994,522000.0,77.0,76,9,76 years 9 months,Duplicate Composite Key Record (Lower Resale Price),,,,
2012-05,JURONG WEST,5 ROOM,664D,JURONG WEST ST 64,11 TO 15,110.0,Improved,2000,522000.0,,86,7,86 years 7 months,Duplicate Composite Key Record (Lower Resale Price),,,,
2012-11,SEMBAWANG,EXECUTIVE,467,ADMIRALTY DR,13 TO 15,137.0,Premium Apartment,2001,520888.0,,87,1,87 years 1 months,Duplicate Composite Key Record (Lower Resale Price),,,,
2013-06,JURONG WEST,5 ROOM,663B,JURONG WEST ST 65,07 TO 09,110.0,Improved,2000,520000.0,,85,6,85 years 6 months,Duplicate Composite Key Record (Lower Resale Price),,,,
2014-06,CLEMENTI,4 ROOM,350,CLEMENTI AVE 2,04 TO 06,92.0,New Generation,1978,520000.0,,62,6,62 years 6 months,Duplicate Composite Key Record (Lower Resale Price),,,,
2014-08,CLEMENTI,4 ROOM,347,CLEMENTI AVE 5,10 TO 12,92.0,New Generation,1979,520000.0,,63,4,63 years 4 months,Duplicate Composite Key Record (Lower Resale Price),,,,
2015-11,TAMPINES,5 ROOM,723,TAMPINES ST 72,04 TO 06,120.0,Improved,1997,520000.0,80.0,80,1,80 years 1 months,Duplicate Composite Key Record (Lower Resale Price),,,,
2013-04,PUNGGOL,5 ROOM,196B,PUNGGOL FIELD,01 TO 03,110.0,Improved,2003,520000.0,,88,8,88 years 8 months,Duplicate Composite Key Record (Lower Resale Price),,,,
2013-01,JURONG WEST,5 ROOM,675A,JURONG WEST ST 64,04 TO 06,110.0,Premium Apartment,2008,518338.0,,93,11,93 years 11 months,Duplicate Composite Key Record (Lower Resale Price),,,,
2013-01,PUNGGOL,4 ROOM,168A,PUNGGOL EAST,07 TO 09,92.0,Premium Apartment,2009,518000.0,,94,11,94 years 11 months,Duplicate Composite Key Record (Lower Resale Price),,,,
2012-07,PUNGGOL,5 ROOM,176A,EDGEFIELD PLAINS,01 TO 03,110.0,Improved,2003,518000.0,,89,5,89 years 5 months,Duplicate Composite Key Record (Lower Resale Price),,,,
2013-04,GEYLANG,4 ROOM,10,EUNOS CRES,10 TO 12,91.0,New Generation,1978,518000.0,,63,8,63 years 8 months,Duplicate Composite Key Record (Lower Resale Price),,,,
2013-06,PUNGGOL,4 ROOM,195D,PUNGGOL RD,10 TO 12,90.0,Premium Apartment,2007,517000.0,,92,6,92 years 6 months,Duplicate Composite Key Record (Lower Resale Price),,,,
2012-09,PUNGGOL,5 ROOM,172B,EDGEDALE PLAINS,04 TO 06,110.0,Improved,2004,517000.0,,90,3,90 years 3 months,Duplicate Composite Key Record (Lower Resale Price),,,,
2012-12,JURONG WEST,EXECUTIVE,274C,JURONG WEST ST 25,07 TO 09,126.0,Apartment,2002,516000.0,,88,0,88 years 0 months,Duplicate Composite Key Record (Lower Resale Price),,,,
2012-11,JURONG WEST,5 ROOM,660D,JURONG WEST ST 64,07 TO 09,110.0,Improved,2001,515000.0,,87,1,87 years 1 months,Duplicate Composite Key Record (Lower Resale Price),,,,
2014-04,JURONG WEST,EXECUTIVE,669C,JURONG WEST ST 64,01 TO 03,130.0,Apartment,2000,515000.0,,84,8,84 years 8 months,Duplicate Composite Key Record (Lower Resale Price),,,,
2014-12,CLEMENTI,4 ROOM,410,C'WEALTH AVE WEST,01 TO 03,97.0,New Generation,1978,515000.0,,62,0,62 years 0 months,Duplicate Composite Key Record (Lower Resale Price),,,,
2013-01,SEMBAWANG,5 ROOM,466C,SEMBAWANG DR,07 TO 09,110.0,Premium Apartment,2006,515000.0,,91,11,91 years 11 months,Duplicate Composite Key Record (Lower Resale Price),,,,
2013-05,JURONG WEST,5 ROOM,678A,JURONG WEST ST 64,04 TO 06,110.0,Premium Apartment,2008,515000.0,,93,7,93 years 7 months,Duplicate Composite Key Record (Lower Resale Price),,,,
2012-08,QUEENSTOWN,4 ROOM,15,GHIM MOH RD,07 TO 09,82.0,Improved,1977,515000.0,,63,4,63 years 4 months,Duplicate Composite Key Record (Lower Resale Price),,,,
2016-05,CHOA CHU KANG,5 ROOM,788,CHOA CHU KANG NTH 6,10 TO 12,129.0,Improved,1997,515000.0,79.0,79,7,79 years 7 months,Duplicate Composite Key Record (Lower Resale Price),,,,
2012-10,JURONG WEST,EXECUTIVE,274B,JURONG WEST ST 25,07 TO 09,126.0,Apartment,2002,514000.0,,88,2,88 years 2 months,Duplicate Composite Key Record (Lower Resale Price),,,,
2012-04,PUNGGOL,5 ROOM,130,EDGEDALE PLAINS,06 TO 10,111.0,Premium Apartment,2003,513000.0,,89,8,89 years 8 months,Duplicate Composite Key Record (Lower Resale Price),,,,
2014-05,PUNGGOL,4 ROOM,301C,PUNGGOL CTRL,13 TO 15,93.0,Premium Apartment,2010,510000.0,,94,7,94 years 7 months,Duplicate Composite Key Record (Lower Resale Price),,,,
2012-06,CLEMENTI,4 ROOM,302,CLEMENTI AVE 4,07 TO 09,92.0,New Generation,1979,510000.0,,65,6,65 years 6 months,Duplicate Composite Key Record (Lower Resale Price),,,,
2015-12,CHOA CHU KANG,EXECUTIVE,759,CHOA CHU KANG NTH 5,04 TO 06,146.0,Maisonette,1995,510000.0,78.0,78,0,78 years 0 months,Duplicate Composite Key Record (Lower Resale Price),,,,
2014-05,SENGKANG,5 ROOM,113,RIVERVALE WALK,10 TO 12,122.0,Improved,1998,510000.0,,82,7,82 years 7 months,Duplicate Composite Key Record (Lower Resale Price),,,,
2015-11,WOODLANDS,5 ROOM,169,WOODLANDS ST 11,10 TO 12,137.0,Model A,1994,510000.0,77.0,77,1,77 years 1 months,Duplicate Composite Key Record (Lower Resale Price),,,,
2012-06,PUNGGOL,5 ROOM,126D,EDGEDALE PLAINS,01 TO 03,110.0,Improved,2003,510000.0,,89,6,89 years 6 months,Duplicate Composite Key Record (Lower Resale Price),,,,
2014-11,SENGKANG,4 ROOM,265C,COMPASSVALE LINK,16 TO 18,92.0,Premium Apartment,2008,510000.0,,92,1,92 years 1 months,Duplicate Composite Key Record (Lower Resale Price),,,,
2013-01,KALLANG/WHAMPOA,4 ROOM,95,WHAMPOA DR,10 TO 12,91.0,Improved,1974,510000.0,,59,11,59 years 11 months,Duplicate Composite Key Record (Lower Resale Price),,,,
2014-04,JURONG WEST,5 ROOM,652B,JURONG WEST ST 61,07 TO 09,110.0,Improved,2002,510000.0,,86,8,86 years 8 months,Duplicate Composite Key Record (Lower Resale Price),,,,
2012-09,JURONG WEST,5 ROOM,660A,JURONG WEST ST 64,01 TO 03,110.0,Improved,2001,510000.0,,87,3,87 years 3 months,Duplicate Composite Key Record (Lower Resale Price),,,,
2016-03,PUNGGOL,4 ROOM,306C,PUNGGOL PL,04 TO 06,97.0,Premium Apartment,2012,510000.0,95.0,94,9,94 years 9 months,Duplicate Composite Key Record (Lower Resale Price),,,,
2013-09,JURONG WEST,5 ROOM,678C,JURONG WEST ST 64,07 TO 09,110.0,Premium Apartment,2008,510000.0,,93,3,93 years 3 months,Duplicate Composite Key Record (Lower Resale Price),,,,
2014-10,SENGKANG,4 ROOM,271A,SENGKANG CTRL,07 TO 09,93.0,Premium Apartment,2010,508000.0,,94,2,94 years 2 months,Duplicate Composite Key Record (Lower Resale Price),,,,
2013-07,JURONG WEST,5 ROOM,180,YUNG SHENG RD,10 TO 12,116.0,Improved,2001,506000.0,,86,5,86 years 5 months,Duplicate Composite Key Record (Lower Resale Price),,,,
2012-08,BUKIT PANJANG,5 ROOM,630,SENJA RD,07 TO 09,110.0,Premium Apartment,2004,506000.0,,90,4,90 years 4 months,Duplicate Composite Key Record (Lower Resale Price),,,,
2013-01,BISHAN,4 ROOM,271,BISHAN ST 24,04 TO 06,104.0,Model A,1992,505000.0,,77,11,77 years 11 months,Duplicate Composite Key Record (Lower Resale Price),,,,
2016-09,ANG MO KIO,3 ROOM,310C,ANG MO KIO AVE 1,28 TO 30,70.0,Model A,2012,505000.0,95.0,94,3,94 years 3 months,Duplicate Composite Key Record (Lower Resale Price),,,,
2016-06,JURONG WEST,EXECUTIVE,627,JURONG WEST ST 65,01 TO 03,130.0,Apartment,2001,505000.0,84.0,83,6,83 years 6 months,Duplicate Composite Key Record (Lower Resale Price),,,,
2014-03,PUNGGOL,5 ROOM,134,EDGEDALE PLAINS,04 TO 06,111.0,Premium Apartment,2003,505000.0,,87,9,87 years 9 months,Duplicate Composite Key Record (Lower Resale Price),,,,
2012-08,SENGKANG,5 ROOM,404B,FERNVALE LANE,01 TO 03,114.0,Premium Apartment,2004,505000.0,,90,4,90 years 4 months,Duplicate Composite Key Record (Lower Resale Price),,,,
2013-04,SENGKANG,4 ROOM,436B,FERNVALE RD,07 TO 09,96.0,Model A,2010,505000.0,,95,8,95 years 8 months,Duplicate Composite Key Record (Lower Resale Price),,,,
2012-03,BISHAN,4 ROOM,267,BISHAN ST 24,06 TO 10,104.0,Model A,1992,504000.0,,78,9,78 years 9 months,Duplicate Composite Key Record (Lower Resale Price),,,,
2013-06,JURONG WEST,5 ROOM,184,YUNG SHENG RD,07 TO 09,116.0,Improved,2001,504000.0,,86,6,86 years 6 months,Duplicate Composite Key Record (Lower Resale Price),,,,
2012-07,SENGKANG,5 ROOM,290B,COMPASSVALE CRES,13 TO 15,110.0,Improved,2001,503888.0,,87,5,87 years 5 months,Duplicate Composite Key Record (Lower Resale Price),,,,
2012-04,JURONG WEST,5 ROOM,625,JURONG WEST ST 61,06 TO 10,110.0,Improved,2001,503888.0,,87,8,87 years 8 months,Duplicate Composite Key Record (Lower Resale Price),,,,
2015-07,SENGKANG,4 ROOM,272C,SENGKANG CTRL,04 TO 06,90.0,Premium Apartment,2009,502000.0,93.0,92,5,92 years 5 months,Duplicate Composite Key Record (Lower Resale Price),,,,
2012-09,PASIR RIS,5 ROOM,613,ELIAS RD,04 TO 06,134.0,Model A,1996,502000.0,,82,3,82 years 3 months,Duplicate Composite Key Record (Lower Resale Price),,,,
2012-10,SENGKANG,5 ROOM,251,COMPASSVALE ST,04 TO 06,116.0,Improved,2000,502000.0,,86,2,86 years 2 months,Duplicate Composite Key Record (Lower Resale Price),,,,
2012-04,CHOA CHU KANG,5 ROOM,160,JLN TECK WHYE,16 TO 20,124.0,Improved,1998,501000.0,,84,8,84 years 8 months,Duplicate Composite Key Record (Lower Resale Price),,,,
2012-04,SENGKANG,5 ROOM,201D,COMPASSVALE DR,01 TO 05,110.0,Improved,2001,500000.0,,87,8,87 years 8 months,Duplicate Composite Key Record (Lower Resale Price),,,,
2014-01,BISHAN,4 ROOM,123,BISHAN ST 12,10 TO 12,84.0,Simplified,1986,500000.0,,70,11,70 years 11 months,Duplicate Composite Key Record (Lower Resale Price),,,,
2015-07,GEYLANG,4 ROOM,848,SIMS AVE,01 TO 03,83.0,Simplified,1985,500000.0,69.0,68,5,68 years 5 months,Duplicate Composite Key Record (Lower Resale Price),,,,
2014-05,WOODLANDS,EXECUTIVE,586,WOODLANDS DR 16,07 TO 09,131.0,Apartment,2001,500000.0,,85,7,85 years 7 months,Duplicate Composite Key Record (Lower Resale Price),,,,
2014-04,SENGKANG,4 ROOM,436B,FERNVALE RD,16 TO 18,96.0,Model A,2010,500000.0,,94,8,94 years 8 months,Duplicate Composite Key Record (Lower Resale Price),,,,
2015-07,SENGKANG,EXECUTIVE,306B,ANCHORVALE LINK,07 TO 09,125.0,Apartment,2001,500000.0,85.0,84,5,84 years 5 months,Duplicate Composite Key Record (Lower Resale Price),,,,
2014-05,TOA PAYOH,4 ROOM,191,LOR 4 TOA PAYOH,04 TO 06,84.0,Improved,1974,500000.0,,58,7,58 years 7 months,Duplicate Composite Key Record (Lower Resale Price),,,,
2014-04,PUNGGOL,5 ROOM,197A,PUNGGOL FIELD,04 TO 06,110.0,Improved,2003,500000.0,,87,8,87 years 8 months,Duplicate Composite Key Record (Lower Resale Price),,,,
2014-11,SENGKANG,4 ROOM,271C,SENGKANG CTRL,04 TO 06,93.0,Premium Apartment,2010,500000.0,,94,1,94 years 1 months,Duplicate Composite Key Record (Lower Resale Price),,,,
2014-04,TAMPINES,5 ROOM,843,TAMPINES ST 83,07 TO 09,122.0,Improved,1988,500000.0,,72,8,72 years 8 months,Duplicate Composite Key Record (Lower Resale Price),,,,
2014-07,SENGKANG,4 ROOM,272D,SENGKANG CTRL,01 TO 03,90.0,Premium Apartment,2009,500000.0,,93,5,93 years 5 months,Duplicate Composite Key Record (Lower Resale Price),,,,
2015-09,SEMBAWANG,EXECUTIVE,503A,CANBERRA LINK,10 TO 12,130.0,Apartment,2001,500000.0,84.0,84,3,84 years 3 months,Duplicate Composite Key Record (Lower Resale Price),,,,
2014-09,SENGKANG,4 ROOM,271A,SENGKANG CTRL,13 TO 15,93.0,Premium Apartment,2010,500000.0,,94,3,94 years 3 months,Duplicate Composite Key Record (Lower Resale Price),,,,
2015-07,SENGKANG,4 ROOM,272C,SENGKANG CTRL,04 TO 06,90.0,Premium Apartment,2009,498888.0,93.0,92,5,92 years 5 months,Duplicate Composite Key Record (Lower Resale Price),,,,
2013-12,SENGKANG,4 ROOM,436C,FERNVALE RD,13 TO 15,96.0,Model A,2010,498888.0,,95,0,95 years 0 months,Duplicate Composite Key Record (Lower Resale Price),,,,
2014-04,PUNGGOL,5 ROOM,101B,PUNGGOL FIELD,04 TO 06,110.0,Improved,2002,498000.0,,86,8,86 years 8 months,Duplicate Composite Key Record (Lower Resale Price),,,,
2012-08,PUNGGOL,5 ROOM,182,EDGEFIELD PLAINS,01 TO 03,110.0,Premium Apartment,2003,498000.0,,89,4,89 years 4 months,Duplicate Composite Key Record (Lower Resale Price),,,,
2013-12,JURONG WEST,5 ROOM,677A,JURONG WEST ST 64,01 TO 03,110.0,Premium Apartment,2008,497000.0,,93,0,93 years 0 months,Duplicate Composite Key Record (Lower Resale Price),,,,
2012-06,KALLANG/WHAMPOA,4 ROOM,59A,GEYLANG BAHRU,01 TO 03,101.0,Model A,1998,497000.0,,84,6,84 years 6 months,Duplicate Composite Key Record (Lower Resale Price),,,,
2014-05,BUKIT PANJANG,5 ROOM,627,SENJA RD,04 TO 06,110.0,Premium Apartment,2004,495000.0,,88,7,88 years 7 months,Duplicate Composite Key Record (Lower Resale Price),,,,
2014-03,SENGKANG,5 ROOM,134,RIVERVALE ST,10 TO 12,121.0,Improved,1999,495000.0,,83,9,83 years 9 months,Duplicate Composite Key Record (Lower Resale Price),,,,
2014-08,JURONG WEST,5 ROOM,681A,JURONG WEST CTRL 1,10 TO 12,115.0,Premium Apartment,2000,495000.0,,84,4,84 years 4 months,Duplicate Composite Key Record (Lower Resale Price),,,,
2015-10,SENGKANG,4 ROOM,264F,COMPASSVALE BOW,13 TO 15,92.0,Premium Apartment,2008,495000.0,92.0,91,2,91 years 2 months,Duplicate Composite Key Record (Lower Resale Price),,,,
2012-08,JURONG WEST,5 ROOM,652A,JURONG WEST ST 61,01 TO 03,111.0,Improved,2002,495000.0,,88,4,88 years 4 months,Duplicate Composite Key Record (Lower Resale Price),,,,
2013-07,SENGKANG,4 ROOM,436B,FERNVALE RD,04 TO 06,96.0,Model A,2010,495000.0,,95,5,95 years 5 months,Duplicate Composite Key Record (Lower Resale Price),,,,
2016-09,SEMBAWANG,EXECUTIVE,503A,CANBERRA LINK,07 TO 09,130.0,Apartment,2001,492900.0,83.0,83,3,83 years 3 months,Duplicate Composite Key Record (Lower Resale Price),,,,
2012-03,GEYLANG,4 ROOM,10,EUNOS CRES,11 TO 15,91.0,New Generation,1978,492000.0,,64,9,64 years 9 months,Duplicate Composite Key Record (Lower Resale Price),,,,
2012-05,WOODLANDS,5 ROOM,511,WOODLANDS DR 14,06 TO 10,128.0,Premium Apartment,1999,492000.0,,85,7,85 years 7 months,Duplicate Composite Key Record (Lower Resale Price),,,,
2013-11,SEMBAWANG,5 ROOM,324,SEMBAWANG CL,13 TO 15,123.0,Improved,1999,492000.0,,84,1,84 years 1 months,Duplicate Composite Key Record (Lower Resale Price),,,,
2014-07,BISHAN,4 ROOM,246,BISHAN ST 22,04 TO 06,103.0,Model A,1992,490000.0,,76,5,76 years 5 months,Duplicate Composite Key Record (Lower Resale Price),,,,
2016-09,SEMBAWANG,EXECUTIVE,341A,SEMBAWANG CL,10 TO 12,131.0,Premium Apartment,2001,490000.0,83.0,83,3,83 years 3 months,Duplicate Composite Key Record (Lower Resale Price),,,,
2012-03,SENGKANG,5 ROOM,291D,COMPASSVALE ST,06 TO 10,110.0,Improved,2001,490000.0,,87,9,87 years 9 months,Duplicate Composite Key Record (Lower Resale Price),,,,
2013-08,KALLANG/WHAMPOA,4 ROOM,100,WHAMPOA DR,22 TO 24,91.0,Improved,1974,490000.0,,59,4,59 years 4 months,Duplicate Composite Key Record (Lower Resale Price),,,,
2014-04,JURONG WEST,5 ROOM,444,JURONG WEST AVE 1,10 TO 12,133.0,Model A,1985,490000.0,,69,8,69 years 8 months,Duplicate Composite Key Record (Lower Resale Price),,,,
2012-10,SENGKANG,5 ROOM,298A,COMPASSVALE ST,04 TO 06,114.0,Premium Apartment,2001,490000.0,,87,2,87 years 2 months,Duplicate Composite Key Record (Lower Resale Price),,,,
2012-04,JURONG WEST,5 ROOM,625,JURONG WEST ST 61,06 TO 10,110.0,Improved,2001,490000.0,,87,8,87 years 8 months,Duplicate Composite Key Record (Lower Resale Price),,,,
2013-12,QUEENSTOWN,3 ROOM,160,MEI LING ST,16 TO 18,72.0,Improved,1970,490000.0,,55,0,55 years 0 months,Duplicate Composite Key Record (Lower Resale Price),,,,
2014-04,SEMBAWANG,5 ROOM,350A,CANBERRA RD,04 TO 06,110.0,Improved,2001,490000.0,,85,8,85 years 8 months,Duplicate Composite Key Record (Lower Resale Price),,,,
2015-04,PUNGGOL,5 ROOM,296,PUNGGOL CTRL,07 TO 09,110.0,Premium Apartment,2003,490000.0,87.0,86,8,86 years 8 months,Duplicate Composite Key Record (Lower Resale Price),,,,
2013-07,SENGKANG,5 ROOM,244,COMPASSVALE RD,01 TO 03,115.0,Improved,2000,490000.0,,85,5,85 years 5 months,Duplicate Composite Key Record (Lower Resale Price),,,,
2013-12,JURONG WEST,EXECUTIVE,912,JURONG WEST ST 91,01 TO 03,146.0,Maisonette,1988,488000.0,,73,0,73 years 0 months,Duplicate Composite Key Record (Lower Resale Price),,,,
2012-05,BUKIT MERAH,4 ROOM,48,LENGKOK BAHRU,06 TO 10,84.0,Simplified,1986,488000.0,,72,7,72 years 7 months,Duplicate Composite Key Record (Lower Resale Price),,,,
2012-05,BUKIT BATOK,4 ROOM,189,BT BATOK WEST AVE 6,01 TO 05,100.0,Model A,1997,488000.0,,83,7,83 years 7 months,Duplicate Composite Key Record (Lower Resale Price),,,,
2012-07,SEMBAWANG,EXECUTIVE,468B,ADMIRALTY DR,07 TO 09,137.0,Premium Apartment,2001,488000.0,,87,5,87 years 5 months,Duplicate Composite Key Record (Lower Resale Price),,,,
2012-06,JURONG WEST,5 ROOM,645,JURONG WEST ST 61,01 TO 03,122.0,Improved,1998,486000.0,,84,6,84 years 6 months,Duplicate Composite Key Record (Lower Resale Price),,,,
2012-05,WOODLANDS,5 ROOM,683D,WOODLANDS DR 62,11 TO 15,119.0,Premium Apartment,2000,486000.0,,86,7,86 years 7 months,Duplicate Composite Key Record (Lower Resale Price),,,,
2014-08,HOUGANG,4 ROOM,419,HOUGANG AVE 8,10 TO 12,113.0,Model A,1989,485000.0,,73,4,73 years 4 months,Duplicate Composite Key Record (Lower Resale Price),,,,
2016-07,CENTRAL AREA,3 ROOM,533,UPP CROSS ST,13 TO 15,60.0,Improved,1980,485000.0,63.0,62,5,62 years 5 months,Duplicate Composite Key Record (Lower Resale Price),,,,
2014-04,SENGKANG,5 ROOM,115,RIVERVALE WALK,07 TO 09,120.0,Improved,1998,485000.0,,82,8,82 years 8 months,Duplicate Composite Key Record (Lower Resale Price),,,,
2015-05,HOUGANG,5 ROOM,653,HOUGANG AVE 8,04 TO 06,120.0,Improved,1987,485000.0,71.0,70,7,70 years 7 months,Duplicate Composite Key Record (Lower Resale Price),,,,
2014-05,SERANGOON,4 ROOM,211,SERANGOON AVE 4,01 TO 03,92.0,New Generation,1985,485000.0,,69,7,69 years 7 months,Duplicate Composite Key Record (Lower Resale Price),,,,
2014-12,CLEMENTI,4 ROOM,410,C'WEALTH AVE WEST,01 TO 03,97.0,New Generation,1978,482000.0,,62,0,62 years 0 months,Duplicate Composite Key Record (Lower Resale Price),,,,
2015-04,YISHUN,5 ROOM,154,YISHUN ST 11,10 TO 12,121.0,Improved,1985,482000.0,68.0,68,8,68 years 8 months,Duplicate Composite Key Record (Lower Resale Price),,,,
2012-05,JURONG WEST,5 ROOM,654C,JURONG WEST ST 61,01 TO 05,111.0,Improved,2002,481000.0,,88,7,88 years 7 months,Duplicate Composite Key Record (Lower Resale Price),,,,
2015-11,ANG MO KIO,4 ROOM,303,ANG MO KIO AVE 1,10 TO 12,98.0,New Generation,1977,480000.0,60.0,60,1,60 years 1 months,Duplicate Composite Key Record (Lower Resale Price),,,,
2012-08,PUNGGOL,4 ROOM,167C,PUNGGOL EAST,01 TO 03,92.0,Premium Apartment,2009,480000.0,,95,4,95 years 4 months,Duplicate Composite Key Record (Lower Resale Price),,,,
2014-04,BUKIT PANJANG,5 ROOM,246,BANGKIT RD,13 TO 15,122.0,Improved,1988,480000.0,,72,8,72 years 8 months,Duplicate Composite Key Record (Lower Resale Price),,,,
2015-09,SEMBAWANG,EXECUTIVE,468D,ADMIRALTY DR,13 TO 15,137.0,Premium Apartment,2001,480000.0,84.0,84,3,84 years 3 months,Duplicate Composite Key Record (Lower Resale Price),,,,
2016-09,JURONG WEST,5 ROOM,177,YUNG SHENG RD,13 TO 15,116.0,Improved,2001,480000.0,83.0,83,3,83 years 3 months,Duplicate Composite Key Record (Lower Resale Price),,,,
2013-10,BUKIT TIMAH,3 ROOM,3,QUEEN'S RD,07 TO 09,76.0,Improved,1974,480000.0,,59,2,59 years 2 months,Duplicate Composite Key Record (Lower Resale Price),,,,
2014-05,WOODLANDS,5 ROOM,370,WOODLANDS AVE 1,01 TO 03,123.0,Improved,1996,480000.0,,80,7,80 years 7 months,Duplicate Composite Key Record (Lower Resale Price),,,,
2016-09,SENGKANG,4 ROOM,271A,SENGKANG CTRL,10 TO 12,93.0,Premium Apartment,2010,480000.0,92.0,92,3,92 years 3 months,Duplicate Composite Key Record (Lower Resale Price),,,,
2014-11,ANG MO KIO,4 ROOM,303,ANG MO KIO AVE 1,04 TO 06,97.0,New Generation,1977,480000.0,,61,1,61 years 1 months,Duplicate Composite Key Record (Lower Resale Price),,,,
2012-04,SENGKANG,5 ROOM,403C,FERNVALE LANE,01 TO 05,111.0,Premium Apartment,2004,480000.0,,90,8,90 years 8 months,Duplicate Composite Key Record (Lower Resale Price),,,,
2014-04,WOODLANDS,5 ROOM,881,WOODLANDS ST 82,07 TO 09,121.0,Improved,1996,480000.0,,80,8,80 years 8 months,Duplicate Composite Key Record (Lower Resale Price),,,,
2012-05,JURONG WEST,5 ROOM,663A,JURONG WEST ST 65,01 TO 05,110.0,Improved,2000,480000.0,,86,7,86 years 7 months,Duplicate Composite Key Record (Lower Resale Price),,,,
2013-10,YISHUN,5 ROOM,760,YISHUN ST 72,01 TO 03,122.0,Improved,1987,479000.0,,72,2,72 years 2 months,Duplicate Composite Key Record (Lower Resale Price),,,,
2013-04,JURONG WEST,5 ROOM,276B,JURONG WEST AVE 3,07 TO 09,111.0,Improved,2002,478000.0,,87,8,87 years 8 months,Duplicate Composite Key Record (Lower Resale Price),,,,
2015-02,SENGKANG,5 ROOM,323C,SENGKANG EAST WAY,04 TO 06,110.0,Improved,2003,478000.0,87.0,86,10,86 years 10 months,Duplicate Composite Key Record (Lower Resale Price),,,,
2012-03,JURONG WEST,5 ROOM,652C,JURONG WEST ST 61,01 TO 05,111.0,Improved,2002,478000.0,,88,9,88 years 9 months,Duplicate Composite Key Record (Lower Resale Price),,,,
2012-07,TAMPINES,4 ROOM,105,TAMPINES ST 11,01 TO 03,117.0,Model A,1982,478000.0,,68,5,68 years 5 months,Duplicate Composite Key Record (Lower Resale Price),,,,
2015-05,JURONG WEST,5 ROOM,652B,JURONG WEST ST 61,16 TO 18,110.0,Improved,2002,475000.0,86.0,85,7,85 years 7 months,Duplicate Composite Key Record (Lower Resale Price),,,,
2015-01,BISHAN,4 ROOM,264,BISHAN ST 24,07 TO 09,104.0,Model A,1992,475000.0,76.0,75,11,75 years 11 months,Duplicate Composite Key Record (Lower Resale Price),,,,
2012-05,SEMBAWANG,5 ROOM,413,SEMBAWANG DR,11 TO 15,110.0,Improved,2001,475000.0,,87,7,87 years 7 months,Duplicate Composite Key Record (Lower Resale Price),,,,
2012-02,SENGKANG,5 ROOM,311A,ANCHORVALE LANE,04 TO 06,111.0,Premium Apartment,2002,475000.0,,88,10,88 years 10 months,Duplicate Composite Key Record (Lower Resale Price),,,,
2015-02,SENGKANG,4 ROOM,264A,COMPASSVALE BOW,07 TO 09,92.0,Premium Apartment,2007,475000.0,91.0,90,10,90 years 10 months,Duplicate Composite Key Record (Lower Resale Price),,,,
2013-02,WOODLANDS,5 ROOM,787D,WOODLANDS CRES,10 TO 12,122.0,Improved,1997,475000.0,,82,10,82 years 10 months,Duplicate Composite Key Record (Lower Resale Price),,,,
2014-04,JURONG WEST,5 ROOM,653C,JURONG WEST ST 61,04 TO 06,110.0,Improved,2002,474500.0,,86,8,86 years 8 months,Duplicate Composite Key Record (Lower Resale Price),,,,
2012-03,WOODLANDS,5 ROOM,687C,WOODLANDS DR 75,11 TO 15,114.0,Premium Apartment,2003,473000.0,,89,9,89 years 9 months,Duplicate Composite Key Record (Lower Resale Price),,,,
2014-09,SENGKANG,5 ROOM,121D,SENGKANG EAST WAY,10 TO 12,110.0,Improved,2000,473000.0,,84,3,84 years 3 months,Duplicate Composite Key Record (Lower Resale Price),,,,
2013-04,CLEMENTI,4 ROOM,611,CLEMENTI WEST ST 1,04 TO 06,103.0,Model A,1983,473000.0,,68,8,68 years 8 months,Duplicate Composite Key Record (Lower Resale Price),,,,
2012-04,PUNGGOL,4 ROOM,195D,PUNGGOL RD,01 TO 05,90.0,Premium Apartment,2007,473000.0,,93,8,93 years 8 months,Duplicate Composite Key Record (Lower Resale Price),,,,
2014-04,SENGKANG,5 ROOM,158B,RIVERVALE CRES,04 TO 06,110.0,Premium Apartment,2003,472500.0,,87,8,87 years 8 months,Duplicate Composite Key Record (Lower Resale Price),,,,
2014-05,BISHAN,4 ROOM,113,BISHAN ST 12,04 TO 06,84.0,Simplified,1986,472000.0,,70,7,70 years 7 months,Duplicate Composite Key Record (Lower Resale Price),,,,
2012-08,JURONG WEST,5 ROOM,653C,JURONG WEST ST 61,01 TO 03,111.0,Improved,2002,471000.0,,88,4,88 years 4 months,Duplicate Composite Key Record (Lower Resale Price),,,,
2014-04,WOODLANDS,5 ROOM,686B,WOODLANDS DR 73,13 TO 15,113.0,Premium Apartment,2003,470888.0,,87,8,87 years 8 months,Duplicate Composite Key Record (Lower Resale Price),,,,
2012-12,QUEENSTOWN,3 ROOM,9,HOLLAND AVE,16 TO 18,65.0,Improved,1974,470000.0,,60,0,60 years 0 months,Duplicate Composite Key Record (Lower Resale Price),,,,
2014-06,JURONG WEST,5 ROOM,443,JURONG WEST AVE 1,07 TO 09,133.0,Model A,1985,470000.0,,69,6,69 years 6 months,Duplicate Composite Key Record (Lower Resale Price),,,,
2014-05,YISHUN,5 ROOM,314,YISHUN RING RD,07 TO 09,136.0,Model A,1995,470000.0,,79,7,79 years 7 months,Duplicate Composite Key Record (Lower Resale Price),,,,
2015-05,QUEENSTOWN,4 ROOM,23,DOVER CRES,04 TO 06,88.0,Improved,1976,470000.0,60.0,59,7,59 years 7 months,Duplicate Composite Key Record (Lower Resale Price),,,,
2015-09,JURONG WEST,5 ROOM,678C,JURONG WEST ST 64,07 TO 09,110.0,Premium Apartment,2008,470000.0,91.0,91,3,91 years 3 months,Duplicate Composite Key Record (Lower Resale Price),,,,
2014-06,CENTRAL AREA,3 ROOM,3,TG PAGAR PLAZA,04 TO 06,70.0,Improved,1977,470000.0,,61,6,61 years 6 months,Duplicate Composite Key Record (Lower Resale Price),,,,
2016-04,TAMPINES,4 ROOM,251,TAMPINES ST 21,04 TO 06,103.0,Model A,1985,470000.0,67.0,67,8,67 years 8 months,Duplicate Composite Key Record (Lower Resale Price),,,,
2014-05,SEMBAWANG,5 ROOM,486,ADMIRALTY LINK,07 TO 09,110.0,Improved,2004,470000.0,,88,7,88 years 7 months,Duplicate Composite Key Record (Lower Resale Price),,,,
2012-09,WOODLANDS,5 ROOM,673,WOODLANDS DR 71,04 TO 06,110.0,Improved,2000,470000.0,,86,3,86 years 3 months,Duplicate Composite Key Record (Lower Resale Price),,,,
2014-12,TAMPINES,4 ROOM,226,TAMPINES ST 23,10 TO 12,104.0,Model A,1985,470000.0,,69,0,69 years 0 months,Duplicate Composite Key Record (Lower Resale Price),,,,
2014-04,SEMBAWANG,5 ROOM,501B,WELLINGTON CIRCLE,07 TO 09,111.0,Improved,2001,470000.0,,85,8,85 years 8 months,Duplicate Composite Key Record (Lower Resale Price),,,,
2012-04,KALLANG/WHAMPOA,4 ROOM,42,CAMBRIDGE RD,01 TO 05,91.0,New Generation,1982,470000.0,,68,8,68 years 8 months,Duplicate Composite Key Record (Lower Resale Price),,,,
2016-06,PUNGGOL,4 ROOM,604A,PUNGGOL RD,13 TO 15,93.0,Model A,2012,468000.0,95.0,94,6,94 years 6 months,Duplicate Composite Key Record (Lower Resale Price),,,,
2013-12,SENGKANG,4 ROOM,436C,FERNVALE RD,04 TO 06,96.0,Model A,2010,468000.0,,95,0,95 years 0 months,Duplicate Composite Key Record (Lower Resale Price),,,,
2014-05,SERANGOON,5 ROOM,116,SERANGOON NTH AVE 1,04 TO 06,121.0,Improved,1986,468000.0,,70,7,70 years 7 months,Duplicate Composite Key Record (Lower Resale Price),,,,
2012-12,BEDOK,4 ROOM,718,BEDOK RESERVOIR RD,04 TO 06,104.0,Model A,1984,468000.0,,70,0,70 years 0 months,Duplicate Composite Key Record (Lower Resale Price),,,,
2013-03,PASIR RIS,4 ROOM,722,PASIR RIS ST 72,04 TO 06,111.0,Model A,1996,465000.0,,81,9,81 years 9 months,Duplicate Composite Key Record (Lower Resale Price),,,,
2014-02,SENGKANG,5 ROOM,305C,ANCHORVALE LINK,01 TO 03,110.0,Improved,2001,465000.0,,85,10,85 years 10 months,Duplicate Composite Key Record (Lower Resale Price),,,,
2014-05,BUKIT PANJANG,4 ROOM,625,SENJA RD,19 TO 21,90.0,Premium Apartment,2004,465000.0,,88,7,88 years 7 months,Duplicate Composite Key Record (Lower Resale Price),,,,
2015-10,SERANGOON,4 ROOM,211,SERANGOON AVE 4,10 TO 12,91.0,New Generation,1985,465000.0,68.0,68,2,68 years 2 months,Duplicate Composite Key Record (Lower Resale Price),,,,
2015-03,GEYLANG,4 ROOM,122,GEYLANG EAST CTRL,07 TO 09,91.0,New Generation,1982,465000.0,66.0,65,9,65 years 9 months,Duplicate Composite Key Record (Lower Resale Price),,,,
2012-07,CHOA CHU KANG,5 ROOM,685A,CHOA CHU KANG CRES,07 TO 09,110.0,Improved,2002,465000.0,,88,5,88 years 5 months,Duplicate Composite Key Record (Lower Resale Price),,,,
2016-09,PUNGGOL,4 ROOM,614A,EDGEFIELD PLAINS,10 TO 12,92.0,Model A,2012,465000.0,95.0,94,3,94 years 3 months,Duplicate Composite Key Record (Lower Resale Price),,,,
2016-05,PUNGGOL,5 ROOM,203B,PUNGGOL FIELD,07 TO 09,110.0,Improved,2004,465000.0,87.0,86,7,86 years 7 months,Duplicate Composite Key Record (Lower Resale Price),,,,
2016-05,SENGKANG,5 ROOM,203E,COMPASSVALE RD,10 TO 12,110.0,Improved,2000,465000.0,83.0,82,7,82 years 7 months,Duplicate Composite Key Record (Lower Resale Price),,,,
2013-01,BISHAN,4 ROOM,154,BISHAN ST 13,04 TO 06,84.0,Simplified,1987,463888.0,,72,11,72 years 11 months,Duplicate Composite Key Record (Lower Resale Price),,,,
2015-01,QUEENSTOWN,4 ROOM,168A,QUEENSWAY,19 TO 21,84.0,Improved,1974,463000.0,58.0,57,11,57 years 11 months,Duplicate Composite Key Record (Lower Resale Price),,,,
2012-03,SEMBAWANG,5 ROOM,359C,ADMIRALTY DR,06 TO 10,111.0,Premium Apartment,2001,463000.0,,87,9,87 years 9 months,Duplicate Composite Key Record (Lower Resale Price),,,,
2012-04,TAMPINES,4 ROOM,265,TAMPINES ST 21,01 TO 05,103.0,Model A,1984,463000.0,,70,8,70 years 8 months,Duplicate Composite Key Record (Lower Resale Price),,,,
2015-10,SENGKANG,5 ROOM,229,COMPASSVALE WALK,13 TO 15,123.0,Improved,1999,463000.0,82.0,82,2,82 years 2 months,Duplicate Composite Key Record (Lower Resale Price),,,,
2016-07,SEMBAWANG,5 ROOM,354C,ADMIRALTY DR,13 TO 15,113.0,Improved,2001,463000.0,84.0,83,5,83 years 5 months,Duplicate Composite Key Record (Lower Resale Price),,,,
2012-08,WOODLANDS,5 ROOM,744,WOODLANDS CIRCLE,10 TO 12,121.0,Improved,1998,462000.0,,84,4,84 years 4 months,Duplicate Composite Key Record (Lower Resale Price),,,,
2012-02,PUNGGOL,4 ROOM,649,PUNGGOL CTRL,10 TO 12,90.0,Premium Apartment,2005,462000.0,,91,10,91 years 10 months,Duplicate Composite Key Record (Lower Resale Price),,,,
2012-10,SENGKANG,4 ROOM,303C,ANCHORVALE LINK,13 TO 15,85.0,Model A2,2001,461000.0,,87,2,87 years 2 months,Duplicate Composite Key Record (Lower Resale Price),,,,
2016-08,BUKIT BATOK,4 ROOM,206,BT BATOK ST 21,10 TO 12,104.0,Model A,1983,461000.0,66.0,65,4,65 years 4 months,Duplicate Composite Key Record (Lower Resale Price),,,,
2012-03,BUKIT BATOK,5 ROOM,257,BT BATOK EAST AVE 4,01 TO 05,121.0,Improved,1985,461000.0,,71,9,71 years 9 months,Duplicate Composite Key Record (Lower Resale Price),,,,
2016-06,SEMBAWANG,5 ROOM,353A,ADMIRALTY DR,07 TO 09,110.0,Improved,2002,460168.0,84.0,84,6,84 years 6 months,Duplicate Composite Key Record (Lower Resale Price),,,,
2014-03,GEYLANG,4 ROOM,9,EUNOS CRES,01 TO 03,91.0,New Generation,1978,460000.0,,62,9,62 years 9 months,Duplicate Composite Key Record (Lower Resale Price),,,,
2014-05,BEDOK,4 ROOM,402,BEDOK NTH AVE 3,10 TO 12,92.0,New Generation,1979,460000.0,,63,7,63 years 7 months,Duplicate Composite Key Record (Lower Resale Price),,,,
2013-04,PASIR RIS,4 ROOM,760,PASIR RIS ST 71,04 TO 06,104.0,Model A,1996,460000.0,,81,8,81 years 8 months,Duplicate Composite Key Record (Lower Resale Price),,,,
2016-07,CLEMENTI,4 ROOM,381,CLEMENTI AVE 5,04 TO 06,91.0,New Generation,1981,460000.0,64.0,63,5,63 years 5 months,Duplicate Composite Key Record (Lower Resale Price),,,,
2016-07,CLEMENTI,4 ROOM,716,CLEMENTI WEST ST 2,07 TO 09,91.0,New Generation,1981,460000.0,64.0,63,5,63 years 5 months,Duplicate Composite Key Record (Lower Resale Price),,,,
2012-03,QUEENSTOWN,3 ROOM,12,HOLLAND AVE,16 TO 20,65.0,Improved,1975,460000.0,,61,9,61 years 9 months,Duplicate Composite Key Record (Lower Resale Price),,,,
2015-07,SENGKANG,5 ROOM,200A,SENGKANG EAST RD,13 TO 15,110.0,Improved,2001,460000.0,85.0,84,5,84 years 5 months,Duplicate Composite Key Record (Lower Resale Price),,,,
2012-06,JURONG WEST,5 ROOM,274D,JURONG WEST AVE 3,07 TO 09,111.0,Improved,2001,460000.0,,87,6,87 years 6 months,Duplicate Composite Key Record (Lower Resale Price),,,,
2014-05,TAMPINES,4 ROOM,708,TAMPINES ST 71,01 TO 03,100.0,Model A,1997,460000.0,,81,7,81 years 7 months,Duplicate Composite Key Record (Lower Resale Price),,,,
2016-04,TAMPINES,5 ROOM,233,TAMPINES ST 21,01 TO 03,121.0,Improved,1985,460000.0,68.0,67,8,67 years 8 months,Duplicate Composite Key Record (Lower Resale Price),,,,
2014-07,QUEENSTOWN,3 ROOM,161,MEI LING ST,07 TO 09,72.0,Improved,1970,460000.0,,54,5,54 years 5 months,Duplicate Composite Key Record (Lower Resale Price),,,,
2015-11,SENGKANG,5 ROOM,203A,COMPASSVALE RD,07 TO 09,110.0,Improved,2000,460000.0,84.0,83,1,83 years 1 months,Duplicate Composite Key Record (Lower Resale Price),,,,
2014-05,JURONG EAST,4 ROOM,315,JURONG EAST ST 32,10 TO 12,103.0,Model A,1984,460000.0,,68,7,68 years 7 months,Duplicate Composite Key Record (Lower Resale Price),,,,
2014-06,JURONG WEST,5 ROOM,443,JURONG WEST AVE 1,07 TO 09,133.0,Model A,1985,460000.0,,69,6,69 years 6 months,Duplicate Composite Key Record (Lower Resale Price),,,,
2016-04,SENGKANG,4 ROOM,411A,FERNVALE RD,22 TO 24,96.0,Premium Apartment,2012,459000.0,95.0,94,8,94 years 8 months,Duplicate Composite Key Record (Lower Resale Price),,,,
2012-05,HOUGANG,4 ROOM,167,HOUGANG AVE 1,06 TO 10,101.0,Model A,1997,458000.0,,83,7,83 years 7 months,Duplicate Composite Key Record (Lower Resale Price),,,,
2013-04,CLEMENTI,4 ROOM,716,CLEMENTI WEST ST 2,04 TO 06,91.0,New Generation,1981,458000.0,,66,8,66 years 8 months,Duplicate Composite Key Record (Lower Resale Price),,,,
2012-03,JURONG WEST,5 ROOM,814,JURONG WEST ST 81,06 TO 10,121.0,Improved,1990,458000.0,,76,9,76 years 9 months,Duplicate Composite Key Record (Lower Resale Price),,,,
2015-06,JURONG WEST,5 ROOM,659C,JURONG WEST ST 65,07 TO 09,110.0,Improved,2001,458000.0,85.0,84,6,84 years 6 months,Duplicate Composite Key Record (Lower Resale Price),,,,
2012-07,JURONG WEST,5 ROOM,275C,JURONG WEST ST 25,07 TO 09,111.0,Improved,2002,458000.0,,88,5,88 years 5 months,Duplicate Composite Key Record (Lower Resale Price),,,,
2012-04,WOODLANDS,5 ROOM,167,WOODLANDS ST 11,01 TO 05,135.0,Model A,1994,457000.0,,80,8,80 years 8 months,Duplicate Composite Key Record (Lower Resale Price),,,,
2012-10,SEMBAWANG,5 ROOM,421,CANBERRA RD,01 TO 03,110.0,Improved,2001,457000.0,,87,2,87 years 2 months,Duplicate Composite Key Record (Lower Resale Price),,,,
2012-05,BUKIT MERAH,3 ROOM,7,EVERTON PK,01 TO 05,82.0,New Generation,1980,457000.0,,66,7,66 years 7 months,Duplicate Composite Key Record (Lower Resale Price),,,,
2015-11,SENGKANG,4 ROOM,441D,FERNVALE RD,19 TO 21,94.0,Model A,2012,456000.0,95.0,95,1,95 years 1 months,Duplicate Composite Key Record (Lower Resale Price),,,,
2013-11,WOODLANDS,5 ROOM,555,WOODLANDS DR 53,10 TO 12,115.0,Improved,1999,455000.0,,84,1,84 years 1 months,Duplicate Composite Key Record (Lower Resale Price),,,,
2016-05,SEMBAWANG,EXECUTIVE,357B,ADMIRALTY DR,01 TO 03,131.0,Premium Apartment,2001,455000.0,84.0,83,7,83 years 7 months,Duplicate Composite Key Record (Lower Resale Price),,,,
2016-04,SEMBAWANG,EXECUTIVE,423,CANBERRA RD,04 TO 06,130.0,Apartment,2001,455000.0,83.0,83,8,83 years 8 months,Duplicate Composite Key Record (Lower Resale Price),,,,
2016-01,SENGKANG,4 ROOM,436D,FERNVALE RD,13 TO 15,96.0,Model A,2010,455000.0,93.0,92,11,92 years 11 months,Duplicate Composite Key Record (Lower Resale Price),,,,
2015-09,PUNGGOL,5 ROOM,176C,EDGEFIELD PLAINS,13 TO 15,111.0,Improved,2003,455000.0,86.0,86,3,86 years 3 months,Duplicate Composite Key Record (Lower Resale Price),,,,
2015-01,PUNGGOL,4 ROOM,302D,PUNGGOL PL,04 TO 06,93.0,Premium Apartment,2011,455000.0,95.0,94,11,94 years 11 months,Duplicate Composite Key Record (Lower Resale Price),,,,
2012-03,TAMPINES,4 ROOM,165,SIMEI RD,06 TO 10,104.0,Model A,1989,455000.0,,75,9,75 years 9 months,Duplicate Composite Key Record (Lower Resale Price),,,,
2014-06,JURONG WEST,5 ROOM,675B,JURONG WEST ST 64,04 TO 06,110.0,Premium Apartment,2008,455000.0,,92,6,92 years 6 months,Duplicate Composite Key Record (Lower Resale Price),,,,
2014-06,WOODLANDS,5 ROOM,896A,WOODLANDS DR 50,07 TO 09,117.0,Improved,1997,455000.0,,81,6,81 years 6 months,Duplicate Composite Key Record (Lower Resale Price),,,,
2015-10,BEDOK,4 ROOM,404,BEDOK NTH AVE 3,10 TO 12,92.0,New Generation,1980,455000.0,63.0,63,2,63 years 2 months,Duplicate Composite Key Record (Lower Resale Price),,,,
2012-10,WOODLANDS,4 ROOM,368,WOODLANDS AVE 1,04 TO 06,105.0,Model A,1997,455000.0,,83,2,83 years 2 months,Duplicate Composite Key Record (Lower Resale Price),,,,
2014-03,YISHUN,4 ROOM,746,YISHUN ST 72,04 TO 06,93.0,New Generation,1984,454888.0,,68,9,68 years 9 months,Duplicate Composite Key Record (Lower Resale Price),,,,
2013-06,TAMPINES,4 ROOM,367,TAMPINES ST 34,04 TO 06,100.0,Model A,1997,454000.0,,82,6,82 years 6 months,Duplicate Composite Key Record (Lower Resale Price),,,,
2012-04,SENGKANG,5 ROOM,192A,RIVERVALE DR,01 TO 05,115.0,Improved,2000,453000.0,,86,8,86 years 8 months,Duplicate Composite Key Record (Lower Resale Price),,,,
2013-06,BEDOK,4 ROOM,422,BEDOK NTH RD,10 TO 12,92.0,New Generation,1979,453000.0,,64,6,64 years 6 months,Duplicate Composite Key Record (Lower Resale Price),,,,
2014-05,JURONG WEST,5 ROOM,678D,JURONG WEST ST 64,07 TO 09,110.0,Premium Apartment,2008,452000.0,,92,7,92 years 7 months,Duplicate Composite Key Record (Lower Resale Price),,,,
2014-05,PUNGGOL,4 ROOM,649,PUNGGOL CTRL,04 TO 06,90.0,Premium Apartment,2005,452000.0,,89,7,89 years 7 months,Duplicate Composite Key Record (Lower Resale Price),,,,
2012-04,TAMPINES,4 ROOM,140,TAMPINES ST 12,06 TO 10,91.0,New Generation,1984,452000.0,,70,8,70 years 8 months,Duplicate Composite Key Record (Lower Resale Price),,,,
2013-10,JURONG EAST,4 ROOM,328,JURONG EAST ST 31,10 TO 12,105.0,Model A,1984,450000.0,,69,2,69 years 2 months,Duplicate Composite Key Record (Lower Resale Price),,,,
2013-11,WOODLANDS,4 ROOM,510,WOODLANDS DR 14,04 TO 06,107.0,Premium Apartment,1999,450000.0,,84,1,84 years 1 months,Duplicate Composite Key Record (Lower Resale Price),,,,
2012-09,BUKIT BATOK,5 ROOM,319,BT BATOK ST 33,01 TO 03,122.0,Improved,1986,450000.0,,72,3,72 years 3 months,Duplicate Composite Key Record (Lower Resale Price),,,,
2013-07,ANG MO KIO,4 ROOM,427,ANG MO KIO AVE 3,04 TO 06,92.0,New Generation,1978,450000.0,,63,5,63 years 5 months,Duplicate Composite Key Record (Lower Resale Price),,,,
2016-11,SENGKANG,5 ROOM,206C,COMPASSVALE LANE,13 TO 15,122.0,Improved,1999,450000.0,81.0,81,1,81 years 1 months,Duplicate Composite Key Record (Lower Resale Price),,,,
2016-06,PUNGGOL,4 ROOM,612D,PUNGGOL DR,13 TO 15,93.0,Model A,2012,450000.0,95.0,94,6,94 years 6 months,Duplicate Composite Key Record (Lower Resale Price),,,,
2016-10,PUNGGOL,4 ROOM,601B,PUNGGOL CTRL,13 TO 15,94.0,Model A,2012,450000.0,94.0,94,2,94 years 2 months,Duplicate Composite Key Record (Lower Resale Price),,,,
2014-05,YISHUN,5 ROOM,367,YISHUN RING RD,04 TO 06,122.0,Improved,1988,450000.0,,72,7,72 years 7 months,Duplicate Composite Key Record (Lower Resale Price),,,,
2015-01,JURONG WEST,5 ROOM,673B,JURONG WEST ST 65,13 TO 15,110.0,Improved,2002,450000.0,86.0,85,11,85 years 11 months,Duplicate Composite Key Record (Lower Resale Price),,,,
2015-06,JURONG WEST,EXECUTIVE,666B,JURONG WEST ST 65,01 TO 03,130.0,Apartment,2000,450000.0,83.0,83,6,83 years 6 months,Duplicate Composite Key Record (Lower Resale Price),,,,
2014-08,WOODLANDS,5 ROOM,688E,WOODLANDS DR 75,13 TO 15,110.0,Premium Apartment,2004,450000.0,,88,4,88 years 4 months,Duplicate Composite Key Record (Lower Resale Price),,,,
2014-03,SENGKANG,4 ROOM,153,RIVERVALE CRES,13 TO 15,91.0,Model A,2005,450000.0,,89,9,89 years 9 months,Duplicate Composite Key Record (Lower Resale Price),,,,
2012-05,JURONG WEST,5 ROOM,823,JURONG WEST ST 81,11 TO 15,121.0,Improved,1990,448000.0,,76,7,76 years 7 months,Duplicate Composite Key Record (Lower Resale Price),,,,
2015-09,SENGKANG,5 ROOM,318C,ANCHORVALE LINK,10 TO 12,110.0,Premium Apartment,2003,448000.0,86.0,86,3,86 years 3 months,Duplicate Composite Key Record (Lower Resale Price),,,,
2012-08,CHOA CHU KANG,5 ROOM,691A,CHOA CHU KANG CRES,01 TO 03,110.0,Improved,2003,448000.0,,89,4,89 years 4 months,Duplicate Composite Key Record (Lower Resale Price),,,,
2014-08,BEDOK,3 ROOM,219D,BEDOK CTRL,07 TO 09,69.0,Model A,2010,448000.0,,94,4,94 years 4 months,Duplicate Composite Key Record (Lower Resale Price),,,,
2016-08,PUNGGOL,4 ROOM,601C,PUNGGOL CTRL,10 TO 12,93.0,Model A,2012,448000.0,94.0,94,4,94 years 4 months,Duplicate Composite Key Record (Lower Resale Price),,,,
2012-12,SENGKANG,4 ROOM,132,RIVERVALE ST,01 TO 03,100.0,Model A,1999,448000.0,,85,0,85 years 0 months,Duplicate Composite Key Record (Lower Resale Price),,,,
2014-05,SENGKANG,4 ROOM,235,COMPASSVALE WALK,04 TO 06,101.0,Model A,1999,448000.0,,83,7,83 years 7 months,Duplicate Composite Key Record (Lower Resale Price),,,,
2014-09,WOODLANDS,5 ROOM,688C,WOODLANDS DR 75,10 TO 12,110.0,Premium Apartment,2004,448000.0,,88,3,88 years 3 months,Duplicate Composite Key Record (Lower Resale Price),,,,
2014-04,BEDOK,4 ROOM,58,CHAI CHEE DR,07 TO 09,104.0,Model A,1983,447000.0,,67,8,67 years 8 months,Duplicate Composite Key Record (Lower Resale Price),,,,
2013-03,HOUGANG,4 ROOM,922,HOUGANG ST 91,01 TO 03,101.0,Model A,1998,447000.0,,83,9,83 years 9 months,Duplicate Composite Key Record (Lower Resale Price),,,,
2012-05,JURONG WEST,4 ROOM,657A,JURONG WEST ST 65,11 TO 15,91.0,Model A,2002,447000.0,,88,7,88 years 7 months,Duplicate Composite Key Record (Lower Resale Price),,,,
2015-03,JURONG WEST,5 ROOM,653A,JURONG WEST ST 61,10 TO 12,110.0,Improved,2002,446000.0,86.0,85,9,85 years 9 months,Duplicate Composite Key Record (Lower Resale Price),,,,
2016-04,SENGKANG,4 ROOM,443A,FERNVALE RD,16 TO 18,94.0,Model A,2012,445000.0,95.0,94,8,94 years 8 months,Duplicate Composite Key Record (Lower Resale Price),,,,
2016-09,JURONG EAST,4 ROOM,22,TEBAN GDNS RD,37 TO 39,92.0,Model A,2013,445000.0,96.0,95,3,95 years 3 months,Duplicate Composite Key Record (Lower Resale Price),,,,
2015-04,ANG MO KIO,3 ROOM,301,ANG MO KIO AVE 3,10 TO 12,88.0,New Generation,1978,445000.0,61.0,61,8,61 years 8 months,Duplicate Composite Key Record (Lower Resale Price),,,,
2013-12,BEDOK,4 ROOM,95,BEDOK NTH AVE 4,07 TO 09,92.0,New Generation,1979,445000.0,,64,0,64 years 0 months,Duplicate Composite Key Record (Lower Resale Price),,,,
2016-07,SEMBAWANG,5 ROOM,588C,MONTREAL DR,13 TO 15,110.0,Improved,2003,445000.0,85.0,85,5,85 years 5 months,Duplicate Composite Key Record (Lower Resale Price),,,,
2014-04,TAMPINES,4 ROOM,898A,TAMPINES ST 81,13 TO 15,104.0,Model A,1988,445000.0,,72,8,72 years 8 months,Duplicate Composite Key Record (Lower Resale Price),,,,
2015-09,SENGKANG,5 ROOM,206A,COMPASSVALE LANE,04 TO 06,122.0,Improved,1999,445000.0,82.0,82,3,82 years 3 months,Duplicate Composite Key Record (Lower Resale Price),,,,
2013-04,TAMPINES,4 ROOM,130,SIMEI ST 1,04 TO 06,84.0,Simplified,1987,445000.0,,72,8,72 years 8 months,Duplicate Composite Key Record (Lower Resale Price),,,,
2016-10,PUNGGOL,4 ROOM,301D,PUNGGOL PL,04 TO 06,93.0,Premium Apartment,2011,445000.0,93.0,93,2,93 years 2 months,Duplicate Composite Key Record (Lower Resale Price),,,,
2016-06,WOODLANDS,5 ROOM,539,WOODLANDS DR 16,10 TO 12,121.0,Improved,2000,445000.0,83.0,82,6,82 years 6 months,Duplicate Composite Key Record (Lower Resale Price),,,,
2013-01,BEDOK,4 ROOM,166,BEDOK STH AVE 3,04 TO 06,83.0,Simplified,1985,445000.0,,70,11,70 years 11 months,Duplicate Composite Key Record (Lower Resale Price),,,,
2014-08,PASIR RIS,4 ROOM,411,PASIR RIS DR 6,04 TO 06,106.0,Model A,1990,443000.0,,74,4,74 years 4 months,Duplicate Composite Key Record (Lower Resale Price),,,,
2016-05,PUNGGOL,4 ROOM,612D,PUNGGOL DR,04 TO 06,93.0,Model A,2012,443000.0,95.0,94,7,94 years 7 months,Duplicate Composite Key Record (Lower Resale Price),,,,
2012-10,ANG MO KIO,4 ROOM,177,ANG MO KIO AVE 4,07 TO 09,91.0,New Generation,1981,443000.0,,67,2,67 years 2 months,Duplicate Composite Key Record (Lower Resale Price),,,,
2015-04,JURONG WEST,5 ROOM,648A,JURONG WEST ST 61,04 TO 06,110.0,Improved,2001,442000.0,85.0,84,8,84 years 8 months,Duplicate Composite Key Record (Lower Resale Price),,,,
2014-05,JURONG WEST,5 ROOM,271A,JURONG WEST ST 24,16 TO 18,113.0,Premium Apartment,2003,442000.0,,87,7,87 years 7 months,Duplicate Composite Key Record (Lower Resale Price),,,,
2016-08,SENGKANG,4 ROOM,436B,FERNVALE RD,16 TO 18,96.0,Model A,2010,441888.0,92.0,92,4,92 years 4 months,Duplicate Composite Key Record (Lower Resale Price),,,,
2014-05,JURONG WEST,4 ROOM,612,JURONG WEST ST 65,07 TO 09,95.0,Premium Apartment,2001,441000.0,,85,7,85 years 7 months,Duplicate Composite Key Record (Lower Resale Price),,,,
2013-06,JURONG EAST,4 ROOM,251,JURONG EAST ST 24,07 TO 09,90.0,New Generation,1982,440888.0,,67,6,67 years 6 months,Duplicate Composite Key Record (Lower Resale Price),,,,
2016-11,SENGKANG,4 ROOM,443A,FERNVALE RD,13 TO 15,94.0,Model A,2012,440688.0,95.0,94,1,94 years 1 months,Duplicate Composite Key Record (Lower Resale Price),,,,
2014-04,BUKIT MERAH,4 ROOM,34,TELOK BLANGAH WAY,10 TO 12,82.0,Improved,1976,440000.0,,60,8,60 years 8 months,Duplicate Composite Key Record (Lower Resale Price),,,,
2014-04,BUKIT PANJANG,5 ROOM,272,BANGKIT RD,01 TO 03,128.0,Improved,1988,440000.0,,72,8,72 years 8 months,Duplicate Composite Key Record (Lower Resale Price),,,,
2015-01,WOODLANDS,5 ROOM,689D,WOODLANDS DR 75,10 TO 12,110.0,Premium Apartment,2004,440000.0,88.0,87,11,87 years 11 months,Duplicate Composite Key Record (Lower Resale Price),,,,
2014-06,BUKIT PANJANG,5 ROOM,505,JELAPANG RD,07 TO 09,123.0,Improved,1998,440000.0,,82,6,82 years 6 months,Duplicate Composite Key Record (Lower Resale Price),,,,
2014-09,JURONG WEST,5 ROOM,654A,JURONG WEST ST 61,01 TO 03,111.0,Improved,2002,440000.0,,86,3,86 years 3 months,Duplicate Composite Key Record (Lower Resale Price),,,,
2014-04,HOUGANG,4 ROOM,402,HOUGANG AVE 10,04 TO 06,91.0,New Generation,1985,440000.0,,69,8,69 years 8 months,Duplicate Composite Key Record (Lower Resale Price),,,,
2015-09,PUNGGOL,4 ROOM,301D,PUNGGOL PL,04 TO 06,93.0,Premium Apartment,2011,440000.0,94.0,94,3,94 years 3 months,Duplicate Composite Key Record (Lower Resale Price),,,,
2014-05,KALLANG/WHAMPOA,3 ROOM,105,TOWNER RD,07 TO 09,74.0,Model A,1984,440000.0,,68,7,68 years 7 months,Duplicate Composite Key Record (Lower Resale Price),,,,
2012-12,WOODLANDS,5 ROOM,628B,WOODLANDS RING RD,04 TO 06,122.0,Improved,1998,440000.0,,84,0,84 years 0 months,Duplicate Composite Key Record (Lower Resale Price),,,,
2015-05,JURONG WEST,5 ROOM,659B,JURONG WEST ST 65,04 TO 06,110.0,Improved,2001,440000.0,85.0,84,7,84 years 7 months,Duplicate Composite Key Record (Lower Resale Price),,,,
2012-03,YISHUN,4 ROOM,737,YISHUN ST 72,06 TO 10,91.0,New Generation,1985,440000.0,,71,9,71 years 9 months,Duplicate Composite Key Record (Lower Resale Price),,,,
2012-03,WOODLANDS,5 ROOM,587,WOODLANDS DR 16,06 TO 10,111.0,Improved,2001,440000.0,,87,9,87 years 9 months,Duplicate Composite Key Record (Lower Resale Price),,,,
2014-05,JURONG WEST,5 ROOM,840,JURONG WEST ST 81,07 TO 09,127.0,Improved,1993,439000.0,,77,7,77 years 7 months,Duplicate Composite Key Record (Lower Resale Price),,,,
2016-04,SENGKANG,5 ROOM,313A,ANCHORVALE RD,13 TO 15,110.0,Premium Apartment,2003,438000.0,86.0,85,8,85 years 8 months,Duplicate Composite Key Record (Lower Resale Price),,,,
2014-02,TAMPINES,4 ROOM,868,TAMPINES ST 83,04 TO 06,104.0,Model A,1989,438000.0,,73,10,73 years 10 months,Duplicate Composite Key Record (Lower Resale Price),,,,
2014-05,TAMPINES,4 ROOM,291,TAMPINES ST 22,07 TO 09,104.0,Model A,1984,438000.0,,68,7,68 years 7 months,Duplicate Composite Key Record (Lower Resale Price),,,,
2014-04,HOUGANG,4 ROOM,402,HOUGANG AVE 10,04 TO 06,91.0,New Generation,1985,438000.0,,69,8,69 years 8 months,Duplicate Composite Key Record (Lower Resale Price),,,,
2012-06,TAMPINES,4 ROOM,367,TAMPINES ST 34,07 TO 09,102.0,Model A,1997,438000.0,,83,6,83 years 6 months,Duplicate Composite Key Record (Lower Resale Price),,,,
2012-05,TAMPINES,4 ROOM,343,TAMPINES ST 33,06 TO 10,106.0,Model A,1995,438000.0,,81,7,81 years 7 months,Duplicate Composite Key Record (Lower Resale Price),,,,
2012-03,WOODLANDS,5 ROOM,718,WOODLANDS AVE 6,01 TO 05,120.0,Improved,1997,436000.0,,83,9,83 years 9 months,Duplicate Composite Key Record (Lower Resale Price),,,,
2012-05,BUKIT MERAH,4 ROOM,40,TELOK BLANGAH RISE,01 TO 05,82.0,Improved,1976,435000.0,,62,7,62 years 7 months,Duplicate Composite Key Record (Lower Resale Price),,,,
2016-08,PUNGGOL,4 ROOM,615B,EDGEFIELD PLAINS,13 TO 15,92.0,Model A,2012,435000.0,95.0,94,4,94 years 4 months,Duplicate Composite Key Record (Lower Resale Price),,,,
2012-03,HOUGANG,4 ROOM,965,HOUGANG AVE 9,01 TO 05,101.0,Model A,1999,435000.0,,85,9,85 years 9 months,Duplicate Composite Key Record (Lower Resale Price),,,,
2016-12,CLEMENTI,4 ROOM,511,WEST COAST DR,07 TO 09,91.0,New Generation,1978,435000.0,60.0,60,0,60 years 0 months,Duplicate Composite Key Record (Lower Resale Price),,,,
2012-10,WOODLANDS,5 ROOM,541,WOODLANDS DR 16,01 TO 03,121.0,Improved,2000,435000.0,,86,2,86 years 2 months,Duplicate Composite Key Record (Lower Resale Price),,,,
2013-05,CLEMENTI,3 ROOM,319,CLEMENTI AVE 4,07 TO 09,67.0,New Generation,1979,435000.0,,64,7,64 years 7 months,Duplicate Composite Key Record (Lower Resale Price),,,,
2012-02,JURONG WEST,4 ROOM,668B,JURONG WEST ST 64,04 TO 06,90.0,Model A2,2000,435000.0,,86,10,86 years 10 months,Duplicate Composite Key Record (Lower Resale Price),,,,
2014-04,YISHUN,4 ROOM,790,YISHUN AVE 2,04 TO 06,103.0,Model A,1987,435000.0,,71,8,71 years 8 months,Duplicate Composite Key Record (Lower Resale Price),,,,
2015-03,SENGKANG,5 ROOM,316A,ANCHORVALE LINK,07 TO 09,110.0,Premium Apartment,2003,435000.0,87.0,86,9,86 years 9 months,Duplicate Composite Key Record (Lower Resale Price),,,,
2012-03,CLEMENTI,4 ROOM,716,CLEMENTI WEST ST 2,06 TO 10,91.0,New Generation,1981,435000.0,,67,9,67 years 9 months,Duplicate Composite Key Record (Lower Resale Price),,,,
2013-03,WOODLANDS,4 ROOM,720,WOODLANDS AVE 6,01 TO 03,100.0,Model A,1997,435000.0,,82,9,82 years 9 months,Duplicate Composite Key Record (Lower Resale Price),,,,
2014-07,TAMPINES,4 ROOM,285,TAMPINES ST 22,04 TO 06,103.0,Model A,1984,435000.0,,68,5,68 years 5 months,Duplicate Composite Key Record (Lower Resale Price),,,,
2013-01,TOA PAYOH,4 ROOM,200,TOA PAYOH NTH,10 TO 12,87.0,Improved,1973,434000.0,,58,11,58 years 11 months,Duplicate Composite Key Record (Lower Resale Price),,,,
2013-08,QUEENSTOWN,3 ROOM,8,HOLLAND AVE,16 TO 18,59.0,Improved,1974,434000.0,,59,4,59 years 4 months,Duplicate Composite Key Record (Lower Resale Price),,,,
2014-03,TAMPINES,4 ROOM,351,TAMPINES ST 33,04 TO 06,105.0,Model A,1996,433888.0,,80,9,80 years 9 months,Duplicate Composite Key Record (Lower Resale Price),,,,
2013-04,YISHUN,4 ROOM,625,YISHUN ST 61,04 TO 06,88.0,Simplified,1987,433000.0,,72,8,72 years 8 months,Duplicate Composite Key Record (Lower Resale Price),,,,
2015-03,SENGKANG,4 ROOM,209C,COMPASSVALE LANE,10 TO 12,92.0,Model A,2011,433000.0,95.0,94,9,94 years 9 months,Duplicate Composite Key Record (Lower Resale Price),,,,
2014-06,WOODLANDS,5 ROOM,585,WOODLANDS DR 16,07 TO 09,111.0,Improved,2001,432500.0,,85,6,85 years 6 months,Duplicate Composite Key Record (Lower Resale Price),,,,
2014-06,PASIR RIS,4 ROOM,754,PASIR RIS ST 71,07 TO 09,104.0,Model A,1996,432000.0,,80,6,80 years 6 months,Duplicate Composite Key Record (Lower Resale Price),,,,
2016-08,CHOA CHU KANG,5 ROOM,568,CHOA CHU KANG ST 52,04 TO 06,129.0,Improved,1995,432000.0,77.0,77,4,77 years 4 months,Duplicate Composite Key Record (Lower Resale Price),,,,
2016-08,TAMPINES,4 ROOM,498J,TAMPINES ST 45,07 TO 09,106.0,Premium Apartment,1997,432000.0,79.0,79,4,79 years 4 months,Duplicate Composite Key Record (Lower Resale Price),,,,
2016-06,SENGKANG,4 ROOM,211B,COMPASSVALE LANE,10 TO 12,93.0,Model A,2013,432000.0,95.0,95,6,95 years 6 months,Duplicate Composite Key Record (Lower Resale Price),,,,
2013-08,TAMPINES,4 ROOM,369,TAMPINES ST 34,04 TO 06,100.0,Model A,1997,432000.0,,82,4,82 years 4 months,Duplicate Composite Key Record (Lower Resale Price),,,,
2015-05,SENGKANG,4 ROOM,439A,SENGKANG WEST AVE,16 TO 18,94.0,Model A,2011,432000.0,94.0,94,7,94 years 7 months,Duplicate Composite Key Record (Lower Resale Price),,,,
2015-04,CLEMENTI,4 ROOM,512,WEST COAST DR,07 TO 09,91.0,New Generation,1978,431000.0,61.0,61,8,61 years 8 months,Duplicate Composite Key Record (Lower Resale Price),,,,
2012-09,BUKIT PANJANG,4 ROOM,526,JELAPANG RD,04 TO 06,102.0,Model A,1999,431000.0,,85,3,85 years 3 months,Duplicate Composite Key Record (Lower Resale Price),,,,
2015-06,PUNGGOL,5 ROOM,652,PUNGGOL CTRL,04 TO 06,110.0,Premium Apartment,2005,430000.0,88.0,88,6,88 years 6 months,Duplicate Composite Key Record (Lower Resale Price),,,,
2014-10,BEDOK,4 ROOM,718,BEDOK RESERVOIR RD,04 TO 06,104.0,Model A,1984,430000.0,,68,2,68 years 2 months,Duplicate Composite Key Record (Lower Resale Price),,,,
2012-05,SEMBAWANG,4 ROOM,467,ADMIRALTY DR,11 TO 15,102.0,Premium Apartment,2001,430000.0,,87,7,87 years 7 months,Duplicate Composite Key Record (Lower Resale Price),,,,
2012-10,BEDOK,4 ROOM,103,BEDOK RESERVOIR RD,10 TO 12,91.0,New Generation,1985,430000.0,,71,2,71 years 2 months,Duplicate Composite Key Record (Lower Resale Price),,,,
2016-10,SENGKANG,4 ROOM,445B,FERNVALE RD,13 TO 15,94.0,Model A,2012,430000.0,95.0,94,2,94 years 2 months,Duplicate Composite Key Record (Lower Resale Price),,,,
2014-05,BUKIT PANJANG,5 ROOM,471,SEGAR RD,01 TO 03,110.0,Premium Apartment,2002,430000.0,,86,7,86 years 7 months,Duplicate Composite Key Record (Lower Resale Price),,,,
2012-02,BEDOK,4 ROOM,166,BEDOK STH AVE 3,10 TO 12,104.0,Model A,1985,430000.0,,71,10,71 years 10 months,Duplicate Composite Key Record (Lower Resale Price),,,,
2016-04,WOODLANDS,5 ROOM,687C,WOODLANDS DR 75,07 TO 09,114.0,Premium Apartment,2003,430000.0,85.0,85,8,85 years 8 months,Duplicate Composite Key Record (Lower Resale Price),,,,
2012-05,WOODLANDS,5 ROOM,576,WOODLANDS DR 16,01 TO 05,110.0,Improved,2000,430000.0,,86,7,86 years 7 months,Duplicate Composite Key Record (Lower Resale Price),,,,
2014-05,SEMBAWANG,5 ROOM,475,SEMBAWANG DR,10 TO 12,110.0,Improved,2000,430000.0,,84,7,84 years 7 months,Duplicate Composite Key Record (Lower Resale Price),,,,
2014-05,SEMBAWANG,5 ROOM,411,SEMBAWANG DR,13 TO 15,110.0,Improved,2001,430000.0,,85,7,85 years 7 months,Duplicate Composite Key Record (Lower Resale Price),,,,
2015-09,TAMPINES,4 ROOM,165,SIMEI RD,04 TO 06,104.0,Model A,1989,428888.0,72.0,72,3,72 years 3 months,Duplicate Composite Key Record (Lower Resale Price),,,,
2014-06,PASIR RIS,4 ROOM,461,PASIR RIS DR 4,04 TO 06,104.0,Model A,1992,428000.0,,76,6,76 years 6 months,Duplicate Composite Key Record (Lower Resale Price),,,,
2013-04,JURONG WEST,4 ROOM,486,JURONG WEST AVE 1,10 TO 12,91.0,New Generation,1985,428000.0,,70,8,70 years 8 months,Duplicate Composite Key Record (Lower Resale Price),,,,
2015-12,JURONG EAST,4 ROOM,224,JURONG EAST ST 21,04 TO 06,91.0,New Generation,1984,428000.0,67.0,67,0,67 years 0 months,Duplicate Composite Key Record (Lower Resale Price),,,,
2014-05,JURONG WEST,4 ROOM,651B,JURONG WEST ST 61,04 TO 06,91.0,Model A,2002,428000.0,,86,7,86 years 7 months,Duplicate Composite Key Record (Lower Resale Price),,,,
2012-09,ANG MO KIO,3 ROOM,346,ANG MO KIO AVE 3,10 TO 12,73.0,New Generation,1978,428000.0,,64,3,64 years 3 months,Duplicate Composite Key Record (Lower Resale Price),,,,
2012-02,QUEENSTOWN,3 ROOM,13,HOLLAND DR,07 TO 09,65.0,Improved,1975,428000.0,,61,10,61 years 10 months,Duplicate Composite Key Record (Lower Resale Price),,,,
2012-05,TAMPINES,4 ROOM,112,SIMEI ST 1,06 TO 10,84.0,Simplified,1988,426000.0,,74,7,74 years 7 months,Duplicate Composite Key Record (Lower Resale Price),,,,
2015-06,PUNGGOL,5 ROOM,173A,PUNGGOL FIELD,07 TO 09,110.0,Improved,2003,425000.0,87.0,86,6,86 years 6 months,Duplicate Composite Key Record (Lower Resale Price),,,,
2016-06,CHOA CHU KANG,5 ROOM,672B,CHOA CHU KANG CRES,07 TO 09,124.0,Premium Apartment,2000,425000.0,82.0,82,6,82 years 6 months,Duplicate Composite Key Record (Lower Resale Price),,,,
2014-04,SENGKANG,4 ROOM,260B,SENGKANG EAST WAY,01 TO 03,90.0,Model A,2001,425000.0,,85,8,85 years 8 months,Duplicate Composite Key Record (Lower Resale Price),,,,
2016-05,SENGKANG,4 ROOM,410B,FERNVALE RD,04 TO 06,95.0,Premium Apartment,2012,425000.0,95.0,94,7,94 years 7 months,Duplicate Composite Key Record (Lower Resale Price),,,,
2016-07,PUNGGOL,5 ROOM,132,EDGEDALE PLAINS,16 TO 18,111.0,Premium Apartment,2003,425000.0,86.0,85,5,85 years 5 months,Duplicate Composite Key Record (Lower Resale Price),,,,
2014-04,CLEMENTI,3 ROOM,366,CLEMENTI AVE 2,16 TO 18,61.0,Model A,2003,425000.0,,87,8,87 years 8 months,Duplicate Composite Key Record (Lower Resale Price),,,,
2012-11,TOA PAYOH,4 ROOM,222,LOR 8 TOA PAYOH,19 TO 21,82.0,Improved,1976,425000.0,,62,1,62 years 1 months,Duplicate Composite Key Record (Lower Resale Price),,,,
2015-09,TAMPINES,4 ROOM,916,TAMPINES ST 91,04 TO 06,104.0,Model A,1984,425000.0,68.0,67,3,67 years 3 months,Duplicate Composite Key Record (Lower Resale Price),,,,
2014-04,KALLANG/WHAMPOA,3 ROOM,463,CRAWFORD LANE,19 TO 21,60.0,Improved,1982,425000.0,,66,8,66 years 8 months,Duplicate Composite Key Record (Lower Resale Price),,,,
2014-02,WOODLANDS,5 ROOM,586,WOODLANDS DR 16,04 TO 06,111.0,Improved,2001,425000.0,,85,10,85 years 10 months,Duplicate Composite Key Record (Lower Resale Price),,,,
2016-04,SENGKANG,4 ROOM,210A,COMPASSVALE LANE,07 TO 09,93.0,Model A,2013,425000.0,95.0,95,8,95 years 8 months,Duplicate Composite Key Record (Lower Resale Price),,,,
2012-10,PASIR RIS,4 ROOM,559,PASIR RIS ST 51,01 TO 03,104.0,Model A,1993,424500.0,,79,2,79 years 2 months,Duplicate Composite Key Record (Lower Resale Price),,,,
2012-03,SEMBAWANG,5 ROOM,467B,ADMIRALTY DR,01 TO 05,118.0,Premium Apartment,2001,424000.0,,87,9,87 years 9 months,Duplicate Composite Key Record (Lower Resale Price),,,,
2013-01,BEDOK,4 ROOM,106,BEDOK RESERVOIR RD,10 TO 12,91.0,New Generation,1985,423000.0,,70,11,70 years 11 months,Duplicate Composite Key Record (Lower Resale Price),,,,
2012-10,BISHAN,3 ROOM,313,SHUNFU RD,07 TO 09,67.0,New Generation,1985,422000.0,,71,2,71 years 2 months,Duplicate Composite Key Record (Lower Resale Price),,,,
2016-09,PUNGGOL,5 ROOM,126A,EDGEDALE PLAINS,04 TO 06,110.0,Improved,2003,420000.0,85.0,85,3,85 years 3 months,Duplicate Composite Key Record (Lower Resale Price),,,,
2015-01,PASIR RIS,4 ROOM,516,PASIR RIS ST 52,10 TO 12,106.0,Model A,1993,420000.0,78.0,76,11,76 years 11 months,Duplicate Composite Key Record (Lower Resale Price),,,,
2016-10,BUKIT BATOK,4 ROOM,385,BT BATOK WEST AVE 5,22 TO 24,90.0,Model A,2005,420000.0,87.0,87,2,87 years 2 months,Duplicate Composite Key Record (Lower Resale Price),,,,
2016-10,BUKIT BATOK,4 ROOM,210,BT BATOK ST 21,07 TO 09,104.0,Model A,1985,420000.0,67.0,67,2,67 years 2 months,Duplicate Composite Key Record (Lower Resale Price),,,,
2014-04,MARINE PARADE,3 ROOM,30,MARINE CRES,13 TO 15,65.0,Improved,1975,420000.0,,59,8,59 years 8 months,Duplicate Composite Key Record (Lower Resale Price),,,,
2016-04,PUNGGOL,4 ROOM,614B,EDGEFIELD PLAINS,07 TO 09,92.0,Model A,2012,420000.0,95.0,94,8,94 years 8 months,Duplicate Composite Key Record (Lower Resale Price),,,,
2012-04,TAMPINES,4 ROOM,338,TAMPINES ST 33,06 TO 10,107.0,Model A,1995,420000.0,,81,8,81 years 8 months,Duplicate Composite Key Record (Lower Resale Price),,,,
2014-01,SEMBAWANG,4 ROOM,486,ADMIRALTY LINK,10 TO 12,90.0,Model A,2004,420000.0,,88,11,88 years 11 months,Duplicate Composite Key Record (Lower Resale Price),,,,
2016-06,PUNGGOL,4 ROOM,615B,EDGEFIELD PLAINS,01 TO 03,92.0,Model A,2012,420000.0,95.0,94,6,94 years 6 months,Duplicate Composite Key Record (Lower Resale Price),,,,
2014-06,PUNGGOL,5 ROOM,126D,EDGEDALE PLAINS,13 TO 15,110.0,Improved,2003,420000.0,,87,6,87 years 6 months,Duplicate Composite Key Record (Lower Resale Price),,,,
2015-08,TAMPINES,4 ROOM,422,TAMPINES ST 41,04 TO 06,104.0,Model A,1985,420000.0,69.0,68,4,68 years 4 months,Duplicate Composite Key Record (Lower Resale Price),,,,
2014-06,BUKIT BATOK,4 ROOM,288E,BT BATOK ST 25,04 TO 06,102.0,Model A,1998,420000.0,,82,6,82 years 6 months,Duplicate Composite Key Record (Lower Resale Price),,,,
2014-05,CHOA CHU KANG,4 ROOM,484B,CHOA CHU KANG AVE 5,13 TO 15,101.0,Model A,1999,420000.0,,83,7,83 years 7 months,Duplicate Composite Key Record (Lower Resale Price),,,,
2014-04,QUEENSTOWN,3 ROOM,23A,QUEEN'S CL,16 TO 18,76.0,Improved,1973,420000.0,,57,8,57 years 8 months,Duplicate Composite Key Record (Lower Resale Price),,,,
2012-05,SEMBAWANG,4 ROOM,467,ADMIRALTY DR,11 TO 15,102.0,Premium Apartment,2001,419000.0,,87,7,87 years 7 months,Duplicate Composite Key Record (Lower Resale Price),,,,
2014-05,WOODLANDS,4 ROOM,794,WOODLANDS DR 72,13 TO 15,101.0,Model A,1998,418800.0,,82,7,82 years 7 months,Duplicate Composite Key Record (Lower Resale Price),,,,
2016-04,JURONG WEST,4 ROOM,641,JURONG WEST ST 61,10 TO 12,100.0,Model A,1998,418000.0,81.0,80,8,80 years 8 months,Duplicate Composite Key Record (Lower Resale Price),,,,
2016-04,HOUGANG,4 ROOM,324,HOUGANG AVE 5,04 TO 06,104.0,Model A,1983,418000.0,66.0,65,8,65 years 8 months,Duplicate Composite Key Record (Lower Resale Price),,,,
2013-06,BEDOK,4 ROOM,34,BEDOK STH AVE 2,04 TO 06,90.0,Improved,1977,418000.0,,62,6,62 years 6 months,Duplicate Composite Key Record (Lower Resale Price),,,,
2014-04,WOODLANDS,5 ROOM,10,MARSILING DR,10 TO 12,126.0,Standard,1976,418000.0,,60,8,60 years 8 months,Duplicate Composite Key Record (Lower Resale Price),,,,
2012-10,QUEENSTOWN,3 ROOM,5,GHIM MOH RD,10 TO 12,65.0,Improved,1976,417000.0,,62,2,62 years 2 months,Duplicate Composite Key Record (Lower Resale Price),,,,
2012-04,QUEENSTOWN,3 ROOM,9,HOLLAND AVE,06 TO 10,65.0,Improved,1974,417000.0,,60,8,60 years 8 months,Duplicate Composite Key Record (Lower Resale Price),,,,
2012-03,JURONG WEST,4 ROOM,836,JURONG WEST ST 81,11 TO 15,109.0,Model A,1993,417000.0,,79,9,79 years 9 months,Duplicate Composite Key Record (Lower Resale Price),,,,
2016-05,HOUGANG,4 ROOM,130,LOR AH SOO,07 TO 09,103.0,Model A,1984,416000.0,66.0,66,7,66 years 7 months,Duplicate Composite Key Record (Lower Resale Price),,,,
2012-04,CHOA CHU KANG,4 ROOM,667,CHOA CHU KANG CRES,11 TO 15,102.0,Model A,1999,416000.0,,85,8,85 years 8 months,Duplicate Composite Key Record (Lower Resale Price),,,,
2016-01,PUNGGOL,4 ROOM,601C,PUNGGOL CTRL,10 TO 12,93.0,Model A,2012,415000.0,95.0,94,11,94 years 11 months,Duplicate Composite Key Record (Lower Resale Price),,,,
2016-10,PUNGGOL,5 ROOM,128C,PUNGGOL FIELD WALK,13 TO 15,110.0,Improved,2003,415000.0,85.0,85,2,85 years 2 months,Duplicate Composite Key Record (Lower Resale Price),,,,
2014-05,BUKIT PANJANG,5 ROOM,203,PETIR RD,04 TO 06,122.0,Improved,1988,415000.0,,72,7,72 years 7 months,Duplicate Composite Key Record (Lower Resale Price),,,,
2012-06,TAMPINES,4 ROOM,339,TAMPINES ST 33,01 TO 03,109.0,Model A,1995,415000.0,,81,6,81 years 6 months,Duplicate Composite Key Record (Lower Resale Price),,,,
2012-10,WOODLANDS,4 ROOM,787D,WOODLANDS CRES,07 TO 09,100.0,Model A,1997,415000.0,,83,2,83 years 2 months,Duplicate Composite Key Record (Lower Resale Price),,,,
2015-12,WOODLANDS,5 ROOM,702,WOODLANDS DR 40,07 TO 09,118.0,Improved,1996,415000.0,80.0,79,0,79 years 0 months,Duplicate Composite Key Record (Lower Resale Price),,,,
2016-04,SENGKANG,4 ROOM,443A,FERNVALE RD,04 TO 06,94.0,Model A,2012,415000.0,95.0,94,8,94 years 8 months,Duplicate Composite Key Record (Lower Resale Price),,,,
2012-08,SEMBAWANG,4 ROOM,302,CANBERRA RD,07 TO 09,91.0,Model A2,1998,415000.0,,84,4,84 years 4 months,Duplicate Composite Key Record (Lower Resale Price),,,,
2014-03,WOODLANDS,4 ROOM,682C,WOODLANDS DR 73,04 TO 06,101.0,Premium Apartment,2000,415000.0,,84,9,84 years 9 months,Duplicate Composite Key Record (Lower Resale Price),,,,
2012-03,WOODLANDS,4 ROOM,860,WOODLANDS ST 83,06 TO 10,106.0,Model A,1996,414180.0,,82,9,82 years 9 months,Duplicate Composite Key Record (Lower Resale Price),,,,
2014-05,HOUGANG,4 ROOM,553,HOUGANG ST 51,04 TO 06,104.0,Model A,1989,414000.0,,73,7,73 years 7 months,Duplicate Composite Key Record (Lower Resale Price),,,,
2014-09,KALLANG/WHAMPOA,3 ROOM,107,TOWNER RD,04 TO 06,74.0,Model A,1983,414000.0,,67,3,67 years 3 months,Duplicate Composite Key Record (Lower Resale Price),,,,
2012-01,PASIR RIS,4 ROOM,626,PASIR RIS DR 3,01 TO 03,104.0,Model A,1995,413000.0,,81,11,81 years 11 months,Duplicate Composite Key Record (Lower Resale Price),,,,
2014-05,YISHUN,4 ROOM,227,YISHUN ST 21,04 TO 06,93.0,New Generation,1985,413000.0,,69,7,69 years 7 months,Duplicate Composite Key Record (Lower Resale Price),,,,
2013-11,TOA PAYOH,3 ROOM,104,POTONG PASIR AVE 1,07 TO 09,74.0,Model A,1984,413000.0,,69,1,69 years 1 months,Duplicate Composite Key Record (Lower Resale Price),,,,
2016-05,HOUGANG,5 ROOM,339,HOUGANG AVE 7,04 TO 06,121.0,Improved,1985,413000.0,68.0,67,7,67 years 7 months,Duplicate Composite Key Record (Lower Resale Price),,,,
2012-08,SEMBAWANG,4 ROOM,404,ADMIRALTY LINK,13 TO 15,90.0,Model A,2001,413000.0,,87,4,87 years 4 months,Duplicate Composite Key Record (Lower Resale Price),,,,
2016-10,PUNGGOL,4 ROOM,615A,EDGEFIELD PLAINS,04 TO 06,92.0,Model A,2012,412000.0,95.0,94,2,94 years 2 months,Duplicate Composite Key Record (Lower Resale Price),,,,
2014-01,SEMBAWANG,4 ROOM,486,ADMIRALTY LINK,10 TO 12,90.0,Model A,2004,412000.0,,88,11,88 years 11 months,Duplicate Composite Key Record (Lower Resale Price),,,,
2012-09,CHOA CHU KANG,4 ROOM,151,JLN TECK WHYE,04 TO 06,100.0,Model A,1998,412000.0,,84,3,84 years 3 months,Duplicate Composite Key Record (Lower Resale Price),,,,
2013-12,SENGKANG,4 ROOM,292B,COMPASSVALE ST,07 TO 09,90.0,Model A,2002,412000.0,,87,0,87 years 0 months,Duplicate Composite Key Record (Lower Resale Price),,,,
2014-05,CHOA CHU KANG,4 ROOM,677,CHOA CHU KANG CRES,04 TO 06,105.0,Premium Apartment,1999,410000.0,,83,7,83 years 7 months,Duplicate Composite Key Record (Lower Resale Price),,,,
2014-05,CHOA CHU KANG,4 ROOM,626,CHOA CHU KANG ST 62,07 TO 09,100.0,Model A,1997,410000.0,,81,7,81 years 7 months,Duplicate Composite Key Record (Lower Resale Price),,,,
2016-01,CLEMENTI,3 ROOM,450,CLEMENTI AVE 3,04 TO 06,82.0,New Generation,1980,410000.0,63.0,62,11,62 years 11 months,Duplicate Composite Key Record (Lower Resale Price),,,,
2012-07,JURONG WEST,4 ROOM,531,JURONG WEST ST 52,04 TO 06,93.0,New Generation,1983,410000.0,,69,5,69 years 5 months,Duplicate Composite Key Record (Lower Resale Price),,,,
2012-04,TAMPINES,4 ROOM,148,SIMEI ST 1,01 TO 05,84.0,Simplified,1988,410000.0,,74,8,74 years 8 months,Duplicate Composite Key Record (Lower Resale Price),,,,
2014-03,CHOA CHU KANG,4 ROOM,223,CHOA CHU KANG CTRL,07 TO 09,104.0,Model A,1993,410000.0,,77,9,77 years 9 months,Duplicate Composite Key Record (Lower Resale Price),,,,
2015-10,BUKIT BATOK,4 ROOM,116,BT BATOK WEST AVE 6,01 TO 03,107.0,Model A,1984,410000.0,68.0,67,2,67 years 2 months,Duplicate Composite Key Record (Lower Resale Price),,,,
2014-12,MARINE PARADE,3 ROOM,47,MARINE CRES,07 TO 09,65.0,Improved,1975,410000.0,,59,0,59 years 0 months,Duplicate Composite Key Record (Lower Resale Price),,,,
2012-09,WOODLANDS,4 ROOM,614,WOODLANDS AVE 4,10 TO 12,102.0,Model A,1998,410000.0,,84,3,84 years 3 months,Duplicate Composite Key Record (Lower Resale Price),,,,
2014-05,SENGKANG,4 ROOM,291B,COMPASSVALE ST,07 TO 09,90.0,Model A,2002,410000.0,,86,7,86 years 7 months,Duplicate Composite Key Record (Lower Resale Price),,,,
2013-05,JURONG WEST,4 ROOM,944,JURONG WEST ST 91,10 TO 12,103.0,Model A,1989,410000.0,,74,7,74 years 7 months,Duplicate Composite Key Record (Lower Resale Price),,,,
2015-08,BEDOK,4 ROOM,64,NEW UPP CHANGI RD,04 TO 06,92.0,New Generation,1978,410000.0,61.0,61,4,61 years 4 months,Duplicate Composite Key Record (Lower Resale Price),,,,
2014-06,JURONG WEST,4 ROOM,655B,JURONG WEST ST 61,07 TO 09,85.0,Model A2,2002,410000.0,,86,6,86 years 6 months,Duplicate Composite Key Record (Lower Resale Price),,,,
2014-05,PASIR RIS,4 ROOM,473,PASIR RIS DR 6,04 TO 06,103.0,Model A,1989,410000.0,,73,7,73 years 7 months,Duplicate Composite Key Record (Lower Resale Price),,,,
2013-08,BEDOK,4 ROOM,706,BEDOK NTH RD,04 TO 06,91.0,New Generation,1980,410000.0,,65,4,65 years 4 months,Duplicate Composite Key Record (Lower Resale Price),,,,
2012-03,BEDOK,4 ROOM,80,BEDOK NTH RD,01 TO 05,91.0,New Generation,1978,408000.0,,64,9,64 years 9 months,Duplicate Composite Key Record (Lower Resale Price),,,,
2014-09,BEDOK,4 ROOM,6,BEDOK STH AVE 2,10 TO 12,82.0,Improved,1976,408000.0,,60,3,60 years 3 months,Duplicate Composite Key Record (Lower Resale Price),,,,
2016-12,BUKIT PANJANG,4 ROOM,455,SEGAR RD,07 TO 09,93.0,Premium Apartment,2012,408000.0,94.0,94,0,94 years 0 months,Duplicate Composite Key Record (Lower Resale Price),,,,
2014-03,CENTRAL AREA,3 ROOM,4,SAGO LANE,10 TO 12,57.0,Improved,1974,408000.0,,58,9,58 years 9 months,Duplicate Composite Key Record (Lower Resale Price),,,,
2012-10,WOODLANDS,4 ROOM,842,WOODLANDS ST 82,04 TO 06,104.0,Model A,1994,408000.0,,80,2,80 years 2 months,Duplicate Composite Key Record (Lower Resale Price),,,,
2015-04,SERANGOON,4 ROOM,224,SERANGOON AVE 4,04 TO 06,91.0,New Generation,1984,408000.0,68.0,67,8,67 years 8 months,Duplicate Composite Key Record (Lower Resale Price),,,,
2014-04,SERANGOON,4 ROOM,144,SERANGOON NTH AVE 1,01 TO 03,103.0,Model A,1987,408000.0,,71,8,71 years 8 months,Duplicate Composite Key Record (Lower Resale Price),,,,
2016-08,YISHUN,4 ROOM,450,YISHUN RING RD,10 TO 12,97.0,Model A,2012,408000.0,95.0,94,4,94 years 4 months,Duplicate Composite Key Record (Lower Resale Price),,,,
2012-11,JURONG WEST,4 ROOM,725,JURONG WEST AVE 5,04 TO 06,104.0,Model A,1989,407000.0,,75,1,75 years 1 months,Duplicate Composite Key Record (Lower Resale Price),,,,
2014-12,JURONG WEST,4 ROOM,645,JURONG WEST ST 61,04 TO 06,100.0,Model A,1998,407000.0,,82,0,82 years 0 months,Duplicate Composite Key Record (Lower Resale Price),,,,
2013-05,CLEMENTI,3 ROOM,377,CLEMENTI AVE 5,04 TO 06,67.0,New Generation,1980,407000.0,,65,7,65 years 7 months,Duplicate Composite Key Record (Lower Resale Price),,,,
2012-04,SENGKANG,4 ROOM,188B,RIVERVALE DR,06 TO 10,96.0,Model A,2000,407000.0,,86,8,86 years 8 months,Duplicate Composite Key Record (Lower Resale Price),,,,
2014-05,BUKIT MERAH,3 ROOM,130,BT MERAH VIEW,13 TO 15,65.0,Improved,1973,406800.0,,57,7,57 years 7 months,Duplicate Composite Key Record (Lower Resale Price),,,,
2012-07,PASIR RIS,4 ROOM,142,PASIR RIS ST 11,01 TO 03,108.0,Model A,1994,406000.0,,80,5,80 years 5 months,Duplicate Composite Key Record (Lower Resale Price),,,,
2016-04,BISHAN,3 ROOM,313,SHUNFU RD,04 TO 06,67.0,New Generation,1985,405000.0,68.0,67,8,67 years 8 months,Duplicate Composite Key Record (Lower Resale Price),,,,
2014-04,PASIR RIS,4 ROOM,117,PASIR RIS ST 11,01 TO 03,106.0,Model A,1990,405000.0,,74,8,74 years 8 months,Duplicate Composite Key Record (Lower Resale Price),,,,
2014-02,SENGKANG,4 ROOM,184C,RIVERVALE CRES,13 TO 15,85.0,Model A2,2003,405000.0,,87,10,87 years 10 months,Duplicate Composite Key Record (Lower Resale Price),,,,
2013-01,BEDOK,4 ROOM,34,BEDOK STH AVE 2,01 TO 03,90.0,Improved,1977,405000.0,,62,11,62 years 11 months,Duplicate Composite Key Record (Lower Resale Price),,,,
2014-11,SEMBAWANG,4 ROOM,489,ADMIRALTY LINK,16 TO 18,96.0,Model A,2010,405000.0,,94,1,94 years 1 months,Duplicate Composite Key Record (Lower Resale Price),,,,
2015-03,TAMPINES,4 ROOM,731,TAMPINES ST 71,01 TO 03,104.0,Model A,1997,405000.0,81.0,80,9,80 years 9 months,Duplicate Composite Key Record (Lower Resale Price),,,,
2012-08,BUKIT MERAH,3 ROOM,12,TAMAN HO SWEE,07 TO 09,66.0,Standard,1970,405000.0,,56,4,56 years 4 months,Duplicate Composite Key Record (Lower Resale Price),,,,
2016-01,MARINE PARADE,3 ROOM,67,MARINE DR,07 TO 09,65.0,Improved,1976,405000.0,59.0,58,11,58 years 11 months,Duplicate Composite Key Record (Lower Resale Price),,,,
2016-06,YISHUN,4 ROOM,445,YISHUN AVE 11,07 TO 09,92.0,Model A,2012,405000.0,95.0,94,6,94 years 6 months,Duplicate Composite Key Record (Lower Resale Price),,,,
2014-05,WOODLANDS,5 ROOM,578,WOODLANDS DR 16,01 TO 03,110.0,Improved,2000,405000.0,,84,7,84 years 7 months,Duplicate Composite Key Record (Lower Resale Price),,,,
2013-11,ANG MO KIO,3 ROOM,319,ANG MO KIO AVE 1,04 TO 06,73.0,New Generation,1977,405000.0,,62,1,62 years 1 months,Duplicate Composite Key Record (Lower Resale Price),,,,
2012-07,ANG MO KIO,4 ROOM,212,ANG MO KIO AVE 3,01 TO 03,81.0,New Generation,1977,405000.0,,63,5,63 years 5 months,Duplicate Composite Key Record (Lower Resale Price),,,,
2014-05,BEDOK,4 ROOM,148,BEDOK RESERVOIR RD,07 TO 09,84.0,Simplified,1987,405000.0,,71,7,71 years 7 months,Duplicate Composite Key Record (Lower Resale Price),,,,
2013-11,QUEENSTOWN,3 ROOM,21,GHIM MOH RD,04 TO 06,65.0,Improved,1977,405000.0,,62,1,62 years 1 months,Duplicate Composite Key Record (Lower Resale Price),,,,
2015-11,TAMPINES,4 ROOM,488B,TAMPINES ST 45,07 TO 09,105.0,Model A,1989,405000.0,72.0,72,1,72 years 1 months,Duplicate Composite Key Record (Lower Resale Price),,,,
2013-03,MARINE PARADE,3 ROOM,46,MARINE CRES,04 TO 06,65.0,Improved,1975,405000.0,,60,9,60 years 9 months,Duplicate Composite Key Record (Lower Resale Price),,,,
2014-05,PASIR RIS,4 ROOM,142,PASIR RIS ST 11,04 TO 06,108.0,Model A,1994,404000.0,,78,7,78 years 7 months,Duplicate Composite Key Record (Lower Resale Price),,,,
2012-03,CHOA CHU KANG,4 ROOM,485A,CHOA CHU KANG AVE 5,06 TO 10,101.0,Model A,1999,403000.0,,85,9,85 years 9 months,Duplicate Composite Key Record (Lower Resale Price),,,,
2013-07,CHOA CHU KANG,4 ROOM,670,CHOA CHU KANG CRES,01 TO 03,104.0,Premium Apartment,1999,403000.0,,84,5,84 years 5 months,Duplicate Composite Key Record (Lower Resale Price),,,,
2013-12,YISHUN,4 ROOM,625,YISHUN ST 61,04 TO 06,83.0,Simplified,1987,403000.0,,72,0,72 years 0 months,Duplicate Composite Key Record (Lower Resale Price),,,,
2012-06,JURONG WEST,4 ROOM,845,JURONG WEST ST 81,04 TO 06,108.0,Model A,1996,403000.0,,82,6,82 years 6 months,Duplicate Composite Key Record (Lower Resale Price),,,,
2012-03,PASIR RIS,4 ROOM,229,PASIR RIS ST 21,01 TO 05,107.0,Model A,1993,403000.0,,79,9,79 years 9 months,Duplicate Composite Key Record (Lower Resale Price),,,,
2012-04,BUKIT MERAH,3 ROOM,61,TELOK BLANGAH HTS,06 TO 10,67.0,New Generation,1976,403000.0,,62,8,62 years 8 months,Duplicate Composite Key Record (Lower Resale Price),,,,
2015-07,CHOA CHU KANG,5 ROOM,686A,CHOA CHU KANG CRES,07 TO 09,110.0,Improved,2002,402888.0,86.0,85,5,85 years 5 months,Duplicate Composite Key Record (Lower Resale Price),,,,
2014-09,BUKIT MERAH,3 ROOM,130,BT MERAH VIEW,16 TO 18,65.0,Improved,1973,402888.0,,57,3,57 years 3 months,Duplicate Composite Key Record (Lower Resale Price),,,,
2015-03,SENGKANG,4 ROOM,439B,SENGKANG WEST AVE,04 TO 06,94.0,Model A,2011,402000.0,94.0,94,9,94 years 9 months,Duplicate Composite Key Record (Lower Resale Price),,,,
2013-05,BUKIT MERAH,3 ROOM,119,BT MERAH VIEW,07 TO 09,65.0,Improved,1983,402000.0,,68,7,68 years 7 months,Duplicate Composite Key Record (Lower Resale Price),,,,
2014-05,ANG MO KIO,3 ROOM,126,ANG MO KIO AVE 3,04 TO 06,82.0,New Generation,1978,401888.0,,62,7,62 years 7 months,Duplicate Composite Key Record (Lower Resale Price),,,,
2012-05,CLEMENTI,3 ROOM,304,CLEMENTI AVE 4,11 TO 15,67.0,New Generation,1979,401000.0,,65,7,65 years 7 months,Duplicate Composite Key Record (Lower Resale Price),,,,
2014-04,JURONG WEST,4 ROOM,902,JURONG WEST ST 91,01 TO 03,104.0,Model A,1988,400000.0,,72,8,72 years 8 months,Duplicate Composite Key Record (Lower Resale Price),,,,
2014-05,JURONG WEST,4 ROOM,663A,JURONG WEST ST 65,01 TO 03,90.0,Model A,2000,400000.0,,84,7,84 years 7 months,Duplicate Composite Key Record (Lower Resale Price),,,,
2016-03,ANG MO KIO,4 ROOM,209,ANG MO KIO AVE 3,04 TO 06,91.0,New Generation,1977,400000.0,60.0,59,9,59 years 9 months,Duplicate Composite Key Record (Lower Resale Price),,,,
2014-05,KALLANG/WHAMPOA,3 ROOM,463,CRAWFORD LANE,04 TO 06,60.0,Improved,1982,400000.0,,66,7,66 years 7 months,Duplicate Composite Key Record (Lower Resale Price),,,,
2014-05,YISHUN,4 ROOM,760,YISHUN ST 72,10 TO 12,84.0,Simplified,1987,400000.0,,71,7,71 years 7 months,Duplicate Composite Key Record (Lower Resale Price),,,,
2014-09,MARINE PARADE,3 ROOM,66,MARINE DR,04 TO 06,65.0,Improved,1976,400000.0,,60,3,60 years 3 months,Duplicate Composite Key Record (Lower Resale Price),,,,
2016-03,PUNGGOL,4 ROOM,301D,PUNGGOL PL,01 TO 03,93.0,Premium Apartment,2011,400000.0,94.0,93,9,93 years 9 months,Duplicate Composite Key Record (Lower Resale Price),,,,
2014-12,WOODLANDS,5 ROOM,664,WOODLANDS RING RD,01 TO 03,121.0,Improved,1998,400000.0,,82,0,82 years 0 months,Duplicate Composite Key Record (Lower Resale Price),,,,
2015-02,BISHAN,3 ROOM,110,BISHAN ST 12,04 TO 06,64.0,Simplified,1986,400000.0,70.0,69,10,69 years 10 months,Duplicate Composite Key Record (Lower Resale Price),,,,
2015-05,SENGKANG,4 ROOM,439A,SENGKANG WEST AVE,10 TO 12,94.0,Model A,2011,400000.0,94.0,94,7,94 years 7 months,Duplicate Composite Key Record (Lower Resale Price),,,,
2012-04,BEDOK,4 ROOM,144,BEDOK RESERVOIR RD,01 TO 05,104.0,Model A,1987,400000.0,,73,8,73 years 8 months,Duplicate Composite Key Record (Lower Resale Price),,,,
2012-02,GEYLANG,4 ROOM,351,UBI AVE 1,07 TO 09,104.0,Model A,1988,400000.0,,74,10,74 years 10 months,Duplicate Composite Key Record (Lower Resale Price),,,,
2015-12,BEDOK,4 ROOM,53,NEW UPP CHANGI RD,07 TO 09,84.0,Improved,1977,400000.0,60.0,60,0,60 years 0 months,Duplicate Composite Key Record (Lower Resale Price),,,,
2012-03,BEDOK,4 ROOM,80,BEDOK NTH RD,01 TO 05,91.0,New Generation,1978,400000.0,,64,9,64 years 9 months,Duplicate Composite Key Record (Lower Resale Price),,,,
2014-05,SEMBAWANG,4 ROOM,321,SEMBAWANG CL,07 TO 09,101.0,Model A,1999,400000.0,,83,7,83 years 7 months,Duplicate Composite Key Record (Lower Resale Price),,,,
2012-06,BUKIT MERAH,3 ROOM,22,HAVELOCK RD,04 TO 06,64.0,Standard,1969,400000.0,,55,6,55 years 6 months,Duplicate Composite Key Record (Lower Resale Price),,,,
2014-04,HOUGANG,4 ROOM,532,HOUGANG AVE 6,07 TO 09,84.0,Simplified,1987,400000.0,,71,8,71 years 8 months,Duplicate Composite Key Record (Lower Resale Price),,,,
2014-07,PUNGGOL,4 ROOM,195A,PUNGGOL RD,01 TO 03,90.0,Premium Apartment,2007,400000.0,,91,5,91 years 5 months,Duplicate Composite Key Record (Lower Resale Price),,,,
2015-04,BEDOK,4 ROOM,701,BEDOK RESERVOIR RD,10 TO 12,93.0,New Generation,1980,400000.0,64.0,63,8,63 years 8 months,Duplicate Composite Key Record (Lower Resale Price),,,,
2015-12,TAMPINES,4 ROOM,873,TAMPINES ST 84,04 TO 06,104.0,Model A,1988,400000.0,72.0,71,0,71 years 0 months,Duplicate Composite Key Record (Lower Resale Price),,,,
2016-06,YISHUN,4 ROOM,445,YISHUN AVE 11,10 TO 12,92.0,Model A,2012,400000.0,95.0,94,6,94 years 6 months,Duplicate Composite Key Record (Lower Resale Price),,,,
2016-12,CHOA CHU KANG,5 ROOM,684A,CHOA CHU KANG CRES,04 TO 06,110.0,Improved,2002,400000.0,84.0,84,0,84 years 0 months,Duplicate Composite Key Record (Lower Resale Price),,,,
2014-04,BUKIT PANJANG,4 ROOM,150,PETIR RD,01 TO 03,103.0,Model A,1988,400000.0,,72,8,72 years 8 months,Duplicate Composite Key Record (Lower Resale Price),,,,
2016-06,JURONG WEST,5 ROOM,676B,JURONG WEST ST 64,01 TO 03,110.0,Premium Apartment,2008,400000.0,91.0,90,6,90 years 6 months,Duplicate Composite Key Record (Lower Resale Price),,,,
2012-05,MARINE PARADE,3 ROOM,59,MARINE TER,06 TO 10,65.0,Improved,1975,399000.0,,61,7,61 years 7 months,Duplicate Composite Key Record (Lower Resale Price),,,,
2012-12,ANG MO KIO,3 ROOM,321,ANG MO KIO AVE 1,01 TO 03,73.0,New Generation,1977,399000.0,,63,0,63 years 0 months,Duplicate Composite Key Record (Lower Resale Price),,,,
2014-06,BEDOK,4 ROOM,8,BEDOK STH AVE 2,10 TO 12,82.0,Improved,1976,398000.0,,60,6,60 years 6 months,Duplicate Composite Key Record (Lower Resale Price),,,,
2016-06,TAMPINES,4 ROOM,871,TAMPINES ST 84,04 TO 06,104.0,Model A,1988,398000.0,71.0,70,6,70 years 6 months,Duplicate Composite Key Record (Lower Resale Price),,,,
2012-05,BUKIT MERAH,3 ROOM,22,HAVELOCK RD,06 TO 10,64.0,Standard,1969,395000.0,,55,7,55 years 7 months,Duplicate Composite Key Record (Lower Resale Price),,,,
2014-05,QUEENSTOWN,3 ROOM,2,GHIM MOH RD,04 TO 06,65.0,Improved,1976,395000.0,,60,7,60 years 7 months,Duplicate Composite Key Record (Lower Resale Price),,,,
2014-11,BEDOK,3 ROOM,202,BEDOK NTH ST 1,07 TO 09,67.0,New Generation,1979,395000.0,,63,1,63 years 1 months,Duplicate Composite Key Record (Lower Resale Price),,,,
2015-10,WOODLANDS,5 ROOM,690B,WOODLANDS DR 75,13 TO 15,110.0,Premium Apartment,2004,395000.0,87.0,87,2,87 years 2 months,Duplicate Composite Key Record (Lower Resale Price),,,,
2014-05,SENGKANG,4 ROOM,407B,FERNVALE RD,04 TO 06,91.0,Premium Apartment,2005,395000.0,,89,7,89 years 7 months,Duplicate Composite Key Record (Lower Resale Price),,,,
2013-04,BUKIT BATOK,4 ROOM,324,BT BATOK ST 33,07 TO 09,89.0,Simplified,1988,395000.0,,73,8,73 years 8 months,Duplicate Composite Key Record (Lower Resale Price),,,,
2012-06,CLEMENTI,3 ROOM,430,CLEMENTI AVE 3,04 TO 06,67.0,New Generation,1979,395000.0,,65,6,65 years 6 months,Duplicate Composite Key Record (Lower Resale Price),,,,
2014-12,HOUGANG,4 ROOM,984C,BUANGKOK LINK,07 TO 09,90.0,Model A,2004,395000.0,,88,0,88 years 0 months,Duplicate Composite Key Record (Lower Resale Price),,,,
2016-06,PUNGGOL,4 ROOM,647,PUNGGOL CTRL,07 TO 09,90.0,Premium Apartment,2005,395000.0,87.0,87,6,87 years 6 months,Duplicate Composite Key Record (Lower Resale Price),,,,
2014-07,ANG MO KIO,3 ROOM,422,ANG MO KIO AVE 3,07 TO 09,73.0,New Generation,1979,395000.0,,63,5,63 years 5 months,Duplicate Composite Key Record (Lower Resale Price),,,,
2016-06,BUKIT PANJANG,4 ROOM,455,SEGAR RD,10 TO 12,93.0,Premium Apartment,2012,394000.0,95.0,94,6,94 years 6 months,Duplicate Composite Key Record (Lower Resale Price),,,,
2014-01,MARINE PARADE,3 ROOM,6,MARINE TER,04 TO 06,65.0,Improved,1975,393000.0,,59,11,59 years 11 months,Duplicate Composite Key Record (Lower Resale Price),,,,
2012-10,TOA PAYOH,3 ROOM,157,LOR 1 TOA PAYOH,04 TO 06,67.0,Improved,1971,393000.0,,57,2,57 years 2 months,Duplicate Composite Key Record (Lower Resale Price),,,,
2012-05,WOODLANDS,4 ROOM,623,WOODLANDS DR 52,01 TO 05,102.0,Model A,1998,393000.0,,84,7,84 years 7 months,Duplicate Composite Key Record (Lower Resale Price),,,,
2012-06,JURONG WEST,3 ROOM,511,JURONG WEST ST 52,16 TO 18,74.0,Model A,1984,393000.0,,70,6,70 years 6 months,Duplicate Composite Key Record (Lower Resale Price),,,,
2016-10,WOODLANDS,5 ROOM,686C,WOODLANDS DR 73,01 TO 03,115.0,Premium Apartment,2003,393000.0,85.0,85,2,85 years 2 months,Duplicate Composite Key Record (Lower Resale Price),,,,
2012-04,TAMPINES,3 ROOM,262,TAMPINES ST 21,06 TO 10,74.0,Model A,1984,392000.0,,70,8,70 years 8 months,Duplicate Composite Key Record (Lower Resale Price),,,,
2012-12,SERANGOON,3 ROOM,218,SERANGOON AVE 4,07 TO 09,67.0,New Generation,1985,392000.0,,71,0,71 years 0 months,Duplicate Composite Key Record (Lower Resale Price),,,,
2012-08,HOUGANG,3 ROOM,528,HOUGANG AVE 6,10 TO 12,74.0,Model A,1987,392000.0,,73,4,73 years 4 months,Duplicate Composite Key Record (Lower Resale Price),,,,
2015-10,HOUGANG,4 ROOM,925,HOUGANG ST 91,07 TO 09,100.0,Model A,1998,392000.0,81.0,81,2,81 years 2 months,Duplicate Composite Key Record (Lower Resale Price),,,,
2014-05,YISHUN,4 ROOM,635,YISHUN ST 61,10 TO 12,104.0,Model A,1987,392000.0,,71,7,71 years 7 months,Duplicate Composite Key Record (Lower Resale Price),,,,
2014-05,BUKIT PANJANG,4 ROOM,611,BT PANJANG RING RD,10 TO 12,90.0,Model A,2002,392000.0,,86,7,86 years 7 months,Duplicate Composite Key Record (Lower Resale Price),,,,
2014-05,SENGKANG,4 ROOM,303B,ANCHORVALE LINK,07 TO 09,85.0,Model A2,2001,391600.0,,85,7,85 years 7 months,Duplicate Composite Key Record (Lower Resale Price),,,,
2014-05,ANG MO KIO,3 ROOM,533,ANG MO KIO AVE 5,10 TO 12,82.0,New Generation,1980,390000.0,,64,7,64 years 7 months,Duplicate Composite Key Record (Lower Resale Price),,,,
2012-07,KALLANG/WHAMPOA,3 ROOM,462,CRAWFORD LANE,10 TO 12,60.0,Improved,1981,390000.0,,67,5,67 years 5 months,Duplicate Composite Key Record (Lower Resale Price),,,,
2014-05,MARINE PARADE,3 ROOM,5,MARINE TER,01 TO 03,65.0,Improved,1975,390000.0,,59,7,59 years 7 months,Duplicate Composite Key Record (Lower Resale Price),,,,
2012-07,JURONG WEST,4 ROOM,542,JURONG WEST AVE 1,01 TO 03,103.0,Model A,1984,390000.0,,70,5,70 years 5 months,Duplicate Composite Key Record (Lower Resale Price),,,,
2012-01,JURONG WEST,4 ROOM,836,JURONG WEST ST 81,04 TO 06,109.0,Model A,1993,390000.0,,79,11,79 years 11 months,Duplicate Composite Key Record (Lower Resale Price),,,,
2012-11,YISHUN,4 ROOM,390,YISHUN AVE 6,10 TO 12,104.0,Model A,1988,390000.0,,74,1,74 years 1 months,Duplicate Composite Key Record (Lower Resale Price),,,,
2012-08,CLEMENTI,3 ROOM,305,CLEMENTI AVE 4,04 TO 06,67.0,New Generation,1979,390000.0,,65,4,65 years 4 months,Duplicate Composite Key Record (Lower Resale Price),,,,
2012-08,CLEMENTI,3 ROOM,375,CLEMENTI AVE 4,07 TO 09,67.0,New Generation,1980,390000.0,,66,4,66 years 4 months,Duplicate Composite Key Record (Lower Resale Price),,,,
2013-09,BUKIT MERAH,3 ROOM,64,TELOK BLANGAH DR,07 TO 09,67.0,New Generation,1978,390000.0,,63,3,63 years 3 months,Duplicate Composite Key Record (Lower Resale Price),,,,
2014-05,YISHUN,4 ROOM,330,YISHUN RING RD,07 TO 09,105.0,Model A,1995,390000.0,,79,7,79 years 7 months,Duplicate Composite Key Record (Lower Resale Price),,,,
2015-07,CHOA CHU KANG,5 ROOM,690D,CHOA CHU KANG CRES,13 TO 15,110.0,Improved,2003,390000.0,87.0,86,5,86 years 5 months,Duplicate Composite Key Record (Lower Resale Price),,,,
2015-10,PUNGGOL,5 ROOM,171B,EDGEDALE PLAINS,04 TO 06,110.0,Improved,2004,390000.0,87.0,87,2,87 years 2 months,Duplicate Composite Key Record (Lower Resale Price),,,,
2015-10,BEDOK,4 ROOM,122,BEDOK RESERVOIR RD,07 TO 09,84.0,Simplified,1987,390000.0,70.0,70,2,70 years 2 months,Duplicate Composite Key Record (Lower Resale Price),,,,
2014-03,ANG MO KIO,3 ROOM,603,ANG MO KIO AVE 5,10 TO 12,81.0,New Generation,1980,390000.0,,64,9,64 years 9 months,Duplicate Composite Key Record (Lower Resale Price),,,,
2014-12,YISHUN,4 ROOM,821,YISHUN ST 81,04 TO 06,104.0,Model A,1987,390000.0,,71,0,71 years 0 months,Duplicate Composite Key Record (Lower Resale Price),,,,
2012-05,JURONG WEST,4 ROOM,914,JURONG WEST ST 91,01 TO 05,103.0,Model A,1988,389500.0,,74,7,74 years 7 months,Duplicate Composite Key Record (Lower Resale Price),,,,
2016-01,WOODLANDS,5 ROOM,897B,WOODLANDS DR 50,04 TO 06,118.0,Improved,1997,389000.0,80.0,79,11,79 years 11 months,Duplicate Composite Key Record (Lower Resale Price),,,,
2016-03,GEYLANG,4 ROOM,44,SIMS DR,13 TO 15,88.0,Improved,1975,388000.0,58.0,57,9,57 years 9 months,Duplicate Composite Key Record (Lower Resale Price),,,,
2016-04,BEDOK,4 ROOM,119,BEDOK NTH RD,04 TO 06,92.0,New Generation,1978,388000.0,60.0,60,8,60 years 8 months,Duplicate Composite Key Record (Lower Resale Price),,,,
2013-08,TAMPINES,3 ROOM,262,TAMPINES ST 21,04 TO 06,74.0,Model A,1984,388000.0,,69,4,69 years 4 months,Duplicate Composite Key Record (Lower Resale Price),,,,
2016-04,JURONG EAST,4 ROOM,108,JURONG EAST ST 13,01 TO 03,90.0,New Generation,1982,388000.0,65.0,64,8,64 years 8 months,Duplicate Composite Key Record (Lower Resale Price),,,,
2016-04,JURONG WEST,5 ROOM,268B,BOON LAY DR,04 TO 06,110.0,Improved,2002,387000.0,84.0,84,8,84 years 8 months,Duplicate Composite Key Record (Lower Resale Price),,,,
2012-04,CLEMENTI,3 ROOM,366,CLEMENTI AVE 2,06 TO 10,61.0,Model A,2003,386000.0,,89,8,89 years 8 months,Duplicate Composite Key Record (Lower Resale Price),,,,
2012-07,JURONG WEST,4 ROOM,447,JURONG WEST ST 42,01 TO 03,103.0,Model A,1984,385000.0,,70,5,70 years 5 months,Duplicate Composite Key Record (Lower Resale Price),,,,
2013-10,BUKIT MERAH,3 ROOM,77,INDUS RD,04 TO 06,63.0,Improved,1973,385000.0,,58,2,58 years 2 months,Duplicate Composite Key Record (Lower Resale Price),,,,
2014-07,KALLANG/WHAMPOA,4 ROOM,49,WHAMPOA STH,13 TO 15,87.0,Improved,1974,385000.0,,58,5,58 years 5 months,Duplicate Composite Key Record (Lower Resale Price),,,,
2013-08,JURONG WEST,3 ROOM,516,JURONG WEST ST 52,10 TO 12,74.0,Model A,1984,385000.0,,69,4,69 years 4 months,Duplicate Composite Key Record (Lower Resale Price),,,,
2015-09,SEMBAWANG,4 ROOM,357A,ADMIRALTY DR,13 TO 15,95.0,Premium Apartment,2001,385000.0,84.0,84,3,84 years 3 months,Duplicate Composite Key Record (Lower Resale Price),,,,
2012-05,YISHUN,4 ROOM,755,YISHUN ST 72,01 TO 05,84.0,Simplified,1986,385000.0,,72,7,72 years 7 months,Duplicate Composite Key Record (Lower Resale Price),,,,
2014-05,PUNGGOL,4 ROOM,133,EDGEDALE PLAINS,04 TO 06,91.0,Premium Apartment,2003,385000.0,,87,7,87 years 7 months,Duplicate Composite Key Record (Lower Resale Price),,,,
2016-03,YISHUN,4 ROOM,448,YISHUN RING RD,01 TO 03,92.0,Model A,2012,385000.0,95.0,94,9,94 years 9 months,Duplicate Composite Key Record (Lower Resale Price),,,,
2012-12,CLEMENTI,3 ROOM,351,CLEMENTI AVE 2,01 TO 03,67.0,New Generation,1978,385000.0,,64,0,64 years 0 months,Duplicate Composite Key Record (Lower Resale Price),,,,
2012-04,WOODLANDS,4 ROOM,428,WOODLANDS ST 41,01 TO 05,104.0,Model A,1996,385000.0,,82,8,82 years 8 months,Duplicate Composite Key Record (Lower Resale Price),,,,
2012-01,CHOA CHU KANG,4 ROOM,485,CHOA CHU KANG AVE 5,07 TO 09,102.0,Model A,1999,385000.0,,85,11,85 years 11 months,Duplicate Composite Key Record (Lower Resale Price),,,,
2014-05,CHOA CHU KANG,4 ROOM,402,CHOA CHU KANG AVE 3,04 TO 06,105.0,Model A,1993,385000.0,,77,7,77 years 7 months,Duplicate Composite Key Record (Lower Resale Price),,,,
2014-01,TAMPINES,3 ROOM,226,TAMPINES ST 23,10 TO 12,73.0,Model A,1985,385000.0,,69,11,69 years 11 months,Duplicate Composite Key Record (Lower Resale Price),,,,
2014-04,CLEMENTI,3 ROOM,308,CLEMENTI AVE 4,10 TO 12,67.0,New Generation,1980,383000.0,,64,8,64 years 8 months,Duplicate Composite Key Record (Lower Resale Price),,,,
2016-09,BEDOK,4 ROOM,524,BEDOK NTH ST 3,07 TO 09,92.0,New Generation,1979,383000.0,61.0,61,3,61 years 3 months,Duplicate Composite Key Record (Lower Resale Price),,,,
2012-07,JURONG WEST,4 ROOM,414,JURONG WEST ST 42,01 TO 03,104.0,Model A,1984,383000.0,,70,5,70 years 5 months,Duplicate Composite Key Record (Lower Resale Price),,,,
2014-04,ANG MO KIO,3 ROOM,321,ANG MO KIO AVE 1,04 TO 06,73.0,New Generation,1977,382888.0,,61,8,61 years 8 months,Duplicate Composite Key Record (Lower Resale Price),,,,
2016-02,SERANGOON,4 ROOM,236,SERANGOON AVE 3,01 TO 03,84.0,Simplified,1985,382000.0,68.0,67,10,67 years 10 months,Duplicate Composite Key Record (Lower Resale Price),,,,
2013-12,WOODLANDS,4 ROOM,577,WOODLANDS DR 16,10 TO 12,91.0,Model A,2000,382000.0,,85,0,85 years 0 months,Duplicate Composite Key Record (Lower Resale Price),,,,
2012-10,SERANGOON,3 ROOM,254,SERANGOON CTRL DR,04 TO 06,64.0,Simplified,1988,382000.0,,74,2,74 years 2 months,Duplicate Composite Key Record (Lower Resale Price),,,,
2012-12,WOODLANDS,4 ROOM,575,WOODLANDS DR 16,07 TO 09,86.0,Model A2,2000,381000.0,,86,0,86 years 0 months,Duplicate Composite Key Record (Lower Resale Price),,,,
2013-10,BUKIT MERAH,3 ROOM,15,TELOK BLANGAH CRES,13 TO 15,65.0,Improved,1975,381000.0,,60,2,60 years 2 months,Duplicate Composite Key Record (Lower Resale Price),,,,
2012-10,SERANGOON,3 ROOM,207,SERANGOON CTRL,04 TO 06,64.0,Simplified,1986,380500.0,,72,2,72 years 2 months,Duplicate Composite Key Record (Lower Resale Price),,,,
2014-05,ANG MO KIO,3 ROOM,608,ANG MO KIO AVE 5,01 TO 03,81.0,New Generation,1980,380000.0,,64,7,64 years 7 months,Duplicate Composite Key Record (Lower Resale Price),,,,
2012-08,KALLANG/WHAMPOA,3 ROOM,23,BENDEMEER RD,04 TO 06,68.0,Improved,1972,380000.0,,58,4,58 years 4 months,Duplicate Composite Key Record (Lower Resale Price),,,,
2012-06,CLEMENTI,3 ROOM,339,CLEMENTI AVE 5,07 TO 09,67.0,New Generation,1979,380000.0,,65,6,65 years 6 months,Duplicate Composite Key Record (Lower Resale Price),,,,
2015-04,ANG MO KIO,3 ROOM,348,ANG MO KIO AVE 3,07 TO 09,73.0,New Generation,1978,380000.0,62.0,61,8,61 years 8 months,Duplicate Composite Key Record (Lower Resale Price),,,,
2015-10,PUNGGOL,4 ROOM,642C,PUNGGOL DR,16 TO 18,90.0,Premium Apartment,2005,380000.0,88.0,88,2,88 years 2 months,Duplicate Composite Key Record (Lower Resale Price),,,,
2012-03,TAMPINES,4 ROOM,843,TAMPINES ST 83,01 TO 05,84.0,Simplified,1988,380000.0,,74,9,74 years 9 months,Duplicate Composite Key Record (Lower Resale Price),,,,
2016-05,YISHUN,4 ROOM,448,YISHUN RING RD,07 TO 09,92.0,Model A,2012,380000.0,95.0,94,7,94 years 7 months,Duplicate Composite Key Record (Lower Resale Price),,,,
2014-05,YISHUN,4 ROOM,756,YISHUN ST 72,01 TO 03,84.0,Simplified,1985,380000.0,,69,7,69 years 7 months,Duplicate Composite Key Record (Lower Resale Price),,,,
2015-07,SENGKANG,4 ROOM,439B,SENGKANG WEST AVE,04 TO 06,94.0,Model A,2011,380000.0,94.0,94,5,94 years 5 months,Duplicate Composite Key Record (Lower Resale Price),,,,
2014-03,SENGKANG,4 ROOM,184C,RIVERVALE CRES,07 TO 09,85.0,Model A2,2003,380000.0,,87,9,87 years 9 months,Duplicate Composite Key Record (Lower Resale Price),,,,
2014-11,SEMBAWANG,4 ROOM,501C,WELLINGTON CIRCLE,10 TO 12,90.0,Model A,2001,380000.0,,85,1,85 years 1 months,Duplicate Composite Key Record (Lower Resale Price),,,,
2016-12,TAMPINES,4 ROOM,440,TAMPINES ST 43,10 TO 12,84.0,Simplified,1986,380000.0,68.0,68,0,68 years 0 months,Duplicate Composite Key Record (Lower Resale Price),,,,
2015-07,ANG MO KIO,3 ROOM,561,ANG MO KIO AVE 10,13 TO 15,82.0,New Generation,1980,380000.0,63.0,63,5,63 years 5 months,Duplicate Composite Key Record (Lower Resale Price),,,,
2014-03,WOODLANDS,4 ROOM,706,WOODLANDS DR 40,04 TO 06,102.0,Model A,1996,380000.0,,80,9,80 years 9 months,Duplicate Composite Key Record (Lower Resale Price),,,,
2014-10,BISHAN,3 ROOM,307,SHUNFU RD,01 TO 03,67.0,New Generation,1985,380000.0,,69,2,69 years 2 months,Duplicate Composite Key Record (Lower Resale Price),,,,
2014-03,HOUGANG,4 ROOM,334,HOUGANG AVE 5,01 TO 03,104.0,Model A,1983,380000.0,,67,9,67 years 9 months,Duplicate Composite Key Record (Lower Resale Price),,,,
2015-03,PASIR RIS,4 ROOM,112,PASIR RIS ST 11,10 TO 12,103.0,Model A,1990,380000.0,74.0,73,9,73 years 9 months,Duplicate Composite Key Record (Lower Resale Price),,,,
2014-04,WOODLANDS,4 ROOM,662,WOODLANDS RING RD,10 TO 12,101.0,Model A,1998,380000.0,,82,8,82 years 8 months,Duplicate Composite Key Record (Lower Resale Price),,,,
2012-04,CLEMENTI,3 ROOM,309,CLEMENTI AVE 4,06 TO 10,67.0,New Generation,1980,380000.0,,66,8,66 years 8 months,Duplicate Composite Key Record (Lower Resale Price),,,,
2014-05,JURONG WEST,4 ROOM,909,JURONG WEST ST 91,04 TO 06,104.0,Model A,1989,380000.0,,73,7,73 years 7 months,Duplicate Composite Key Record (Lower Resale Price),,,,
2014-04,JURONG WEST,4 ROOM,403,JURONG WEST ST 42,10 TO 12,106.0,Model A,1984,380000.0,,68,8,68 years 8 months,Duplicate Composite Key Record (Lower Resale Price),,,,
2012-02,JURONG WEST,3 ROOM,516,JURONG WEST ST 52,04 TO 06,74.0,Model A,1984,380000.0,,70,10,70 years 10 months,Duplicate Composite Key Record (Lower Resale Price),,,,
2014-07,CHOA CHU KANG,4 ROOM,423,CHOA CHU KANG AVE 4,04 TO 06,104.0,Model A,1992,380000.0,,76,5,76 years 5 months,Duplicate Composite Key Record (Lower Resale Price),,,,
2014-05,CHOA CHU KANG,4 ROOM,562,CHOA CHU KANG ST 52,01 TO 03,109.0,Model A,1995,380000.0,,79,7,79 years 7 months,Duplicate Composite Key Record (Lower Resale Price),,,,
2015-08,CLEMENTI,3 ROOM,429,CLEMENTI AVE 3,10 TO 12,67.0,New Generation,1978,378888.0,61.0,61,4,61 years 4 months,Duplicate Composite Key Record (Lower Resale Price),,,,
2012-05,TAMPINES,3 ROOM,444,TAMPINES ST 42,11 TO 15,74.0,Model A,1985,377000.0,,71,7,71 years 7 months,Duplicate Composite Key Record (Lower Resale Price),,,,
2012-04,MARINE PARADE,3 ROOM,34,MARINE CRES,06 TO 10,59.0,Improved,1975,377000.0,,61,8,61 years 8 months,Duplicate Composite Key Record (Lower Resale Price),,,,
2014-05,CLEMENTI,3 ROOM,345,CLEMENTI AVE 5,10 TO 12,67.0,New Generation,1979,377000.0,,63,7,63 years 7 months,Duplicate Composite Key Record (Lower Resale Price),,,,
2014-05,JURONG WEST,4 ROOM,724,JURONG WEST ST 72,10 TO 12,104.0,Model A,1990,377000.0,,74,7,74 years 7 months,Duplicate Composite Key Record (Lower Resale Price),,,,
2012-03,JURONG WEST,4 ROOM,940,JURONG WEST ST 91,06 TO 10,104.0,Model A,1989,376000.0,,75,9,75 years 9 months,Duplicate Composite Key Record (Lower Resale Price),,,,
2013-09,JURONG EAST,4 ROOM,414,PANDAN GDNS,04 TO 06,97.0,New Generation,1978,376000.0,,63,3,63 years 3 months,Duplicate Composite Key Record (Lower Resale Price),,,,
2015-04,BUKIT MERAH,3 ROOM,22,HAVELOCK RD,04 TO 06,64.0,Standard,1969,376000.0,53.0,52,8,52 years 8 months,Duplicate Composite Key Record (Lower Resale Price),,,,
2016-01,WOODLANDS,4 ROOM,687B,WOODLANDS DR 75,10 TO 12,94.0,Premium Apartment,2003,376000.0,86.0,85,11,85 years 11 months,Duplicate Composite Key Record (Lower Resale Price),,,,
2015-03,SERANGOON,3 ROOM,323,SERANGOON AVE 3,07 TO 09,64.0,Simplified,1985,375000.0,69.0,68,9,68 years 9 months,Duplicate Composite Key Record (Lower Resale Price),,,,
2012-11,YISHUN,3 ROOM,746,YISHUN ST 72,10 TO 12,67.0,New Generation,1984,375000.0,,70,1,70 years 1 months,Duplicate Composite Key Record (Lower Resale Price),,,,
2015-12,PUNGGOL,4 ROOM,106B,PUNGGOL FIELD,07 TO 09,90.0,Model A,2003,375000.0,86.0,86,0,86 years 0 months,Duplicate Composite Key Record (Lower Resale Price),,,,
2016-05,JURONG WEST,5 ROOM,276B,JURONG WEST AVE 3,10 TO 12,111.0,Improved,2002,375000.0,84.0,84,7,84 years 7 months,Duplicate Composite Key Record (Lower Resale Price),,,,
2016-08,YISHUN,4 ROOM,448,YISHUN RING RD,04 TO 06,92.0,Model A,2012,375000.0,95.0,94,4,94 years 4 months,Duplicate Composite Key Record (Lower Resale Price),,,,
2014-06,BEDOK,3 ROOM,609,BEDOK RESERVOIR RD,07 TO 09,81.0,New Generation,1982,375000.0,,66,6,66 years 6 months,Duplicate Composite Key Record (Lower Resale Price),,,,
2012-10,TAMPINES,3 ROOM,818,TAMPINES ST 81,07 TO 09,73.0,Model A,1984,375000.0,,70,2,70 years 2 months,Duplicate Composite Key Record (Lower Resale Price),,,,
2015-04,ANG MO KIO,3 ROOM,348,ANG MO KIO AVE 3,07 TO 09,73.0,New Generation,1978,375000.0,62.0,61,8,61 years 8 months,Duplicate Composite Key Record (Lower Resale Price),,,,
2014-05,BUKIT PANJANG,4 ROOM,125,PENDING RD,04 TO 06,103.0,Model A,1987,375000.0,,71,7,71 years 7 months,Duplicate Composite Key Record (Lower Resale Price),,,,
2014-05,BUKIT PANJANG,4 ROOM,125,PENDING RD,04 TO 06,103.0,Model A,1987,375000.0,,71,7,71 years 7 months,Duplicate Composite Key Record (Lower Resale Price),,,,
2012-04,TOA PAYOH,4 ROOM,227,LOR 8 TOA PAYOH,01 TO 05,82.0,Improved,1976,375000.0,,62,8,62 years 8 months,Duplicate Composite Key Record (Lower Resale Price),,,,
2012-09,WOODLANDS,4 ROOM,619,WOODLANDS DR 52,04 TO 06,91.0,Model A2,1998,375000.0,,84,3,84 years 3 months,Duplicate Composite Key Record (Lower Resale Price),,,,
2014-05,ANG MO KIO,3 ROOM,302,ANG MO KIO AVE 3,07 TO 09,73.0,New Generation,1978,375000.0,,62,7,62 years 7 months,Duplicate Composite Key Record (Lower Resale Price),,,,
2014-05,ANG MO KIO,3 ROOM,302,ANG MO KIO AVE 3,07 TO 09,73.0,New Generation,1978,375000.0,,62,7,62 years 7 months,Duplicate Composite Key Record (Lower Resale Price),,,,
2014-05,CLEMENTI,3 ROOM,426,CLEMENTI AVE 3,07 TO 09,67.0,New Generation,1978,373000.0,,62,7,62 years 7 months,Duplicate Composite Key Record (Lower Resale Price),,,,
2012-03,TOA PAYOH,3 ROOM,116,LOR 2 TOA PAYOH,16 TO 20,63.0,Improved,1970,372000.0,,56,9,56 years 9 months,Duplicate Composite Key Record (Lower Resale Price),,,,
2012-03,ANG MO KIO,3 ROOM,173,ANG MO KIO AVE 4,01 TO 05,83.0,New Generation,1982,372000.0,,68,9,68 years 9 months,Duplicate Composite Key Record (Lower Resale Price),,,,
2014-04,WOODLANDS,4 ROOM,757,WOODLANDS AVE 4,01 TO 03,103.0,Model A,1997,372000.0,,81,8,81 years 8 months,Duplicate Composite Key Record (Lower Resale Price),,,,
2012-10,BEDOK,3 ROOM,29,NEW UPP CHANGI RD,10 TO 12,65.0,Improved,1977,371000.0,,63,2,63 years 2 months,Duplicate Composite Key Record (Lower Resale Price),,,,
2014-10,GEYLANG,4 ROOM,319,UBI AVE 1,04 TO 06,84.0,Simplified,1985,370000.0,,69,2,69 years 2 months,Duplicate Composite Key Record (Lower Resale Price),,,,
2012-04,KALLANG/WHAMPOA,3 ROOM,23,BENDEMEER RD,06 TO 10,68.0,Improved,1972,370000.0,,58,8,58 years 8 months,Duplicate Composite Key Record (Lower Resale Price),,,,
2016-12,SEMBAWANG,4 ROOM,466A,SEMBAWANG DR,07 TO 09,90.0,Premium Apartment,2006,370000.0,88.0,88,0,88 years 0 months,Duplicate Composite Key Record (Lower Resale Price),,,,
2014-04,TAMPINES,3 ROOM,827,TAMPINES ST 81,04 TO 06,83.0,New Generation,1987,370000.0,,71,8,71 years 8 months,Duplicate Composite Key Record (Lower Resale Price),,,,
2014-04,TAMPINES,3 ROOM,259,TAMPINES ST 21,01 TO 03,78.0,Model A,1985,370000.0,,69,8,69 years 8 months,Duplicate Composite Key Record (Lower Resale Price),,,,
2016-04,YISHUN,4 ROOM,410,YISHUN RING RD,04 TO 06,104.0,Model A,1988,370000.0,71.0,70,8,70 years 8 months,Duplicate Composite Key Record (Lower Resale Price),,,,
2014-04,HOUGANG,4 ROOM,648,HOUGANG AVE 8,10 TO 12,84.0,Simplified,1987,370000.0,,71,8,71 years 8 months,Duplicate Composite Key Record (Lower Resale Price),,,,
2014-05,TAMPINES,3 ROOM,110,TAMPINES ST 11,07 TO 09,74.0,Model A,1984,370000.0,,68,7,68 years 7 months,Duplicate Composite Key Record (Lower Resale Price),,,,
2012-07,TAMPINES,3 ROOM,403,TAMPINES ST 41,01 TO 03,69.0,Improved,1985,370000.0,,71,5,71 years 5 months,Duplicate Composite Key Record (Lower Resale Price),,,,
2014-04,SEMBAWANG,4 ROOM,405,ADMIRALTY LINK,01 TO 03,86.0,Model A2,2001,370000.0,,85,8,85 years 8 months,Duplicate Composite Key Record (Lower Resale Price),,,,
2014-05,MARINE PARADE,3 ROOM,5,MARINE TER,01 TO 03,65.0,Improved,1975,370000.0,,59,7,59 years 7 months,Duplicate Composite Key Record (Lower Resale Price),,,,
2012-05,WOODLANDS,4 ROOM,105,WOODLANDS ST 13,06 TO 10,91.0,New Generation,1985,370000.0,,71,7,71 years 7 months,Duplicate Composite Key Record (Lower Resale Price),,,,
2016-05,SEMBAWANG,4 ROOM,359,ADMIRALTY DR,07 TO 09,96.0,Premium Apartment,2001,370000.0,84.0,83,7,83 years 7 months,Duplicate Composite Key Record (Lower Resale Price),,,,
2016-06,SEMBAWANG,4 ROOM,510A,WELLINGTON CIRCLE,07 TO 09,90.0,Model A,2004,370000.0,87.0,86,6,86 years 6 months,Duplicate Composite Key Record (Lower Resale Price),,,,
2012-05,YISHUN,4 ROOM,346,YISHUN AVE 11,01 TO 05,103.0,Model A,1988,370000.0,,74,7,74 years 7 months,Duplicate Composite Key Record (Lower Resale Price),,,,
2012-05,TOA PAYOH,3 ROOM,159,LOR 1 TOA PAYOH,06 TO 10,65.0,Improved,1972,370000.0,,58,7,58 years 7 months,Duplicate Composite Key Record (Lower Resale Price),,,,
2014-09,BUKIT MERAH,3 ROOM,60,TELOK BLANGAH HTS,07 TO 09,67.0,New Generation,1976,370000.0,,60,3,60 years 3 months,Duplicate Composite Key Record (Lower Resale Price),,,,
2014-06,ANG MO KIO,3 ROOM,474,ANG MO KIO AVE 10,10 TO 12,81.0,New Generation,1984,370000.0,,68,6,68 years 6 months,Duplicate Composite Key Record (Lower Resale Price),,,,
2016-09,YISHUN,4 ROOM,452,YISHUN RING RD,04 TO 06,92.0,Model A,2012,369888.0,94.0,94,3,94 years 3 months,Duplicate Composite Key Record (Lower Resale Price),,,,
2015-09,SENGKANG,4 ROOM,227A,COMPASSVALE DR,01 TO 03,101.0,Model A,1999,369000.0,83.0,82,3,82 years 3 months,Duplicate Composite Key Record (Lower Resale Price),,,,
2015-04,JURONG WEST,4 ROOM,617,JURONG WEST ST 65,04 TO 06,90.0,Model A2,2000,369000.0,84.0,83,8,83 years 8 months,Duplicate Composite Key Record (Lower Resale Price),,,,
2016-04,KALLANG/WHAMPOA,3 ROOM,34,WHAMPOA WEST,10 TO 12,68.0,Improved,1972,368000.0,54.0,54,8,54 years 8 months,Duplicate Composite Key Record (Lower Resale Price),,,,
2013-07,YISHUN,3 ROOM,742,YISHUN AVE 5,10 TO 12,67.0,New Generation,1985,368000.0,,70,5,70 years 5 months,Duplicate Composite Key Record (Lower Resale Price),,,,
2014-02,TOA PAYOH,3 ROOM,206,TOA PAYOH NTH,10 TO 12,65.0,Improved,1973,368000.0,,57,10,57 years 10 months,Duplicate Composite Key Record (Lower Resale Price),,,,
2014-05,ANG MO KIO,3 ROOM,417,ANG MO KIO AVE 10,07 TO 09,74.0,New Generation,1979,368000.0,,63,7,63 years 7 months,Duplicate Composite Key Record (Lower Resale Price),,,,
2013-05,JURONG EAST,3 ROOM,102,JURONG EAST ST 13,04 TO 06,68.0,New Generation,1982,368000.0,,67,7,67 years 7 months,Duplicate Composite Key Record (Lower Resale Price),,,,
2015-06,JURONG WEST,4 ROOM,466,JURONG WEST ST 41,04 TO 06,91.0,New Generation,1985,368000.0,68.0,68,6,68 years 6 months,Duplicate Composite Key Record (Lower Resale Price),,,,
2014-06,BEDOK,3 ROOM,539,BEDOK NTH ST 3,04 TO 06,83.0,New Generation,1980,368000.0,,64,6,64 years 6 months,Duplicate Composite Key Record (Lower Resale Price),,,,
2012-05,QUEENSTOWN,3 ROOM,32,HOLLAND CL,06 TO 10,59.0,Improved,1974,367000.0,,60,7,60 years 7 months,Duplicate Composite Key Record (Lower Resale Price),,,,
2012-11,ANG MO KIO,3 ROOM,443,ANG MO KIO AVE 10,10 TO 12,67.0,New Generation,1979,367000.0,,65,1,65 years 1 months,Duplicate Composite Key Record (Lower Resale Price),,,,
2012-04,QUEENSTOWN,3 ROOM,171,STIRLING RD,11 TO 15,60.0,Improved,1970,367000.0,,56,8,56 years 8 months,Duplicate Composite Key Record (Lower Resale Price),,,,
2012-04,KALLANG/WHAMPOA,3 ROOM,57,GEYLANG BAHRU,16 TO 20,65.0,Improved,1974,366000.0,,60,8,60 years 8 months,Duplicate Composite Key Record (Lower Resale Price),,,,
2014-04,KALLANG/WHAMPOA,3 ROOM,123,MCNAIR RD,04 TO 06,64.0,Simplified,1987,366000.0,,71,8,71 years 8 months,Duplicate Composite Key Record (Lower Resale Price),,,,
2012-04,CLEMENTI,3 ROOM,309,CLEMENTI AVE 4,06 TO 10,67.0,New Generation,1980,366000.0,,66,8,66 years 8 months,Duplicate Composite Key Record (Lower Resale Price),,,,
2012-11,BUKIT PANJANG,4 ROOM,226,PENDING RD,07 TO 09,84.0,Simplified,1987,366000.0,,73,1,73 years 1 months,Duplicate Composite Key Record (Lower Resale Price),,,,
2012-12,BUKIT MERAH,3 ROOM,2,JLN BT MERAH,07 TO 09,63.0,Improved,1975,365000.0,,61,0,61 years 0 months,Duplicate Composite Key Record (Lower Resale Price),,,,
2016-12,BEDOK,3 ROOM,24,NEW UPP CHANGI RD,10 TO 12,73.0,New Generation,1978,365000.0,60.0,60,0,60 years 0 months,Duplicate Composite Key Record (Lower Resale Price),,,,
2014-04,JURONG WEST,3 ROOM,456,JURONG WEST ST 41,04 TO 06,82.0,New Generation,1985,365000.0,,69,8,69 years 8 months,Duplicate Composite Key Record (Lower Resale Price),,,,
2016-02,SEMBAWANG,4 ROOM,467,ADMIRALTY DR,07 TO 09,102.0,Premium Apartment,2001,365000.0,84.0,83,10,83 years 10 months,Duplicate Composite Key Record (Lower Resale Price),,,,
2012-01,JURONG WEST,4 ROOM,483,JURONG WEST ST 41,01 TO 03,91.0,New Generation,1985,365000.0,,71,11,71 years 11 months,Duplicate Composite Key Record (Lower Resale Price),,,,
2014-10,CLEMENTI,3 ROOM,371,CLEMENTI AVE 4,10 TO 12,68.0,New Generation,1981,365000.0,,65,2,65 years 2 months,Duplicate Composite Key Record (Lower Resale Price),,,,
2015-08,CLEMENTI,3 ROOM,339,CLEMENTI AVE 5,07 TO 09,67.0,New Generation,1979,365000.0,63.0,62,4,62 years 4 months,Duplicate Composite Key Record (Lower Resale Price),,,,
2014-09,BUKIT TIMAH,3 ROOM,4,QUEEN'S RD,04 TO 06,73.0,Improved,1974,365000.0,,58,3,58 years 3 months,Duplicate Composite Key Record (Lower Resale Price),,,,
2016-05,JURONG WEST,5 ROOM,721,JURONG WEST AVE 5,04 TO 06,121.0,Improved,1989,365000.0,72.0,71,7,71 years 7 months,Duplicate Composite Key Record (Lower Resale Price),,,,
2016-05,PASIR RIS,4 ROOM,142,PASIR RIS ST 11,04 TO 06,108.0,Model A,1994,365000.0,76.0,76,7,76 years 7 months,Duplicate Composite Key Record (Lower Resale Price),,,,
2016-10,WOODLANDS,4 ROOM,413,WOODLANDS ST 41,10 TO 12,106.0,Model A,1996,364000.0,78.0,78,2,78 years 2 months,Duplicate Composite Key Record (Lower Resale Price),,,,
2012-07,BEDOK,3 ROOM,39,BEDOK STH RD,13 TO 15,67.0,New Generation,1978,363500.0,,64,5,64 years 5 months,Duplicate Composite Key Record (Lower Resale Price),,,,
2015-03,PUNGGOL,4 ROOM,132,EDGEDALE PLAINS,13 TO 15,91.0,Premium Apartment,2003,363000.0,87.0,86,9,86 years 9 months,Duplicate Composite Key Record (Lower Resale Price),,,,
2012-04,WOODLANDS,4 ROOM,171,WOODLANDS ST 11,06 TO 10,91.0,New Generation,1985,363000.0,,71,8,71 years 8 months,Duplicate Composite Key Record (Lower Resale Price),,,,
2015-12,CHOA CHU KANG,4 ROOM,667,CHOA CHU KANG CRES,13 TO 15,103.0,Model A,1999,363000.0,82.0,82,0,82 years 0 months,Duplicate Composite Key Record (Lower Resale Price),,,,
2016-11,CENTRAL AREA,3 ROOM,9,SELEGIE RD,13 TO 15,56.0,Standard,1974,363000.0,56.0,56,1,56 years 1 months,Duplicate Composite Key Record (Lower Resale Price),,,,
2016-01,ANG MO KIO,3 ROOM,129,ANG MO KIO AVE 3,04 TO 06,88.0,New Generation,1979,363000.0,62.0,61,11,61 years 11 months,Duplicate Composite Key Record (Lower Resale Price),,,,
2015-05,SENGKANG,4 ROOM,249,COMPASSVALE RD,04 TO 06,85.0,Model A2,2000,363000.0,84.0,83,7,83 years 7 months,Duplicate Composite Key Record (Lower Resale Price),,,,
2015-05,TOA PAYOH,4 ROOM,214,LOR 8 TOA PAYOH,07 TO 09,82.0,Improved,1975,363000.0,59.0,58,7,58 years 7 months,Duplicate Composite Key Record (Lower Resale Price),,,,
2012-07,YISHUN,4 ROOM,312,YISHUN RING RD,10 TO 12,84.0,Simplified,1987,362000.0,,73,5,73 years 5 months,Duplicate Composite Key Record (Lower Resale Price),,,,
2012-06,QUEENSTOWN,3 ROOM,21,DOVER CRES,10 TO 12,65.0,Improved,1976,362000.0,,62,6,62 years 6 months,Duplicate Composite Key Record (Lower Resale Price),,,,
2013-01,HOUGANG,3 ROOM,511,HOUGANG AVE 10,04 TO 06,64.0,Simplified,1986,362000.0,,71,11,71 years 11 months,Duplicate Composite Key Record (Lower Resale Price),,,,
2013-05,WOODLANDS,3 ROOM,161,WOODLANDS ST 13,10 TO 12,73.0,Model A,1990,362000.0,,75,7,75 years 7 months,Duplicate Composite Key Record (Lower Resale Price),,,,
2016-06,SEMBAWANG,4 ROOM,467,ADMIRALTY DR,04 TO 06,102.0,Premium Apartment,2001,361000.0,84.0,83,6,83 years 6 months,Duplicate Composite Key Record (Lower Resale Price),,,,
2012-04,WOODLANDS,4 ROOM,665,WOODLANDS RING RD,01 TO 05,85.0,Model A2,2000,360000.0,,86,8,86 years 8 months,Duplicate Composite Key Record (Lower Resale Price),,,,
2014-06,JURONG EAST,4 ROOM,47,TEBAN GDNS RD,01 TO 03,98.0,New Generation,1985,360000.0,,69,6,69 years 6 months,Duplicate Composite Key Record (Lower Resale Price),,,,
2014-05,ANG MO KIO,3 ROOM,417,ANG MO KIO AVE 10,07 TO 09,74.0,New Generation,1979,360000.0,,63,7,63 years 7 months,Duplicate Composite Key Record (Lower Resale Price),,,,
2012-04,TAMPINES,3 ROOM,915,TAMPINES ST 91,11 TO 15,73.0,Model A,1984,360000.0,,70,8,70 years 8 months,Duplicate Composite Key Record (Lower Resale Price),,,,
2012-07,JURONG EAST,3 ROOM,110,JURONG EAST ST 13,10 TO 12,68.0,New Generation,1982,360000.0,,68,5,68 years 5 months,Duplicate Composite Key Record (Lower Resale Price),,,,
2012-08,TAMPINES,3 ROOM,817,TAMPINES ST 81,04 TO 06,73.0,Model A,1984,360000.0,,70,4,70 years 4 months,Duplicate Composite Key Record (Lower Resale Price),,,,
2013-01,CLEMENTI,3 ROOM,602,CLEMENTI WEST ST 1,10 TO 12,67.0,New Generation,1979,360000.0,,64,11,64 years 11 months,Duplicate Composite Key Record (Lower Resale Price),,,,
2013-05,TOA PAYOH,3 ROOM,34,LOR 5 TOA PAYOH,07 TO 09,67.0,Improved,1970,360000.0,,55,7,55 years 7 months,Duplicate Composite Key Record (Lower Resale Price),,,,
2014-09,JURONG WEST,4 ROOM,450,JURONG WEST ST 42,01 TO 03,103.0,Model A,1985,360000.0,,69,3,69 years 3 months,Duplicate Composite Key Record (Lower Resale Price),,,,
2016-07,WOODLANDS,4 ROOM,667,WOODLANDS RING RD,10 TO 12,90.0,Model A,2001,360000.0,83.0,83,5,83 years 5 months,Duplicate Composite Key Record (Lower Resale Price),,,,
2012-06,YISHUN,4 ROOM,638,YISHUN ST 61,04 TO 06,84.0,Simplified,1987,360000.0,,73,6,73 years 6 months,Duplicate Composite Key Record (Lower Resale Price),,,,
2013-09,WOODLANDS,4 ROOM,33,MARSILING DR,01 TO 03,98.0,New Generation,1978,360000.0,,63,3,63 years 3 months,Duplicate Composite Key Record (Lower Resale Price),,,,
2012-02,JURONG EAST,4 ROOM,48,TEBAN GDNS RD,04 TO 06,98.0,New Generation,1985,360000.0,,71,10,71 years 10 months,Duplicate Composite Key Record (Lower Resale Price),,,,
2014-03,ANG MO KIO,3 ROOM,129,ANG MO KIO AVE 3,04 TO 06,73.0,New Generation,1979,360000.0,,63,9,63 years 9 months,Duplicate Composite Key Record (Lower Resale Price),,,,
2015-01,JURONG EAST,3 ROOM,102,JURONG EAST ST 13,07 TO 09,68.0,New Generation,1982,360000.0,66.0,65,11,65 years 11 months,Duplicate Composite Key Record (Lower Resale Price),,,,
2014-03,HOUGANG,3 ROOM,240,HOUGANG ST 22,13 TO 15,74.0,Model A,1984,360000.0,,68,9,68 years 9 months,Duplicate Composite Key Record (Lower Resale Price),,,,
2014-05,WOODLANDS,4 ROOM,721,WOODLANDS CIRCLE,01 TO 03,102.0,Model A,1997,360000.0,,81,7,81 years 7 months,Duplicate Composite Key Record (Lower Resale Price),,,,
2016-06,SEMBAWANG,4 ROOM,510A,WELLINGTON CIRCLE,07 TO 09,90.0,Model A,2004,360000.0,87.0,86,6,86 years 6 months,Duplicate Composite Key Record (Lower Resale Price),,,,
2013-08,YISHUN,3 ROOM,839,YISHUN ST 81,04 TO 06,73.0,Model A,1987,359000.0,,72,4,72 years 4 months,Duplicate Composite Key Record (Lower Resale Price),,,,
2015-04,HOUGANG,4 ROOM,680,HOUGANG AVE 8,04 TO 06,84.0,Simplified,1987,358000.0,70.0,70,8,70 years 8 months,Duplicate Composite Key Record (Lower Resale Price),,,,
2014-06,TAMPINES,3 ROOM,436,TAMPINES ST 43,04 TO 06,74.0,Model A,1986,358000.0,,70,6,70 years 6 months,Duplicate Composite Key Record (Lower Resale Price),,,,
2014-04,KALLANG/WHAMPOA,3 ROOM,5,ST. GEORGE'S LANE,01 TO 03,68.0,New Generation,1981,358000.0,,65,8,65 years 8 months,Duplicate Composite Key Record (Lower Resale Price),,,,
2013-08,BUKIT MERAH,3 ROOM,44,TELOK BLANGAH DR,07 TO 09,65.0,Improved,1976,358000.0,,61,4,61 years 4 months,Duplicate Composite Key Record (Lower Resale Price),,,,
2012-03,HOUGANG,3 ROOM,658,HOUGANG AVE 8,06 TO 10,74.0,Model A,1987,358000.0,,73,9,73 years 9 months,Duplicate Composite Key Record (Lower Resale Price),,,,
2012-03,YISHUN,3 ROOM,839,YISHUN ST 81,11 TO 15,73.0,Model A,1987,357000.0,,73,9,73 years 9 months,Duplicate Composite Key Record (Lower Resale Price),,,,
2014-04,QUEENSTOWN,3 ROOM,170,STIRLING RD,13 TO 15,60.0,Improved,1970,357000.0,,54,8,54 years 8 months,Duplicate Composite Key Record (Lower Resale Price),,,,
2013-08,BUKIT PANJANG,3 ROOM,102,GANGSA RD,07 TO 09,73.0,Model A,1988,357000.0,,73,4,73 years 4 months,Duplicate Composite Key Record (Lower Resale Price),,,,
2012-08,BEDOK,3 ROOM,419,BEDOK NTH ST 1,04 TO 06,68.0,New Generation,1979,357000.0,,65,4,65 years 4 months,Duplicate Composite Key Record (Lower Resale Price),,,,
2012-08,JURONG EAST,3 ROOM,102,JURONG EAST ST 13,04 TO 06,68.0,New Generation,1982,356000.0,,68,4,68 years 4 months,Duplicate Composite Key Record (Lower Resale Price),,,,
2014-04,ANG MO KIO,3 ROOM,215,ANG MO KIO AVE 1,04 TO 06,73.0,New Generation,1976,356000.0,,60,8,60 years 8 months,Duplicate Composite Key Record (Lower Resale Price),,,,
2014-04,ANG MO KIO,3 ROOM,432,ANG MO KIO AVE 10,10 TO 12,67.0,New Generation,1979,356000.0,,63,8,63 years 8 months,Duplicate Composite Key Record (Lower Resale Price),,,,
2013-06,WOODLANDS,4 ROOM,27,MARSILING DR,13 TO 15,91.0,New Generation,1977,356000.0,,62,6,62 years 6 months,Duplicate Composite Key Record (Lower Resale Price),,,,
2013-10,CLEMENTI,3 ROOM,602,CLEMENTI WEST ST 1,10 TO 12,67.0,New Generation,1979,356000.0,,64,2,64 years 2 months,Duplicate Composite Key Record (Lower Resale Price),,,,
2012-10,BEDOK,3 ROOM,529,BEDOK NTH ST 3,10 TO 12,68.0,New Generation,1979,356000.0,,65,2,65 years 2 months,Duplicate Composite Key Record (Lower Resale Price),,,,
2012-03,WOODLANDS,3 ROOM,160,WOODLANDS ST 13,06 TO 10,73.0,Model A,1990,356000.0,,76,9,76 years 9 months,Duplicate Composite Key Record (Lower Resale Price),,,,
2014-07,ANG MO KIO,3 ROOM,117,ANG MO KIO AVE 4,10 TO 12,73.0,New Generation,1978,356000.0,,62,5,62 years 5 months,Duplicate Composite Key Record (Lower Resale Price),,,,
2013-06,BEDOK,3 ROOM,41,CHAI CHEE ST,07 TO 09,67.0,New Generation,1985,355000.0,,70,6,70 years 6 months,Duplicate Composite Key Record (Lower Resale Price),,,,
2012-04,TOA PAYOH,3 ROOM,207,TOA PAYOH NTH,06 TO 10,65.0,Improved,1973,355000.0,,59,8,59 years 8 months,Duplicate Composite Key Record (Lower Resale Price),,,,
2014-04,SERANGOON,3 ROOM,223,SERANGOON AVE 4,04 TO 06,71.0,New Generation,1984,355000.0,,68,8,68 years 8 months,Duplicate Composite Key Record (Lower Resale Price),,,,
2015-08,ANG MO KIO,3 ROOM,302,ANG MO KIO AVE 3,10 TO 12,73.0,New Generation,1978,355000.0,61.0,61,4,61 years 4 months,Duplicate Composite Key Record (Lower Resale Price),,,,
2012-08,JURONG WEST,3 ROOM,531,JURONG WEST ST 52,07 TO 09,67.0,New Generation,1983,355000.0,,69,4,69 years 4 months,Duplicate Composite Key Record (Lower Resale Price),,,,
2016-08,SERANGOON,3 ROOM,209,SERANGOON CTRL,07 TO 09,64.0,Simplified,1985,355000.0,68.0,67,4,67 years 4 months,Duplicate Composite Key Record (Lower Resale Price),,,,
2012-05,TAMPINES,3 ROOM,808,TAMPINES AVE 4,06 TO 10,73.0,Model A,1984,355000.0,,70,7,70 years 7 months,Duplicate Composite Key Record (Lower Resale Price),,,,
2016-01,SEMBAWANG,4 ROOM,492,ADMIRALTY LINK,16 TO 18,91.0,Model A,2004,355000.0,87.0,86,11,86 years 11 months,Duplicate Composite Key Record (Lower Resale Price),,,,
2015-10,BEDOK,4 ROOM,37,BEDOK STH AVE 2,13 TO 15,84.0,Improved,1977,355000.0,60.0,60,2,60 years 2 months,Duplicate Composite Key Record (Lower Resale Price),,,,
2013-07,BISHAN,3 ROOM,406,SIN MING AVE,10 TO 12,64.0,Simplified,1987,354100.0,,72,5,72 years 5 months,Duplicate Composite Key Record (Lower Resale Price),,,,
2013-05,BEDOK,3 ROOM,548,BEDOK NTH AVE 1,10 TO 12,68.0,New Generation,1980,354000.0,,65,7,65 years 7 months,Duplicate Composite Key Record (Lower Resale Price),,,,
2013-04,JURONG WEST,3 ROOM,530,JURONG WEST ST 52,04 TO 06,67.0,New Generation,1983,353000.0,,68,8,68 years 8 months,Duplicate Composite Key Record (Lower Resale Price),,,,
2012-04,BUKIT BATOK,4 ROOM,511,BT BATOK ST 52,06 TO 10,84.0,Simplified,1986,353000.0,,72,8,72 years 8 months,Duplicate Composite Key Record (Lower Resale Price),,,,
2013-09,TAMPINES,3 ROOM,215,TAMPINES ST 23,10 TO 12,67.0,New Generation,1985,353000.0,,70,3,70 years 3 months,Duplicate Composite Key Record (Lower Resale Price),,,,
2016-11,KALLANG/WHAMPOA,3 ROOM,94,GEYLANG BAHRU,04 TO 06,68.0,New Generation,1979,352500.0,61.0,61,1,61 years 1 months,Duplicate Composite Key Record (Lower Resale Price),,,,
2012-10,YISHUN,3 ROOM,712,YISHUN AVE 5,07 TO 09,68.0,New Generation,1984,352000.0,,70,2,70 years 2 months,Duplicate Composite Key Record (Lower Resale Price),,,,
2015-10,BEDOK,4 ROOM,37,BEDOK STH AVE 2,10 TO 12,84.0,Improved,1977,352000.0,60.0,60,2,60 years 2 months,Duplicate Composite Key Record (Lower Resale Price),,,,
2014-08,HOUGANG,3 ROOM,528,HOUGANG AVE 6,04 TO 06,74.0,Model A,1987,352000.0,,71,4,71 years 4 months,Duplicate Composite Key Record (Lower Resale Price),,,,
2016-09,CLEMENTI,3 ROOM,426,CLEMENTI AVE 3,07 TO 09,67.0,New Generation,1978,350000.0,60.0,60,3,60 years 3 months,Duplicate Composite Key Record (Lower Resale Price),,,,
2016-06,WOODLANDS,4 ROOM,665,WOODLANDS RING RD,07 TO 09,85.0,Model A2,2000,350000.0,83.0,82,6,82 years 6 months,Duplicate Composite Key Record (Lower Resale Price),,,,
2014-07,BUKIT PANJANG,4 ROOM,442,FAJAR RD,04 TO 06,100.0,Model A,1997,350000.0,,81,5,81 years 5 months,Duplicate Composite Key Record (Lower Resale Price),,,,
2014-01,ANG MO KIO,3 ROOM,578,ANG MO KIO AVE 10,07 TO 09,67.0,New Generation,1980,350000.0,,64,11,64 years 11 months,Duplicate Composite Key Record (Lower Resale Price),,,,
2012-04,BUKIT MERAH,3 ROOM,44,TELOK BLANGAH DR,01 TO 05,65.0,Improved,1976,350000.0,,62,8,62 years 8 months,Duplicate Composite Key Record (Lower Resale Price),,,,
2012-02,TAMPINES,3 ROOM,884,TAMPINES ST 83,04 TO 06,74.0,Model A,1988,350000.0,,74,10,74 years 10 months,Duplicate Composite Key Record (Lower Resale Price),,,,
2015-09,CLEMENTI,3 ROOM,346,CLEMENTI AVE 5,04 TO 06,67.0,New Generation,1979,350000.0,62.0,62,3,62 years 3 months,Duplicate Composite Key Record (Lower Resale Price),,,,
2015-07,SENGKANG,4 ROOM,308A,ANCHORVALE RD,04 TO 06,90.0,Model A,2002,350000.0,85.0,85,5,85 years 5 months,Duplicate Composite Key Record (Lower Resale Price),,,,
2012-06,ANG MO KIO,3 ROOM,570,ANG MO KIO AVE 3,07 TO 09,67.0,New Generation,1979,350000.0,,65,6,65 years 6 months,Duplicate Composite Key Record (Lower Resale Price),,,,
2012-07,TAMPINES,3 ROOM,204,TAMPINES ST 21,01 TO 03,68.0,Improved,1983,350000.0,,69,5,69 years 5 months,Duplicate Composite Key Record (Lower Resale Price),,,,
2014-04,JURONG WEST,4 ROOM,417,JURONG WEST ST 42,04 TO 06,84.0,Simplified,1985,350000.0,,69,8,69 years 8 months,Duplicate Composite Key Record (Lower Resale Price),,,,
2016-04,BUKIT PANJANG,4 ROOM,616,SENJA RD,13 TO 15,90.0,Model A2,2002,350000.0,85.0,84,8,84 years 8 months,Duplicate Composite Key Record (Lower Resale Price),,,,
2015-02,TAMPINES,3 ROOM,403,TAMPINES ST 41,07 TO 09,69.0,Improved,1985,350000.0,69.0,68,10,68 years 10 months,Duplicate Composite Key Record (Lower Resale Price),,,,
2016-09,SEMBAWANG,4 ROOM,482,ADMIRALTY LINK,10 TO 12,87.0,Model A2,2004,350000.0,86.0,86,3,86 years 3 months,Duplicate Composite Key Record (Lower Resale Price),,,,
2014-10,KALLANG/WHAMPOA,3 ROOM,1,BEACH RD,07 TO 09,68.0,Improved,1979,350000.0,,63,2,63 years 2 months,Duplicate Composite Key Record (Lower Resale Price),,,,
2016-04,CHOA CHU KANG,4 ROOM,673A,CHOA CHU KANG CRES,07 TO 09,104.0,Premium Apartment,1999,350000.0,82.0,81,8,81 years 8 months,Duplicate Composite Key Record (Lower Resale Price),,,,
2014-01,TAMPINES,3 ROOM,813,TAMPINES ST 81,07 TO 09,73.0,Model A,1984,350000.0,,68,11,68 years 11 months,Duplicate Composite Key Record (Lower Resale Price),,,,
2015-08,BEDOK,3 ROOM,202,BEDOK NTH ST 1,07 TO 09,67.0,New Generation,1979,350000.0,62.0,62,4,62 years 4 months,Duplicate Composite Key Record (Lower Resale Price),,,,
2016-04,CLEMENTI,3 ROOM,351,CLEMENTI AVE 2,04 TO 06,67.0,New Generation,1978,350000.0,61.0,60,8,60 years 8 months,Duplicate Composite Key Record (Lower Resale Price),,,,
2012-10,QUEENSTOWN,3 ROOM,84,C'WEALTH CL,04 TO 06,58.0,Standard,1967,350000.0,,53,2,53 years 2 months,Duplicate Composite Key Record (Lower Resale Price),,,,
2012-01,ANG MO KIO,3 ROOM,633,ANG MO KIO AVE 6,10 TO 12,67.0,New Generation,1985,350000.0,,71,11,71 years 11 months,Duplicate Composite Key Record (Lower Resale Price),,,,
2016-05,HOUGANG,4 ROOM,515,HOUGANG AVE 10,01 TO 03,84.0,Simplified,1986,349000.0,69.0,68,7,68 years 7 months,Duplicate Composite Key Record (Lower Resale Price),,,,
2012-03,YISHUN,3 ROOM,746,YISHUN ST 72,11 TO 15,67.0,New Generation,1984,348500.0,,70,9,70 years 9 months,Duplicate Composite Key Record (Lower Resale Price),,,,
2013-10,KALLANG/WHAMPOA,3 ROOM,63,KALLANG BAHRU,10 TO 12,65.0,Improved,1974,348500.0,,59,2,59 years 2 months,Duplicate Composite Key Record (Lower Resale Price),,,,
2014-03,GEYLANG,3 ROOM,98,ALJUNIED CRES,10 TO 12,65.0,Improved,1975,348000.0,,59,9,59 years 9 months,Duplicate Composite Key Record (Lower Resale Price),,,,
2015-07,YISHUN,4 ROOM,390,YISHUN AVE 6,10 TO 12,104.0,Model A,1988,348000.0,72.0,71,5,71 years 5 months,Duplicate Composite Key Record (Lower Resale Price),,,,
2013-07,CLEMENTI,3 ROOM,702,WEST COAST RD,07 TO 09,67.0,New Generation,1980,348000.0,,65,5,65 years 5 months,Duplicate Composite Key Record (Lower Resale Price),,,,
2014-02,TOA PAYOH,3 ROOM,107,LOR 1 TOA PAYOH,04 TO 06,67.0,Improved,1970,347888.0,,54,10,54 years 10 months,Duplicate Composite Key Record (Lower Resale Price),,,,
2012-05,QUEENSTOWN,3 ROOM,81,C'WEALTH CL,11 TO 15,60.0,Standard,1967,347000.0,,53,7,53 years 7 months,Duplicate Composite Key Record (Lower Resale Price),,,,
2013-04,BEDOK,3 ROOM,100,BEDOK NTH AVE 4,07 TO 09,67.0,New Generation,1978,347000.0,,63,8,63 years 8 months,Duplicate Composite Key Record (Lower Resale Price),,,,
2012-04,ANG MO KIO,3 ROOM,215,ANG MO KIO AVE 1,06 TO 10,73.0,New Generation,1976,347000.0,,62,8,62 years 8 months,Duplicate Composite Key Record (Lower Resale Price),,,,
2012-08,BUKIT MERAH,3 ROOM,13,TELOK BLANGAH CRES,07 TO 09,65.0,Improved,1975,347000.0,,61,4,61 years 4 months,Duplicate Composite Key Record (Lower Resale Price),,,,
2012-02,JURONG WEST,3 ROOM,516,JURONG WEST ST 52,01 TO 03,74.0,Model A,1984,347000.0,,70,10,70 years 10 months,Duplicate Composite Key Record (Lower Resale Price),,,,
2013-11,BUKIT BATOK,3 ROOM,127,BT BATOK WEST AVE 6,10 TO 12,73.0,Model A,1985,347000.0,,70,1,70 years 1 months,Duplicate Composite Key Record (Lower Resale Price),,,,
2016-06,WOODLANDS,4 ROOM,577,WOODLANDS DR 16,07 TO 09,91.0,Model A,2000,346688.0,83.0,82,6,82 years 6 months,Duplicate Composite Key Record (Lower Resale Price),,,,
2012-07,BUKIT MERAH,3 ROOM,44,TELOK BLANGAH DR,01 TO 03,65.0,Improved,1976,346000.0,,62,5,62 years 5 months,Duplicate Composite Key Record (Lower Resale Price),,,,
2016-08,CHOA CHU KANG,4 ROOM,613,CHOA CHU KANG ST 62,04 TO 06,108.0,Model A,1996,345000.0,78.0,78,4,78 years 4 months,Duplicate Composite Key Record (Lower Resale Price),,,,
2016-05,BEDOK,4 ROOM,37,BEDOK STH AVE 2,04 TO 06,84.0,Improved,1977,345000.0,60.0,59,7,59 years 7 months,Duplicate Composite Key Record (Lower Resale Price),,,,
2015-09,CLEMENTI,3 ROOM,309,CLEMENTI AVE 4,04 TO 06,67.0,New Generation,1980,345000.0,63.0,63,3,63 years 3 months,Duplicate Composite Key Record (Lower Resale Price),,,,
2015-03,CHOA CHU KANG,4 ROOM,237,CHOA CHU KANG CTRL,01 TO 03,103.0,Model A,1990,345000.0,74.0,73,9,73 years 9 months,Duplicate Composite Key Record (Lower Resale Price),,,,
2012-03,JURONG EAST,3 ROOM,101,JURONG EAST ST 13,11 TO 15,68.0,New Generation,1983,345000.0,,69,9,69 years 9 months,Duplicate Composite Key Record (Lower Resale Price),,,,
2016-12,CLEMENTI,3 ROOM,308,CLEMENTI AVE 4,10 TO 12,67.0,New Generation,1980,345000.0,62.0,62,0,62 years 0 months,Duplicate Composite Key Record (Lower Resale Price),,,,
2012-09,YISHUN,3 ROOM,710,YISHUN AVE 5,10 TO 12,68.0,New Generation,1984,345000.0,,70,3,70 years 3 months,Duplicate Composite Key Record (Lower Resale Price),,,,
2012-09,JURONG EAST,3 ROOM,102,JURONG EAST ST 13,01 TO 03,68.0,New Generation,1982,345000.0,,68,3,68 years 3 months,Duplicate Composite Key Record (Lower Resale Price),,,,
2012-11,YISHUN,3 ROOM,237,YISHUN RING RD,07 TO 09,67.0,New Generation,1985,345000.0,,71,1,71 years 1 months,Duplicate Composite Key Record (Lower Resale Price),,,,
2014-04,ANG MO KIO,3 ROOM,473,ANG MO KIO AVE 10,10 TO 12,67.0,New Generation,1984,345000.0,,68,8,68 years 8 months,Duplicate Composite Key Record (Lower Resale Price),,,,
2012-04,ANG MO KIO,3 ROOM,503,ANG MO KIO AVE 5,01 TO 05,68.0,New Generation,1981,345000.0,,67,8,67 years 8 months,Duplicate Composite Key Record (Lower Resale Price),,,,
2012-10,BEDOK,3 ROOM,37,CHAI CHEE AVE,04 TO 06,66.0,Improved,1983,345000.0,,69,2,69 years 2 months,Duplicate Composite Key Record (Lower Resale Price),,,,
2014-05,SERANGOON,3 ROOM,221,SERANGOON AVE 4,01 TO 03,67.0,New Generation,1984,345000.0,,68,7,68 years 7 months,Duplicate Composite Key Record (Lower Resale Price),,,,
2014-04,ANG MO KIO,3 ROOM,128,ANG MO KIO AVE 3,01 TO 03,67.0,New Generation,1978,345000.0,,62,8,62 years 8 months,Duplicate Composite Key Record (Lower Resale Price),,,,
2014-04,ANG MO KIO,3 ROOM,535,ANG MO KIO AVE 5,04 TO 06,67.0,New Generation,1980,345000.0,,64,8,64 years 8 months,Duplicate Composite Key Record (Lower Resale Price),,,,
2012-05,WOODLANDS,4 ROOM,217,MARSILING CRES,01 TO 05,104.0,Model A,1982,345000.0,,68,7,68 years 7 months,Duplicate Composite Key Record (Lower Resale Price),,,,
2013-04,WOODLANDS,3 ROOM,30,MARSILING DR,13 TO 15,73.0,New Generation,1977,345000.0,,62,8,62 years 8 months,Duplicate Composite Key Record (Lower Resale Price),,,,
2013-04,BUKIT BATOK,3 ROOM,249,BT BATOK EAST AVE 5,04 TO 06,73.0,Model A,1985,345000.0,,70,8,70 years 8 months,Duplicate Composite Key Record (Lower Resale Price),,,,
2013-04,BEDOK,3 ROOM,55,CHAI CHEE DR,04 TO 06,76.0,Model A,1984,345000.0,,69,8,69 years 8 months,Duplicate Composite Key Record (Lower Resale Price),,,,
2013-02,YISHUN,3 ROOM,701,YISHUN AVE 5,10 TO 12,68.0,New Generation,1984,345000.0,,69,10,69 years 10 months,Duplicate Composite Key Record (Lower Resale Price),,,,
2012-12,HOUGANG,3 ROOM,252,HOUGANG AVE 3,10 TO 12,67.0,New Generation,1985,345000.0,,71,0,71 years 0 months,Duplicate Composite Key Record (Lower Resale Price),,,,
2012-04,BEDOK,3 ROOM,138,BEDOK NTH ST 2,06 TO 10,67.0,New Generation,1978,344000.0,,64,8,64 years 8 months,Duplicate Composite Key Record (Lower Resale Price),,,,
2014-05,BEDOK,3 ROOM,418,BEDOK NTH AVE 2,04 TO 06,67.0,New Generation,1978,344000.0,,62,7,62 years 7 months,Duplicate Composite Key Record (Lower Resale Price),,,,
2012-11,HOUGANG,3 ROOM,321,HOUGANG AVE 5,07 TO 09,67.0,New Generation,1983,344000.0,,69,1,69 years 1 months,Duplicate Composite Key Record (Lower Resale Price),,,,
2013-04,YISHUN,3 ROOM,220,YISHUN ST 21,04 TO 06,67.0,New Generation,1985,344000.0,,70,8,70 years 8 months,Duplicate Composite Key Record (Lower Resale Price),,,,
2012-03,YISHUN,4 ROOM,245,YISHUN AVE 9,01 TO 05,84.0,Simplified,1985,344000.0,,71,9,71 years 9 months,Duplicate Composite Key Record (Lower Resale Price),,,,
2013-07,HOUGANG,3 ROOM,252,HOUGANG AVE 3,04 TO 06,67.0,New Generation,1985,344000.0,,70,5,70 years 5 months,Duplicate Composite Key Record (Lower Resale Price),,,,
2012-05,YISHUN,3 ROOM,734,YISHUN AVE 5,06 TO 10,67.0,New Generation,1985,343300.0,,71,7,71 years 7 months,Duplicate Composite Key Record (Lower Resale Price),,,,
2012-09,ANG MO KIO,3 ROOM,212,ANG MO KIO AVE 3,04 TO 06,67.0,New Generation,1977,343000.0,,63,3,63 years 3 months,Duplicate Composite Key Record (Lower Resale Price),,,,
2013-03,JURONG EAST,3 ROOM,252,JURONG EAST ST 24,01 TO 03,67.0,New Generation,1985,343000.0,,70,9,70 years 9 months,Duplicate Composite Key Record (Lower Resale Price),,,,
2013-08,GEYLANG,3 ROOM,45,SIMS DR,07 TO 09,65.0,Improved,1977,343000.0,,62,4,62 years 4 months,Duplicate Composite Key Record (Lower Resale Price),,,,
2012-07,KALLANG/WHAMPOA,3 ROOM,64,KALLANG BAHRU,07 TO 09,65.0,Improved,1974,343000.0,,60,5,60 years 5 months,Duplicate Composite Key Record (Lower Resale Price),,,,
2016-11,QUEENSTOWN,3 ROOM,2,DOVER RD,07 TO 09,65.0,Improved,1975,342000.0,57.0,57,1,57 years 1 months,Duplicate Composite Key Record (Lower Resale Price),,,,
2014-03,KALLANG/WHAMPOA,3 ROOM,76,LOR LIMAU,13 TO 15,65.0,Improved,1973,342000.0,,57,9,57 years 9 months,Duplicate Composite Key Record (Lower Resale Price),,,,
2012-08,ANG MO KIO,3 ROOM,575,ANG MO KIO AVE 10,04 TO 06,67.0,New Generation,1980,342000.0,,66,4,66 years 4 months,Duplicate Composite Key Record (Lower Resale Price),,,,
2013-04,CLEMENTI,3 ROOM,706,CLEMENTI WEST ST 2,07 TO 09,68.0,New Generation,1980,342000.0,,65,8,65 years 8 months,Duplicate Composite Key Record (Lower Resale Price),,,,
2012-04,YISHUN,3 ROOM,740,YISHUN AVE 5,06 TO 10,67.0,New Generation,1985,341000.0,,71,8,71 years 8 months,Duplicate Composite Key Record (Lower Resale Price),,,,
2012-07,KALLANG/WHAMPOA,3 ROOM,68,GEYLANG BAHRU,04 TO 06,65.0,Improved,1974,341000.0,,60,5,60 years 5 months,Duplicate Composite Key Record (Lower Resale Price),,,,
2012-03,BUKIT BATOK,3 ROOM,212,BT BATOK ST 21,06 TO 10,67.0,New Generation,1985,341000.0,,71,9,71 years 9 months,Duplicate Composite Key Record (Lower Resale Price),,,,
2013-03,JURONG EAST,3 ROOM,247,JURONG EAST ST 24,04 TO 06,68.0,New Generation,1983,341000.0,,68,9,68 years 9 months,Duplicate Composite Key Record (Lower Resale Price),,,,
2012-08,WOODLANDS,4 ROOM,437,WOODLANDS ST 41,04 TO 06,84.0,Simplified,1996,340000.0,,82,4,82 years 4 months,Duplicate Composite Key Record (Lower Resale Price),,,,
2015-01,WOODLANDS,4 ROOM,577,WOODLANDS DR 16,01 TO 03,91.0,Model A,2000,340000.0,84.0,83,11,83 years 11 months,Duplicate Composite Key Record (Lower Resale Price),,,,
2013-08,BEDOK,3 ROOM,18,BEDOK STH RD,07 TO 09,65.0,Improved,1976,340000.0,,61,4,61 years 4 months,Duplicate Composite Key Record (Lower Resale Price),,,,
2014-01,ANG MO KIO,3 ROOM,331,ANG MO KIO AVE 1,04 TO 06,68.0,New Generation,1981,340000.0,,65,11,65 years 11 months,Duplicate Composite Key Record (Lower Resale Price),,,,
2014-04,JURONG EAST,3 ROOM,102,JURONG EAST ST 13,04 TO 06,68.0,New Generation,1982,340000.0,,66,8,66 years 8 months,Duplicate Composite Key Record (Lower Resale Price),,,,
2016-11,TAMPINES,3 ROOM,818,TAMPINES ST 81,10 TO 12,73.0,Model A,1984,340000.0,66.0,66,1,66 years 1 months,Duplicate Composite Key Record (Lower Resale Price),,,,
2015-10,CLEMENTI,3 ROOM,305,CLEMENTI AVE 4,04 TO 06,67.0,New Generation,1979,340000.0,62.0,62,2,62 years 2 months,Duplicate Composite Key Record (Lower Resale Price),,,,
2012-05,CLEMENTI,3 ROOM,731,CLEMENTI WEST ST 2,06 TO 10,68.0,New Generation,1980,340000.0,,66,7,66 years 7 months,Duplicate Composite Key Record (Lower Resale Price),,,,
2016-03,ANG MO KIO,3 ROOM,333,ANG MO KIO AVE 1,04 TO 06,68.0,New Generation,1981,340000.0,63.0,63,9,63 years 9 months,Duplicate Composite Key Record (Lower Resale Price),,,,
2012-05,TOA PAYOH,3 ROOM,205,TOA PAYOH NTH,06 TO 10,65.0,Improved,1973,340000.0,,59,7,59 years 7 months,Duplicate Composite Key Record (Lower Resale Price),,,,
2015-06,BEDOK,3 ROOM,410,BEDOK NTH AVE 2,04 TO 06,68.0,New Generation,1980,340000.0,63.0,63,6,63 years 6 months,Duplicate Composite Key Record (Lower Resale Price),,,,
2014-05,BEDOK,3 ROOM,138,BEDOK NTH ST 2,04 TO 06,67.0,New Generation,1978,340000.0,,62,7,62 years 7 months,Duplicate Composite Key Record (Lower Resale Price),,,,
2012-07,BUKIT MERAH,3 ROOM,44,TELOK BLANGAH DR,01 TO 03,65.0,Improved,1976,340000.0,,62,5,62 years 5 months,Duplicate Composite Key Record (Lower Resale Price),,,,
2012-10,BUKIT BATOK,3 ROOM,178,BT BATOK WEST AVE 8,07 TO 09,73.0,Model A,1984,340000.0,,70,2,70 years 2 months,Duplicate Composite Key Record (Lower Resale Price),,,,
2012-06,ANG MO KIO,3 ROOM,565,ANG MO KIO AVE 3,10 TO 12,68.0,New Generation,1980,340000.0,,66,6,66 years 6 months,Duplicate Composite Key Record (Lower Resale Price),,,,
2012-05,BUKIT BATOK,3 ROOM,539,BT BATOK ST 52,06 TO 10,73.0,Model A,1987,340000.0,,73,7,73 years 7 months,Duplicate Composite Key Record (Lower Resale Price),,,,
2013-08,JURONG EAST,3 ROOM,110,JURONG EAST ST 13,13 TO 15,68.0,New Generation,1982,340000.0,,67,4,67 years 4 months,Duplicate Composite Key Record (Lower Resale Price),,,,
2015-05,BEDOK,3 ROOM,409,BEDOK NTH AVE 2,07 TO 09,68.0,New Generation,1980,340000.0,63.0,63,7,63 years 7 months,Duplicate Composite Key Record (Lower Resale Price),,,,
2012-03,BUKIT MERAH,3 ROOM,44,TELOK BLANGAH DR,01 TO 05,65.0,Improved,1976,340000.0,,62,9,62 years 9 months,Duplicate Composite Key Record (Lower Resale Price),,,,
2014-05,WOODLANDS,4 ROOM,113,WOODLANDS ST 13,04 TO 06,91.0,New Generation,1987,340000.0,,71,7,71 years 7 months,Duplicate Composite Key Record (Lower Resale Price),,,,
2014-02,TOA PAYOH,3 ROOM,107,LOR 1 TOA PAYOH,04 TO 06,67.0,Improved,1970,340000.0,,54,10,54 years 10 months,Duplicate Composite Key Record (Lower Resale Price),,,,
2013-05,QUEENSTOWN,3 ROOM,92,C'WEALTH DR,01 TO 03,60.0,Standard,1967,340000.0,,52,7,52 years 7 months,Duplicate Composite Key Record (Lower Resale Price),,,,
2012-01,ANG MO KIO,3 ROOM,256,ANG MO KIO AVE 4,10 TO 12,73.0,New Generation,1977,340000.0,,63,11,63 years 11 months,Duplicate Composite Key Record (Lower Resale Price),,,,
2013-09,JURONG EAST,3 ROOM,253,JURONG EAST ST 24,01 TO 03,67.0,New Generation,1985,340000.0,,70,3,70 years 3 months,Duplicate Composite Key Record (Lower Resale Price),,,,
2012-07,CHOA CHU KANG,3 ROOM,111,TECK WHYE LANE,04 TO 06,73.0,Model A,1989,339000.0,,75,5,75 years 5 months,Duplicate Composite Key Record (Lower Resale Price),,,,
2014-08,WOODLANDS,4 ROOM,853,WOODLANDS ST 83,10 TO 12,84.0,Simplified,1993,339000.0,,77,4,77 years 4 months,Duplicate Composite Key Record (Lower Resale Price),,,,
2012-10,HOUGANG,3 ROOM,242,HOUGANG ST 22,10 TO 12,67.0,New Generation,1984,339000.0,,70,2,70 years 2 months,Duplicate Composite Key Record (Lower Resale Price),,,,
2013-03,JURONG EAST,3 ROOM,253,JURONG EAST ST 24,01 TO 03,67.0,New Generation,1985,338000.0,,70,9,70 years 9 months,Duplicate Composite Key Record (Lower Resale Price),,,,
2013-08,JURONG WEST,3 ROOM,484,JURONG WEST AVE 1,07 TO 09,67.0,New Generation,1985,338000.0,,70,4,70 years 4 months,Duplicate Composite Key Record (Lower Resale Price),,,,
2014-09,KALLANG/WHAMPOA,3 ROOM,57,GEYLANG BAHRU,13 TO 15,65.0,Improved,1974,338000.0,,58,3,58 years 3 months,Duplicate Composite Key Record (Lower Resale Price),,,,
2014-05,YISHUN,3 ROOM,629,YISHUN ST 61,07 TO 09,73.0,Model A,1988,338000.0,,72,7,72 years 7 months,Duplicate Composite Key Record (Lower Resale Price),,,,
2014-04,JURONG WEST,3 ROOM,518,JURONG WEST ST 52,07 TO 09,74.0,Model A,1984,338000.0,,68,8,68 years 8 months,Duplicate Composite Key Record (Lower Resale Price),,,,
2012-11,BUKIT PANJANG,3 ROOM,116,PENDING RD,04 TO 06,73.0,Model A,1987,338000.0,,73,1,73 years 1 months,Duplicate Composite Key Record (Lower Resale Price),,,,
2012-06,BEDOK,3 ROOM,122,BEDOK NTH ST 2,10 TO 12,67.0,New Generation,1978,338000.0,,64,6,64 years 6 months,Duplicate Composite Key Record (Lower Resale Price),,,,
2012-04,ANG MO KIO,3 ROOM,129,ANG MO KIO AVE 3,01 TO 05,73.0,New Generation,1979,337000.0,,65,8,65 years 8 months,Duplicate Composite Key Record (Lower Resale Price),,,,
2012-08,JURONG EAST,3 ROOM,341,JURONG EAST AVE 1,04 TO 06,74.0,Model A,1983,337000.0,,69,4,69 years 4 months,Duplicate Composite Key Record (Lower Resale Price),,,,
2012-04,ANG MO KIO,3 ROOM,441,ANG MO KIO AVE 10,01 TO 05,67.0,New Generation,1979,337000.0,,65,8,65 years 8 months,Duplicate Composite Key Record (Lower Resale Price),,,,
2013-04,WOODLANDS,3 ROOM,146,WOODLANDS ST 13,07 TO 09,68.0,New Generation,1985,336888.0,,70,8,70 years 8 months,Duplicate Composite Key Record (Lower Resale Price),,,,
2015-08,BUKIT BATOK,4 ROOM,336,BT BATOK ST 32,04 TO 06,84.0,Simplified,1986,336800.0,70.0,69,4,69 years 4 months,Duplicate Composite Key Record (Lower Resale Price),,,,
2014-05,JURONG EAST,3 ROOM,210,JURONG EAST ST 21,07 TO 09,67.0,New Generation,1983,336500.0,,67,7,67 years 7 months,Duplicate Composite Key Record (Lower Resale Price),,,,
2014-04,BUKIT BATOK,3 ROOM,346,BT BATOK ST 34,07 TO 09,73.0,Model A,1986,336000.0,,70,8,70 years 8 months,Duplicate Composite Key Record (Lower Resale Price),,,,
2012-05,YISHUN,3 ROOM,734,YISHUN AVE 5,06 TO 10,67.0,New Generation,1985,336000.0,,71,7,71 years 7 months,Duplicate Composite Key Record (Lower Resale Price),,,,
2014-11,JURONG WEST,3 ROOM,534,JURONG WEST ST 52,10 TO 12,67.0,New Generation,1982,336000.0,,66,1,66 years 1 months,Duplicate Composite Key Record (Lower Resale Price),,,,
2012-01,ANG MO KIO,3 ROOM,558,ANG MO KIO AVE 10,10 TO 12,67.0,New Generation,1980,336000.0,,66,11,66 years 11 months,Duplicate Composite Key Record (Lower Resale Price),,,,
2012-04,KALLANG/WHAMPOA,3 ROOM,4,JLN BATU,06 TO 10,60.0,Standard,1969,335000.0,,55,8,55 years 8 months,Duplicate Composite Key Record (Lower Resale Price),,,,
2013-01,JURONG EAST,3 ROOM,210,JURONG EAST ST 21,04 TO 06,67.0,New Generation,1983,335000.0,,68,11,68 years 11 months,Duplicate Composite Key Record (Lower Resale Price),,,,
2014-05,YISHUN,4 ROOM,250,YISHUN AVE 9,10 TO 12,84.0,Simplified,1985,335000.0,,69,7,69 years 7 months,Duplicate Composite Key Record (Lower Resale Price),,,,
2013-05,ANG MO KIO,3 ROOM,405,ANG MO KIO AVE 10,04 TO 06,67.0,New Generation,1979,335000.0,,64,7,64 years 7 months,Duplicate Composite Key Record (Lower Resale Price),,,,
2012-03,TOA PAYOH,3 ROOM,26,TOA PAYOH EAST,06 TO 10,67.0,Improved,1971,335000.0,,57,9,57 years 9 months,Duplicate Composite Key Record (Lower Resale Price),,,,
2014-05,BUKIT BATOK,3 ROOM,131,BT BATOK WEST AVE 6,04 TO 06,73.0,Model A,1984,335000.0,,68,7,68 years 7 months,Duplicate Composite Key Record (Lower Resale Price),,,,
2012-05,BUKIT MERAH,3 ROOM,44,TELOK BLANGAH DR,01 TO 05,65.0,Improved,1976,335000.0,,62,7,62 years 7 months,Duplicate Composite Key Record (Lower Resale Price),,,,
2012-11,YISHUN,4 ROOM,439,YISHUN AVE 11,04 TO 06,84.0,Simplified,1988,335000.0,,74,1,74 years 1 months,Duplicate Composite Key Record (Lower Resale Price),,,,
2013-04,BEDOK,3 ROOM,554,BEDOK NTH ST 3,04 TO 06,68.0,New Generation,1980,335000.0,,65,8,65 years 8 months,Duplicate Composite Key Record (Lower Resale Price),,,,
2012-03,YISHUN,3 ROOM,740,YISHUN AVE 5,11 TO 15,67.0,New Generation,1985,335000.0,,71,9,71 years 9 months,Duplicate Composite Key Record (Lower Resale Price),,,,
2013-01,GEYLANG,3 ROOM,95,ALJUNIED CRES,07 TO 09,65.0,Improved,1975,335000.0,,60,11,60 years 11 months,Duplicate Composite Key Record (Lower Resale Price),,,,
2012-04,TOA PAYOH,3 ROOM,203,TOA PAYOH NTH,06 TO 10,65.0,Improved,1982,335000.0,,68,8,68 years 8 months,Duplicate Composite Key Record (Lower Resale Price),,,,
2016-08,TAMPINES,3 ROOM,113,TAMPINES ST 11,07 TO 09,75.0,Model A,1982,335000.0,64.0,64,4,64 years 4 months,Duplicate Composite Key Record (Lower Resale Price),,,,
2013-12,YISHUN,3 ROOM,304,YISHUN CTRL,10 TO 12,74.0,Model A,1988,335000.0,,73,0,73 years 0 months,Duplicate Composite Key Record (Lower Resale Price),,,,
2014-04,SERANGOON,3 ROOM,2,LOR LEW LIAN,04 TO 06,64.0,Improved,1983,335000.0,,67,8,67 years 8 months,Duplicate Composite Key Record (Lower Resale Price),,,,
2012-07,JURONG EAST,3 ROOM,231,JURONG EAST ST 21,04 TO 06,67.0,New Generation,1981,335000.0,,67,5,67 years 5 months,Duplicate Composite Key Record (Lower Resale Price),,,,
2015-10,JURONG EAST,3 ROOM,321,JURONG EAST ST 31,04 TO 06,74.0,Model A,1984,335000.0,68.0,67,2,67 years 2 months,Duplicate Composite Key Record (Lower Resale Price),,,,
2013-03,CLEMENTI,3 ROOM,704,WEST COAST RD,01 TO 03,67.0,New Generation,1980,335000.0,,65,9,65 years 9 months,Duplicate Composite Key Record (Lower Resale Price),,,,
2015-08,SEMBAWANG,4 ROOM,485,ADMIRALTY LINK,07 TO 09,85.0,Model A2,2003,335000.0,86.0,86,4,86 years 4 months,Duplicate Composite Key Record (Lower Resale Price),,,,
2012-08,BEDOK,3 ROOM,526,BEDOK NTH ST 3,04 TO 06,67.0,New Generation,1979,335000.0,,65,4,65 years 4 months,Duplicate Composite Key Record (Lower Resale Price),,,,
2012-01,ANG MO KIO,3 ROOM,506,ANG MO KIO AVE 8,07 TO 09,68.0,New Generation,1980,334000.0,,66,11,66 years 11 months,Duplicate Composite Key Record (Lower Resale Price),,,,
2015-10,CHOA CHU KANG,4 ROOM,294,CHOA CHU KANG AVE 2,01 TO 03,104.0,Model A,1990,333888.0,73.0,73,2,73 years 2 months,Duplicate Composite Key Record (Lower Resale Price),,,,
2014-10,KALLANG/WHAMPOA,3 ROOM,64,KALLANG BAHRU,04 TO 06,65.0,Improved,1974,333800.0,,58,2,58 years 2 months,Duplicate Composite Key Record (Lower Resale Price),,,,
2012-04,ANG MO KIO,3 ROOM,214,ANG MO KIO AVE 3,06 TO 10,67.0,New Generation,1976,333800.0,,62,8,62 years 8 months,Duplicate Composite Key Record (Lower Resale Price),,,,
2014-11,TAMPINES,3 ROOM,217,TAMPINES ST 23,04 TO 06,67.0,New Generation,1986,333333.0,,70,1,70 years 1 months,Duplicate Composite Key Record (Lower Resale Price),,,,
2014-04,BUKIT MERAH,3 ROOM,28,JLN BT MERAH,01 TO 03,60.0,Standard,1967,333000.0,,51,8,51 years 8 months,Duplicate Composite Key Record (Lower Resale Price),,,,
2012-10,BEDOK,3 ROOM,510,BEDOK NTH ST 3,04 TO 06,67.0,New Generation,1979,333000.0,,65,2,65 years 2 months,Duplicate Composite Key Record (Lower Resale Price),,,,
2014-04,YISHUN,4 ROOM,389,YISHUN AVE 6,10 TO 12,84.0,Simplified,1988,333000.0,,72,8,72 years 8 months,Duplicate Composite Key Record (Lower Resale Price),,,,
2012-03,TOA PAYOH,3 ROOM,199,TOA PAYOH NTH,06 TO 10,65.0,Improved,1982,333000.0,,68,9,68 years 9 months,Duplicate Composite Key Record (Lower Resale Price),,,,
2012-04,BUKIT BATOK,3 ROOM,167,BT BATOK WEST AVE 8,01 TO 05,74.0,Model A,1984,333000.0,,70,8,70 years 8 months,Duplicate Composite Key Record (Lower Resale Price),,,,
2015-05,BUKIT PANJANG,4 ROOM,436,FAJAR RD,10 TO 12,104.0,Model A,1989,333000.0,73.0,72,7,72 years 7 months,Duplicate Composite Key Record (Lower Resale Price),,,,
2014-05,YISHUN,3 ROOM,216,YISHUN ST 21,01 TO 03,68.0,New Generation,1985,332800.0,,69,7,69 years 7 months,Duplicate Composite Key Record (Lower Resale Price),,,,
2014-01,JURONG EAST,3 ROOM,241,JURONG EAST ST 24,07 TO 09,68.0,New Generation,1983,332000.0,,67,11,67 years 11 months,Duplicate Composite Key Record (Lower Resale Price),,,,
2015-08,WOODLANDS,4 ROOM,607,WOODLANDS RING RD,01 TO 03,101.0,Model A,1998,332000.0,81.0,81,4,81 years 4 months,Duplicate Composite Key Record (Lower Resale Price),,,,
2014-06,YISHUN,3 ROOM,208,YISHUN ST 21,10 TO 12,67.0,New Generation,1985,332000.0,,69,6,69 years 6 months,Duplicate Composite Key Record (Lower Resale Price),,,,
2012-05,CLEMENTI,3 ROOM,706,CLEMENTI WEST ST 2,06 TO 10,68.0,New Generation,1980,332000.0,,66,7,66 years 7 months,Duplicate Composite Key Record (Lower Resale Price),,,,
2012-03,JURONG EAST,3 ROOM,101,JURONG EAST ST 13,11 TO 15,68.0,New Generation,1983,332000.0,,69,9,69 years 9 months,Duplicate Composite Key Record (Lower Resale Price),,,,
2012-03,QUEENSTOWN,3 ROOM,62,C'WEALTH DR,06 TO 10,56.0,Standard,1983,331000.0,,69,9,69 years 9 months,Duplicate Composite Key Record (Lower Resale Price),,,,
2012-10,KALLANG/WHAMPOA,3 ROOM,82,WHAMPOA DR,04 TO 06,66.0,Improved,1974,331000.0,,60,2,60 years 2 months,Duplicate Composite Key Record (Lower Resale Price),,,,
2012-04,YISHUN,4 ROOM,439,YISHUN AVE 11,06 TO 10,84.0,Simplified,1988,331000.0,,74,8,74 years 8 months,Duplicate Composite Key Record (Lower Resale Price),,,,
2012-04,JURONG EAST,3 ROOM,303,JURONG EAST ST 32,01 TO 05,67.0,New Generation,1983,330000.0,,69,8,69 years 8 months,Duplicate Composite Key Record (Lower Resale Price),,,,
2012-03,HOUGANG,3 ROOM,322,HOUGANG AVE 5,01 TO 05,67.0,New Generation,1983,330000.0,,69,9,69 years 9 months,Duplicate Composite Key Record (Lower Resale Price),,,,
2014-05,BEDOK,3 ROOM,534,BEDOK NTH ST 3,07 TO 09,69.0,Improved,1986,330000.0,,70,7,70 years 7 months,Duplicate Composite Key Record (Lower Resale Price),,,,
2014-12,BISHAN,3 ROOM,407,SIN MING AVE,10 TO 12,64.0,Simplified,1986,330000.0,,70,0,70 years 0 months,Duplicate Composite Key Record (Lower Resale Price),,,,
2014-11,YISHUN,4 ROOM,655,YISHUN AVE 4,07 TO 09,84.0,Simplified,1987,330000.0,,71,1,71 years 1 months,Duplicate Composite Key Record (Lower Resale Price),,,,
2016-12,BUKIT PANJANG,4 ROOM,447,BT PANJANG RING RD,07 TO 09,101.0,Model A,1997,330000.0,79.0,79,0,79 years 0 months,Duplicate Composite Key Record (Lower Resale Price),,,,
2014-05,JURONG WEST,3 ROOM,489,JURONG WEST AVE 1,04 TO 06,73.0,Model A,1984,330000.0,,68,7,68 years 7 months,Duplicate Composite Key Record (Lower Resale Price),,,,
2014-05,JURONG WEST,3 ROOM,456,JURONG WEST ST 41,04 TO 06,67.0,New Generation,1985,330000.0,,69,7,69 years 7 months,Duplicate Composite Key Record (Lower Resale Price),,,,
2016-11,WOODLANDS,4 ROOM,110,WOODLANDS ST 13,07 TO 09,91.0,New Generation,1987,330000.0,69.0,69,1,69 years 1 months,Duplicate Composite Key Record (Lower Resale Price),,,,
2013-11,BEDOK,3 ROOM,554,BEDOK NTH ST 3,04 TO 06,68.0,New Generation,1980,330000.0,,65,1,65 years 1 months,Duplicate Composite Key Record (Lower Resale Price),,,,
2014-05,TOA PAYOH,3 ROOM,23,TOA PAYOH EAST,07 TO 09,67.0,Improved,1970,330000.0,,54,7,54 years 7 months,Duplicate Composite Key Record (Lower Resale Price),,,,
2015-04,SEMBAWANG,4 ROOM,489,ADMIRALTY LINK,01 TO 03,94.0,Model A,2010,330000.0,94.0,93,8,93 years 8 months,Duplicate Composite Key Record (Lower Resale Price),,,,
2016-10,ANG MO KIO,3 ROOM,630,ANG MO KIO AVE 4,01 TO 03,82.0,New Generation,1981,330000.0,64.0,63,2,63 years 2 months,Duplicate Composite Key Record (Lower Resale Price),,,,
2012-08,ANG MO KIO,3 ROOM,558,ANG MO KIO AVE 10,07 TO 09,67.0,New Generation,1980,330000.0,,66,4,66 years 4 months,Duplicate Composite Key Record (Lower Resale Price),,,,
2016-08,BUKIT MERAH,3 ROOM,130,BT MERAH VIEW,04 TO 06,65.0,Improved,1973,330000.0,56.0,55,4,55 years 4 months,Duplicate Composite Key Record (Lower Resale Price),,,,
2016-08,ANG MO KIO,3 ROOM,301,ANG MO KIO AVE 3,01 TO 03,73.0,New Generation,1978,330000.0,60.0,60,4,60 years 4 months,Duplicate Composite Key Record (Lower Resale Price),,,,
2012-05,YISHUN,4 ROOM,425,YISHUN AVE 11,01 TO 05,84.0,Simplified,1988,330000.0,,74,7,74 years 7 months,Duplicate Composite Key Record (Lower Resale Price),,,,
2014-04,BEDOK,3 ROOM,55,CHAI CHEE DR,07 TO 09,75.0,Model A,1984,330000.0,,68,8,68 years 8 months,Duplicate Composite Key Record (Lower Resale Price),,,,
2016-04,KALLANG/WHAMPOA,3 ROOM,57,GEYLANG BAHRU,16 TO 18,65.0,Improved,1974,330000.0,57.0,56,8,56 years 8 months,Duplicate Composite Key Record (Lower Resale Price),,,,
2013-03,YISHUN,3 ROOM,137,YISHUN RING RD,07 TO 09,68.0,New Generation,1985,330000.0,,70,9,70 years 9 months,Duplicate Composite Key Record (Lower Resale Price),,,,
2016-03,YISHUN,4 ROOM,765,YISHUN ST 72,10 TO 12,84.0,Simplified,1985,330000.0,68.0,67,9,67 years 9 months,Duplicate Composite Key Record (Lower Resale Price),,,,
2015-09,TAMPINES,3 ROOM,113,TAMPINES ST 11,07 TO 09,79.0,Model A,1982,330000.0,65.0,65,3,65 years 3 months,Duplicate Composite Key Record (Lower Resale Price),,,,
2013-04,CLEMENTI,3 ROOM,701,WEST COAST RD,01 TO 03,67.0,New Generation,1980,330000.0,,65,8,65 years 8 months,Duplicate Composite Key Record (Lower Resale Price),,,,
2016-03,CHOA CHU KANG,4 ROOM,446,CHOA CHU KANG AVE 4,04 TO 06,100.0,Model A,1997,330000.0,80.0,79,9,79 years 9 months,Duplicate Composite Key Record (Lower Resale Price),,,,
2015-11,BUKIT BATOK,4 ROOM,315,BT BATOK ST 32,07 TO 09,84.0,Simplified,1986,330000.0,69.0,69,1,69 years 1 months,Duplicate Composite Key Record (Lower Resale Price),,,,
2015-02,BEDOK,3 ROOM,419,BEDOK NTH ST 1,04 TO 06,68.0,New Generation,1979,328000.0,62.0,62,10,62 years 10 months,Duplicate Composite Key Record (Lower Resale Price),,,,
2014-05,QUEENSTOWN,3 ROOM,55,C'WEALTH DR,10 TO 12,56.0,Standard,1970,328000.0,,54,7,54 years 7 months,Duplicate Composite Key Record (Lower Resale Price),,,,
2012-06,ANG MO KIO,3 ROOM,211,ANG MO KIO AVE 3,04 TO 06,67.0,New Generation,1977,328000.0,,63,6,63 years 6 months,Duplicate Composite Key Record (Lower Resale Price),,,,
2014-04,JURONG WEST,3 ROOM,915,JURONG WEST ST 91,10 TO 12,73.0,Model A,1988,328000.0,,72,8,72 years 8 months,Duplicate Composite Key Record (Lower Resale Price),,,,
2013-08,ANG MO KIO,3 ROOM,607,ANG MO KIO AVE 4,07 TO 09,68.0,New Generation,1980,328000.0,,65,4,65 years 4 months,Duplicate Composite Key Record (Lower Resale Price),,,,
2014-03,BUKIT PANJANG,3 ROOM,223,PENDING RD,07 TO 09,73.0,Model A,1988,328000.0,,72,9,72 years 9 months,Duplicate Composite Key Record (Lower Resale Price),,,,
2016-11,WOODLANDS,4 ROOM,554,WOODLANDS DR 53,10 TO 12,90.0,Model A2,1999,328000.0,82.0,81,1,81 years 1 months,Duplicate Composite Key Record (Lower Resale Price),,,,
2012-02,BEDOK,3 ROOM,520,BEDOK NTH AVE 1,01 TO 03,67.0,New Generation,1979,327000.0,,65,10,65 years 10 months,Duplicate Composite Key Record (Lower Resale Price),,,,
2012-08,BEDOK,3 ROOM,40,CHAI CHEE AVE,01 TO 03,65.0,Improved,1974,327000.0,,60,4,60 years 4 months,Duplicate Composite Key Record (Lower Resale Price),,,,
2014-08,YISHUN,4 ROOM,246,YISHUN AVE 9,07 TO 09,84.0,Simplified,1985,327000.0,,69,4,69 years 4 months,Duplicate Composite Key Record (Lower Resale Price),,,,
2012-06,CHOA CHU KANG,3 ROOM,1,TECK WHYE AVE,10 TO 12,74.0,Model A,1984,326000.0,,70,6,70 years 6 months,Duplicate Composite Key Record (Lower Resale Price),,,,
2014-04,HOUGANG,3 ROOM,682,HOUGANG AVE 4,01 TO 03,64.0,Simplified,1989,326000.0,,73,8,73 years 8 months,Duplicate Composite Key Record (Lower Resale Price),,,,
2012-06,JURONG WEST,3 ROOM,480,JURONG WEST ST 41,07 TO 09,67.0,New Generation,1985,326000.0,,71,6,71 years 6 months,Duplicate Composite Key Record (Lower Resale Price),,,,
2013-04,HOUGANG,3 ROOM,642,HOUGANG AVE 8,07 TO 09,60.0,Improved,1987,326000.0,,72,8,72 years 8 months,Duplicate Composite Key Record (Lower Resale Price),,,,
2012-12,WOODLANDS,3 ROOM,218,MARSILING CRES,04 TO 06,81.0,New Generation,1986,326000.0,,72,0,72 years 0 months,Duplicate Composite Key Record (Lower Resale Price),,,,
2012-12,CLEMENTI,3 ROOM,515,WEST COAST RD,01 TO 03,68.0,New Generation,1980,325000.0,,66,0,66 years 0 months,Duplicate Composite Key Record (Lower Resale Price),,,,
2013-04,BEDOK,3 ROOM,533,BEDOK NTH ST 3,01 TO 03,68.0,New Generation,1980,325000.0,,65,8,65 years 8 months,Duplicate Composite Key Record (Lower Resale Price),,,,
2012-05,TOA PAYOH,3 ROOM,25,TOA PAYOH EAST,01 TO 05,67.0,Improved,1971,325000.0,,57,7,57 years 7 months,Duplicate Composite Key Record (Lower Resale Price),,,,
2013-10,HOUGANG,3 ROOM,645,HOUGANG AVE 8,07 TO 09,60.0,Improved,1987,325000.0,,72,2,72 years 2 months,Duplicate Composite Key Record (Lower Resale Price),,,,
2012-07,TAMPINES,3 ROOM,408,TAMPINES ST 41,10 TO 12,60.0,Improved,1985,325000.0,,71,5,71 years 5 months,Duplicate Composite Key Record (Lower Resale Price),,,,
2014-06,BEDOK,3 ROOM,526,BEDOK NTH ST 3,07 TO 09,67.0,New Generation,1979,325000.0,,63,6,63 years 6 months,Duplicate Composite Key Record (Lower Resale Price),,,,
2012-10,YISHUN,3 ROOM,704,YISHUN AVE 5,01 TO 03,68.0,New Generation,1984,325000.0,,70,2,70 years 2 months,Duplicate Composite Key Record (Lower Resale Price),,,,
2012-11,BEDOK,3 ROOM,550,BEDOK NTH AVE 1,01 TO 03,68.0,New Generation,1980,325000.0,,66,1,66 years 1 months,Duplicate Composite Key Record (Lower Resale Price),,,,
2013-10,WOODLANDS,3 ROOM,148,WOODLANDS ST 13,04 TO 06,68.0,New Generation,1985,325000.0,,70,2,70 years 2 months,Duplicate Composite Key Record (Lower Resale Price),,,,
2016-01,TAMPINES,3 ROOM,467,TAMPINES ST 44,10 TO 12,74.0,Model A,1987,325000.0,70.0,69,11,69 years 11 months,Duplicate Composite Key Record (Lower Resale Price),,,,
2013-06,KALLANG/WHAMPOA,3 ROOM,65,KALLANG BAHRU,04 TO 06,65.0,Improved,1981,325000.0,,66,6,66 years 6 months,Duplicate Composite Key Record (Lower Resale Price),,,,
2014-04,YISHUN,3 ROOM,117,YISHUN RING RD,04 TO 06,77.0,Model A,1983,325000.0,,67,8,67 years 8 months,Duplicate Composite Key Record (Lower Resale Price),,,,
2012-03,KALLANG/WHAMPOA,3 ROOM,44,BENDEMEER RD,06 TO 10,63.0,Standard,1981,325000.0,,67,9,67 years 9 months,Duplicate Composite Key Record (Lower Resale Price),,,,
2012-03,KALLANG/WHAMPOA,3 ROOM,57,GEYLANG BAHRU,06 TO 10,65.0,Improved,1974,325000.0,,60,9,60 years 9 months,Duplicate Composite Key Record (Lower Resale Price),,,,
2014-05,HOUGANG,3 ROOM,511,HOUGANG AVE 10,04 TO 06,64.0,Simplified,1986,325000.0,,70,7,70 years 7 months,Duplicate Composite Key Record (Lower Resale Price),,,,
2012-10,BEDOK,3 ROOM,709,BEDOK RESERVOIR RD,01 TO 03,68.0,New Generation,1981,325000.0,,67,2,67 years 2 months,Duplicate Composite Key Record (Lower Resale Price),,,,
2013-11,KALLANG/WHAMPOA,3 ROOM,57,GEYLANG BAHRU,01 TO 03,65.0,Improved,1974,325000.0,,59,1,59 years 1 months,Duplicate Composite Key Record (Lower Resale Price),,,,
2012-03,BEDOK,3 ROOM,4,BEDOK STH AVE 1,01 TO 05,65.0,Improved,1976,325000.0,,62,9,62 years 9 months,Duplicate Composite Key Record (Lower Resale Price),,,,
2016-04,TAMPINES,3 ROOM,437,TAMPINES ST 43,10 TO 12,74.0,Model A,1986,325000.0,69.0,68,8,68 years 8 months,Duplicate Composite Key Record (Lower Resale Price),,,,
2014-03,BEDOK,3 ROOM,533,BEDOK NTH ST 3,04 TO 06,68.0,New Generation,1980,324000.0,,64,9,64 years 9 months,Duplicate Composite Key Record (Lower Resale Price),,,,
2014-04,BUKIT BATOK,3 ROOM,346,BT BATOK ST 34,07 TO 09,73.0,Model A,1986,323000.0,,70,8,70 years 8 months,Duplicate Composite Key Record (Lower Resale Price),,,,
2012-03,JURONG EAST,3 ROOM,302,JURONG EAST ST 32,01 TO 05,68.0,New Generation,1983,323000.0,,69,9,69 years 9 months,Duplicate Composite Key Record (Lower Resale Price),,,,
2012-03,JURONG EAST,3 ROOM,257,JURONG EAST ST 24,06 TO 10,67.0,New Generation,1983,323000.0,,69,9,69 years 9 months,Duplicate Composite Key Record (Lower Resale Price),,,,
2016-06,WOODLANDS,4 ROOM,105,WOODLANDS ST 13,04 TO 06,91.0,New Generation,1985,322500.0,67.0,67,6,67 years 6 months,Duplicate Composite Key Record (Lower Resale Price),,,,
2015-12,KALLANG/WHAMPOA,3 ROOM,2,JLN BATU,04 TO 06,60.0,Standard,1969,322000.0,52.0,52,0,52 years 0 months,Duplicate Composite Key Record (Lower Resale Price),,,,
2013-08,YISHUN,3 ROOM,103,YISHUN RING RD,04 TO 06,67.0,New Generation,1985,322000.0,,70,4,70 years 4 months,Duplicate Composite Key Record (Lower Resale Price),,,,
2013-08,TOA PAYOH,3 ROOM,59,LOR 5 TOA PAYOH,07 TO 09,61.0,Standard,1973,322000.0,,58,4,58 years 4 months,Duplicate Composite Key Record (Lower Resale Price),,,,
2016-10,YISHUN,3 ROOM,204,YISHUN ST 21,04 TO 06,67.0,New Generation,1985,322000.0,67.0,67,2,67 years 2 months,Duplicate Composite Key Record (Lower Resale Price),,,,
2012-10,JURONG EAST,3 ROOM,110,JURONG EAST ST 13,07 TO 09,68.0,New Generation,1982,322000.0,,68,2,68 years 2 months,Duplicate Composite Key Record (Lower Resale Price),,,,
2012-02,BUKIT BATOK,3 ROOM,146,BT BATOK WEST AVE 6,07 TO 09,68.0,New Generation,1984,321800.0,,70,10,70 years 10 months,Duplicate Composite Key Record (Lower Resale Price),,,,
2013-08,YISHUN,3 ROOM,701,YISHUN AVE 5,01 TO 03,68.0,New Generation,1984,321000.0,,69,4,69 years 4 months,Duplicate Composite Key Record (Lower Resale Price),,,,
2012-04,YISHUN,3 ROOM,736,YISHUN ST 72,01 TO 05,67.0,New Generation,1984,321000.0,,70,8,70 years 8 months,Duplicate Composite Key Record (Lower Resale Price),,,,
2012-08,JURONG WEST,3 ROOM,210,BOON LAY PL,16 TO 18,65.0,Improved,1977,321000.0,,63,4,63 years 4 months,Duplicate Composite Key Record (Lower Resale Price),,,,
2013-10,JURONG WEST,3 ROOM,926,JURONG WEST ST 92,01 TO 03,73.0,Model A,1989,321000.0,,74,2,74 years 2 months,Duplicate Composite Key Record (Lower Resale Price),,,,
2012-09,BUKIT MERAH,3 ROOM,42,TELOK BLANGAH RISE,04 TO 06,59.0,Improved,1976,321000.0,,62,3,62 years 3 months,Duplicate Composite Key Record (Lower Resale Price),,,,
2012-07,BEDOK,3 ROOM,102,BEDOK NTH AVE 4,04 TO 06,67.0,New Generation,1977,321000.0,,63,5,63 years 5 months,Duplicate Composite Key Record (Lower Resale Price),,,,
2014-03,BEDOK,3 ROOM,529,BEDOK NTH ST 3,01 TO 03,68.0,New Generation,1979,320000.0,,63,9,63 years 9 months,Duplicate Composite Key Record (Lower Resale Price),,,,
2014-11,YISHUN,4 ROOM,655,YISHUN AVE 4,07 TO 09,84.0,Simplified,1987,320000.0,,71,1,71 years 1 months,Duplicate Composite Key Record (Lower Resale Price),,,,
2016-08,KALLANG/WHAMPOA,3 ROOM,57,GEYLANG BAHRU,16 TO 18,65.0,Improved,1974,320000.0,56.0,56,4,56 years 4 months,Duplicate Composite Key Record (Lower Resale Price),,,,
2014-04,BEDOK,3 ROOM,2,BEDOK STH AVE 1,04 TO 06,65.0,Improved,1976,320000.0,,60,8,60 years 8 months,Duplicate Composite Key Record (Lower Resale Price),,,,
2015-05,TAMPINES,3 ROOM,201D,TAMPINES ST 21,01 TO 03,82.0,New Generation,1987,320000.0,71.0,70,7,70 years 7 months,Duplicate Composite Key Record (Lower Resale Price),,,,
2015-06,BUKIT MERAH,3 ROOM,1,TELOK BLANGAH CRES,04 TO 06,66.0,Improved,1983,320000.0,66.0,66,6,66 years 6 months,Duplicate Composite Key Record (Lower Resale Price),,,,
2015-06,GEYLANG,3 ROOM,99,OLD AIRPORT RD,07 TO 09,56.0,Standard,1969,320000.0,52.0,52,6,52 years 6 months,Duplicate Composite Key Record (Lower Resale Price),,,,
2012-12,WOODLANDS,3 ROOM,218,MARSILING CRES,04 TO 06,81.0,New Generation,1986,320000.0,,72,0,72 years 0 months,Duplicate Composite Key Record (Lower Resale Price),,,,
2012-03,HOUGANG,3 ROOM,632,HOUGANG AVE 8,06 TO 10,64.0,Simplified,1986,320000.0,,72,9,72 years 9 months,Duplicate Composite Key Record (Lower Resale Price),,,,
2014-07,ANG MO KIO,3 ROOM,463,ANG MO KIO AVE 10,07 TO 09,68.0,New Generation,1980,320000.0,,64,5,64 years 5 months,Duplicate Composite Key Record (Lower Resale Price),,,,
2014-10,QUEENSTOWN,3 ROOM,165,STIRLING RD,07 TO 09,60.0,Improved,1970,320000.0,,54,2,54 years 2 months,Duplicate Composite Key Record (Lower Resale Price),,,,
2012-08,ANG MO KIO,3 ROOM,230,ANG MO KIO AVE 3,01 TO 03,67.0,New Generation,1978,320000.0,,64,4,64 years 4 months,Duplicate Composite Key Record (Lower Resale Price),,,,
2013-08,JURONG WEST,3 ROOM,210,BOON LAY PL,19 TO 21,65.0,Improved,1977,320000.0,,62,4,62 years 4 months,Duplicate Composite Key Record (Lower Resale Price),,,,
2015-08,QUEENSTOWN,3 ROOM,89,C'WEALTH DR,07 TO 09,60.0,Standard,1967,320000.0,50.0,50,4,50 years 4 months,Duplicate Composite Key Record (Lower Resale Price),,,,
2016-06,HOUGANG,4 ROOM,637,HOUGANG AVE 8,07 TO 09,84.0,Simplified,1987,320000.0,70.0,69,6,69 years 6 months,Duplicate Composite Key Record (Lower Resale Price),,,,
2014-10,BEDOK,3 ROOM,1,BEDOK STH AVE 1,13 TO 15,59.0,Improved,1976,320000.0,,60,2,60 years 2 months,Duplicate Composite Key Record (Lower Resale Price),,,,
2013-07,YISHUN,3 ROOM,701,YISHUN AVE 5,01 TO 03,68.0,New Generation,1984,320000.0,,69,5,69 years 5 months,Duplicate Composite Key Record (Lower Resale Price),,,,
2013-02,YISHUN,3 ROOM,722,YISHUN ST 71,01 TO 03,64.0,Simplified,1987,320000.0,,72,10,72 years 10 months,Duplicate Composite Key Record (Lower Resale Price),,,,
2013-03,BEDOK,3 ROOM,84,BEDOK NTH ST 4,04 TO 06,67.0,New Generation,1978,320000.0,,63,9,63 years 9 months,Duplicate Composite Key Record (Lower Resale Price),,,,
2014-09,KALLANG/WHAMPOA,3 ROOM,57,GEYLANG BAHRU,13 TO 15,65.0,Improved,1974,320000.0,,58,3,58 years 3 months,Duplicate Composite Key Record (Lower Resale Price),,,,
2012-03,TOA PAYOH,3 ROOM,4,LOR 7 TOA PAYOH,01 TO 05,68.0,Improved,1969,320000.0,,55,9,55 years 9 months,Duplicate Composite Key Record (Lower Resale Price),,,,
2013-05,TOA PAYOH,3 ROOM,57,LOR 5 TOA PAYOH,01 TO 03,61.0,Standard,1973,320000.0,,58,7,58 years 7 months,Duplicate Composite Key Record (Lower Resale Price),,,,
2014-03,YISHUN,3 ROOM,739,YISHUN AVE 5,01 TO 03,67.0,New Generation,1985,320000.0,,69,9,69 years 9 months,Duplicate Composite Key Record (Lower Resale Price),,,,
2015-12,KALLANG/WHAMPOA,3 ROOM,68,GEYLANG BAHRU,07 TO 09,65.0,Improved,1974,320000.0,57.0,57,0,57 years 0 months,Duplicate Composite Key Record (Lower Resale Price),,,,
2012-08,YISHUN,3 ROOM,354,YISHUN RING RD,10 TO 12,74.0,Model A,1989,320000.0,,75,4,75 years 4 months,Duplicate Composite Key Record (Lower Resale Price),,,,
2014-08,YISHUN,4 ROOM,389,YISHUN AVE 6,10 TO 12,84.0,Simplified,1988,320000.0,,72,4,72 years 4 months,Duplicate Composite Key Record (Lower Resale Price),,,,
2012-04,CLEMENTI,3 ROOM,701,WEST COAST RD,06 TO 10,67.0,New Generation,1980,320000.0,,66,8,66 years 8 months,Duplicate Composite Key Record (Lower Resale Price),,,,
2014-05,GEYLANG,3 ROOM,3,HAIG RD,01 TO 03,65.0,Improved,1976,320000.0,,60,7,60 years 7 months,Duplicate Composite Key Record (Lower Resale Price),,,,
2012-07,CLEMENTI,3 ROOM,702,WEST COAST RD,01 TO 03,67.0,New Generation,1980,320000.0,,66,5,66 years 5 months,Duplicate Composite Key Record (Lower Resale Price),,,,
2014-05,BEDOK,3 ROOM,534,BEDOK NTH ST 3,10 TO 12,69.0,Improved,1986,319000.0,,70,7,70 years 7 months,Duplicate Composite Key Record (Lower Resale Price),,,,
2014-09,JURONG EAST,3 ROOM,211,JURONG EAST ST 21,01 TO 03,67.0,New Generation,1983,319000.0,,67,3,67 years 3 months,Duplicate Composite Key Record (Lower Resale Price),,,,
2012-01,HOUGANG,3 ROOM,682,HOUGANG AVE 4,04 TO 06,64.0,Simplified,1989,319000.0,,75,11,75 years 11 months,Duplicate Composite Key Record (Lower Resale Price),,,,
2013-04,WOODLANDS,3 ROOM,17,MARSILING LANE,04 TO 06,65.0,Improved,1984,318000.0,,69,8,69 years 8 months,Duplicate Composite Key Record (Lower Resale Price),,,,
2014-05,BUKIT MERAH,3 ROOM,8,JLN BT HO SWEE,04 TO 06,56.0,Standard,1971,318000.0,,55,7,55 years 7 months,Duplicate Composite Key Record (Lower Resale Price),,,,
2014-03,YISHUN,3 ROOM,739,YISHUN AVE 5,04 TO 06,67.0,New Generation,1985,318000.0,,69,9,69 years 9 months,Duplicate Composite Key Record (Lower Resale Price),,,,
2014-09,JURONG EAST,3 ROOM,306,JURONG EAST ST 32,10 TO 12,68.0,New Generation,1983,318000.0,,67,3,67 years 3 months,Duplicate Composite Key Record (Lower Resale Price),,,,
2014-05,TOA PAYOH,3 ROOM,9,LOR 7 TOA PAYOH,04 TO 06,66.0,Improved,1970,318000.0,,54,7,54 years 7 months,Duplicate Composite Key Record (Lower Resale Price),,,,
2012-04,YISHUN,3 ROOM,704,YISHUN AVE 5,01 TO 05,68.0,New Generation,1984,318000.0,,70,8,70 years 8 months,Duplicate Composite Key Record (Lower Resale Price),,,,
2015-10,TOA PAYOH,3 ROOM,158,LOR 1 TOA PAYOH,04 TO 06,65.0,Improved,1972,318000.0,55.0,55,2,55 years 2 months,Duplicate Composite Key Record (Lower Resale Price),,,,
2015-03,ANG MO KIO,3 ROOM,631,ANG MO KIO AVE 4,10 TO 12,67.0,New Generation,1985,318000.0,68.0,68,9,68 years 9 months,Duplicate Composite Key Record (Lower Resale Price),,,,
2016-06,BUKIT MERAH,3 ROOM,141,JLN BT MERAH,10 TO 12,67.0,New Generation,1979,318000.0,61.0,61,6,61 years 6 months,Duplicate Composite Key Record (Lower Resale Price),,,,
2014-03,KALLANG/WHAMPOA,3 ROOM,98,WHAMPOA DR,01 TO 03,65.0,Improved,1974,318000.0,,58,9,58 years 9 months,Duplicate Composite Key Record (Lower Resale Price),,,,
2012-03,JURONG EAST,3 ROOM,302,JURONG EAST ST 32,01 TO 05,67.0,New Generation,1983,318000.0,,69,9,69 years 9 months,Duplicate Composite Key Record (Lower Resale Price),,,,
2016-07,CLEMENTI,3 ROOM,307,CLEMENTI AVE 4,04 TO 06,67.0,New Generation,1979,318000.0,62.0,61,5,61 years 5 months,Duplicate Composite Key Record (Lower Resale Price),,,,
2013-08,YISHUN,3 ROOM,774,YISHUN AVE 3,04 TO 06,64.0,Simplified,1987,318000.0,,72,4,72 years 4 months,Duplicate Composite Key Record (Lower Resale Price),,,,
2012-04,BEDOK,3 ROOM,103,BEDOK RESERVOIR RD,01 TO 05,67.0,New Generation,1985,318000.0,,71,8,71 years 8 months,Duplicate Composite Key Record (Lower Resale Price),,,,
2014-08,GEYLANG,3 ROOM,1,HAIG RD,07 TO 09,59.0,Improved,1982,317000.0,,66,4,66 years 4 months,Duplicate Composite Key Record (Lower Resale Price),,,,
2012-06,KALLANG/WHAMPOA,3 ROOM,3,ST. GEORGE'S RD,07 TO 09,59.0,Improved,1976,317000.0,,62,6,62 years 6 months,Duplicate Composite Key Record (Lower Resale Price),,,,
2012-10,BEDOK,3 ROOM,502,BEDOK NTH ST 3,07 TO 09,59.0,Improved,1978,317000.0,,64,2,64 years 2 months,Duplicate Composite Key Record (Lower Resale Price),,,,
2014-09,CLEMENTI,3 ROOM,715,CLEMENTI WEST ST 2,04 TO 06,68.0,New Generation,1981,316888.0,,65,3,65 years 3 months,Duplicate Composite Key Record (Lower Resale Price),,,,
2013-03,JURONG EAST,3 ROOM,411,PANDAN GDNS,07 TO 09,73.0,Improved,1979,316800.0,,64,9,64 years 9 months,Duplicate Composite Key Record (Lower Resale Price),,,,
2012-03,BEDOK,3 ROOM,126,BEDOK NTH ST 2,01 TO 05,67.0,New Generation,1978,316000.0,,64,9,64 years 9 months,Duplicate Composite Key Record (Lower Resale Price),,,,
2012-01,BEDOK,3 ROOM,138,BEDOK NTH ST 2,10 TO 12,67.0,New Generation,1978,316000.0,,64,11,64 years 11 months,Duplicate Composite Key Record (Lower Resale Price),,,,
2014-04,YISHUN,3 ROOM,219,YISHUN ST 21,07 TO 09,68.0,New Generation,1985,316000.0,,69,8,69 years 8 months,Duplicate Composite Key Record (Lower Resale Price),,,,
2012-02,BEDOK,3 ROOM,44,CHAI CHEE ST,01 TO 03,68.0,New Generation,1980,316000.0,,66,10,66 years 10 months,Duplicate Composite Key Record (Lower Resale Price),,,,
2014-05,BUKIT MERAH,2 ROOM,24,BEO CRES,07 TO 09,48.0,Standard,1971,315000.0,,55,7,55 years 7 months,Duplicate Composite Key Record (Lower Resale Price),,,,
2014-06,KALLANG/WHAMPOA,3 ROOM,1,KG KAYU RD,01 TO 03,62.0,Standard,1984,315000.0,,68,6,68 years 6 months,Duplicate Composite Key Record (Lower Resale Price),,,,
2016-09,ANG MO KIO,3 ROOM,635,ANG MO KIO AVE 6,10 TO 12,68.0,New Generation,1980,315000.0,63.0,62,3,62 years 3 months,Duplicate Composite Key Record (Lower Resale Price),,,,
2013-04,BUKIT BATOK,3 ROOM,523,BT BATOK ST 52,01 TO 03,60.0,Improved,1987,315000.0,,72,8,72 years 8 months,Duplicate Composite Key Record (Lower Resale Price),,,,
2013-07,JURONG EAST,3 ROOM,264,JURONG EAST ST 24,01 TO 03,68.0,New Generation,1983,315000.0,,68,5,68 years 5 months,Duplicate Composite Key Record (Lower Resale Price),,,,
2013-07,BEDOK,3 ROOM,501,BEDOK NTH ST 3,10 TO 12,59.0,Improved,1978,315000.0,,63,5,63 years 5 months,Duplicate Composite Key Record (Lower Resale Price),,,,
2016-01,TAMPINES,3 ROOM,438,TAMPINES ST 43,04 TO 06,74.0,Model A,1985,315000.0,68.0,67,11,67 years 11 months,Duplicate Composite Key Record (Lower Resale Price),,,,
2015-06,TOA PAYOH,3 ROOM,18,LOR 7 TOA PAYOH,07 TO 09,67.0,Improved,1970,315000.0,54.0,53,6,53 years 6 months,Duplicate Composite Key Record (Lower Resale Price),,,,
2012-03,JURONG EAST,3 ROOM,264,JURONG EAST ST 24,01 TO 05,68.0,New Generation,1983,315000.0,,69,9,69 years 9 months,Duplicate Composite Key Record (Lower Resale Price),,,,
2013-02,TOA PAYOH,3 ROOM,195,KIM KEAT AVE,10 TO 12,66.0,Improved,1973,315000.0,,58,10,58 years 10 months,Duplicate Composite Key Record (Lower Resale Price),,,,
2016-09,YISHUN,4 ROOM,720,YISHUN ST 71,04 TO 06,84.0,Simplified,1985,315000.0,67.0,67,3,67 years 3 months,Duplicate Composite Key Record (Lower Resale Price),,,,
2016-04,HOUGANG,3 ROOM,328,HOUGANG AVE 5,07 TO 09,67.0,New Generation,1983,315000.0,66.0,65,8,65 years 8 months,Duplicate Composite Key Record (Lower Resale Price),,,,
2016-04,TAMPINES,3 ROOM,830,TAMPINES ST 82,01 TO 03,70.0,Simplified,1986,315000.0,68.0,68,8,68 years 8 months,Duplicate Composite Key Record (Lower Resale Price),,,,
2012-04,JURONG EAST,3 ROOM,110,JURONG EAST ST 13,01 TO 05,68.0,New Generation,1982,315000.0,,68,8,68 years 8 months,Duplicate Composite Key Record (Lower Resale Price),,,,
2013-08,GEYLANG,3 ROOM,62,CIRCUIT RD,07 TO 09,56.0,Standard,1967,315000.0,,52,4,52 years 4 months,Duplicate Composite Key Record (Lower Resale Price),,,,
2014-03,ANG MO KIO,3 ROOM,235,ANG MO KIO AVE 3,04 TO 06,67.0,New Generation,1977,315000.0,,61,9,61 years 9 months,Duplicate Composite Key Record (Lower Resale Price),,,,
2016-02,BISHAN,3 ROOM,407,SIN MING AVE,07 TO 09,64.0,Simplified,1986,315000.0,69.0,68,10,68 years 10 months,Duplicate Composite Key Record (Lower Resale Price),,,,
2015-01,KALLANG/WHAMPOA,3 ROOM,57,GEYLANG BAHRU,16 TO 18,65.0,Improved,1974,315000.0,58.0,57,11,57 years 11 months,Duplicate Composite Key Record (Lower Resale Price),,,,
2015-08,ANG MO KIO,3 ROOM,443,ANG MO KIO AVE 10,04 TO 06,67.0,New Generation,1979,314000.0,63.0,62,4,62 years 4 months,Duplicate Composite Key Record (Lower Resale Price),,,,
2012-03,KALLANG/WHAMPOA,3 ROOM,44,BENDEMEER RD,01 TO 05,63.0,Standard,1981,313888.0,,67,9,67 years 9 months,Duplicate Composite Key Record (Lower Resale Price),,,,
2015-06,BEDOK,3 ROOM,39,BEDOK STH RD,10 TO 12,67.0,New Generation,1978,313000.0,62.0,61,6,61 years 6 months,Duplicate Composite Key Record (Lower Resale Price),,,,
2016-08,KALLANG/WHAMPOA,3 ROOM,68,GEYLANG BAHRU,07 TO 09,65.0,Improved,1974,313000.0,56.0,56,4,56 years 4 months,Duplicate Composite Key Record (Lower Resale Price),,,,
2016-04,ANG MO KIO,3 ROOM,435,ANG MO KIO AVE 10,10 TO 12,67.0,New Generation,1979,313000.0,61.0,61,8,61 years 8 months,Duplicate Composite Key Record (Lower Resale Price),,,,
2015-09,ANG MO KIO,3 ROOM,443,ANG MO KIO AVE 10,07 TO 09,67.0,New Generation,1979,313000.0,62.0,62,3,62 years 3 months,Duplicate Composite Key Record (Lower Resale Price),,,,
2012-05,JURONG WEST,3 ROOM,914,JURONG WEST ST 91,01 TO 05,73.0,Model A,1988,312000.0,,74,7,74 years 7 months,Duplicate Composite Key Record (Lower Resale Price),,,,
2012-04,BEDOK,3 ROOM,19,CHAI CHEE RD,06 TO 10,65.0,Improved,1972,312000.0,,58,8,58 years 8 months,Duplicate Composite Key Record (Lower Resale Price),,,,
2012-10,GEYLANG,3 ROOM,65,CIRCUIT RD,07 TO 09,59.0,Standard,1967,312000.0,,53,2,53 years 2 months,Duplicate Composite Key Record (Lower Resale Price),,,,
2014-07,YISHUN,3 ROOM,114,YISHUN RING RD,07 TO 09,74.0,Model A,1983,312000.0,,67,5,67 years 5 months,Duplicate Composite Key Record (Lower Resale Price),,,,
2012-05,SERANGOON,3 ROOM,124,SERANGOON NTH AVE 1,01 TO 05,67.0,New Generation,1985,312000.0,,71,7,71 years 7 months,Duplicate Composite Key Record (Lower Resale Price),,,,
2013-11,YISHUN,3 ROOM,123,YISHUN ST 11,07 TO 09,68.0,New Generation,1985,312000.0,,70,1,70 years 1 months,Duplicate Composite Key Record (Lower Resale Price),,,,
2012-06,SERANGOON,3 ROOM,303,SERANGOON AVE 2,04 TO 06,60.0,Improved,1984,311000.0,,70,6,70 years 6 months,Duplicate Composite Key Record (Lower Resale Price),,,,
2015-02,SENGKANG,4 ROOM,295A,COMPASSVALE CRES,04 TO 06,90.0,Model A,2002,310999.0,86.0,85,10,85 years 10 months,Duplicate Composite Key Record (Lower Resale Price),,,,
2012-06,YISHUN,3 ROOM,108,YISHUN RING RD,04 TO 06,67.0,New Generation,1985,310500.0,,71,6,71 years 6 months,Duplicate Composite Key Record (Lower Resale Price),,,,
2013-05,GEYLANG,3 ROOM,66,CIRCUIT RD,04 TO 06,56.0,Standard,1967,310000.0,,52,7,52 years 7 months,Duplicate Composite Key Record (Lower Resale Price),,,,
2012-02,QUEENSTOWN,3 ROOM,56,C'WEALTH DR,04 TO 06,56.0,Standard,1970,310000.0,,56,10,56 years 10 months,Duplicate Composite Key Record (Lower Resale Price),,,,
2012-03,JURONG EAST,3 ROOM,302,JURONG EAST ST 32,01 TO 05,68.0,New Generation,1983,310000.0,,69,9,69 years 9 months,Duplicate Composite Key Record (Lower Resale Price),,,,
2014-05,KALLANG/WHAMPOA,3 ROOM,82,WHAMPOA DR,01 TO 03,66.0,Improved,1974,310000.0,,58,7,58 years 7 months,Duplicate Composite Key Record (Lower Resale Price),,,,
2013-08,GEYLANG,3 ROOM,39,CIRCUIT RD,07 TO 09,57.0,Standard,1971,310000.0,,56,4,56 years 4 months,Duplicate Composite Key Record (Lower Resale Price),,,,
2012-06,GEYLANG,3 ROOM,302,UBI AVE 1,01 TO 03,64.0,Simplified,2000,310000.0,,86,6,86 years 6 months,Duplicate Composite Key Record (Lower Resale Price),,,,
2014-05,YISHUN,3 ROOM,157,YISHUN ST 11,04 TO 06,67.0,New Generation,1985,310000.0,,69,7,69 years 7 months,Duplicate Composite Key Record (Lower Resale Price),,,,
2012-03,YISHUN,3 ROOM,220,YISHUN ST 21,01 TO 05,67.0,New Generation,1985,310000.0,,71,9,71 years 9 months,Duplicate Composite Key Record (Lower Resale Price),,,,
2012-11,TOA PAYOH,3 ROOM,206,TOA PAYOH NTH,01 TO 03,59.0,Improved,1973,310000.0,,59,1,59 years 1 months,Duplicate Composite Key Record (Lower Resale Price),,,,
2016-07,TOA PAYOH,3 ROOM,157,LOR 1 TOA PAYOH,04 TO 06,67.0,Improved,1971,310000.0,54.0,53,5,53 years 5 months,Duplicate Composite Key Record (Lower Resale Price),,,,
2014-07,KALLANG/WHAMPOA,3 ROOM,43,BENDEMEER RD,07 TO 09,63.0,Standard,1981,310000.0,,65,5,65 years 5 months,Duplicate Composite Key Record (Lower Resale Price),,,,
2012-04,WOODLANDS,3 ROOM,145,WOODLANDS ST 13,06 TO 10,68.0,New Generation,1985,310000.0,,71,8,71 years 8 months,Duplicate Composite Key Record (Lower Resale Price),,,,
2014-05,CLEMENTI,3 ROOM,515,WEST COAST RD,04 TO 06,68.0,New Generation,1980,310000.0,,64,7,64 years 7 months,Duplicate Composite Key Record (Lower Resale Price),,,,
2014-05,HOUGANG,3 ROOM,629,HOUGANG AVE 8,07 TO 09,64.0,Simplified,1986,310000.0,,70,7,70 years 7 months,Duplicate Composite Key Record (Lower Resale Price),,,,
2016-10,TOA PAYOH,3 ROOM,183,TOA PAYOH CTRL,01 TO 03,67.0,Improved,1972,310000.0,54.0,54,2,54 years 2 months,Duplicate Composite Key Record (Lower Resale Price),,,,
2013-01,YISHUN,3 ROOM,345,YISHUN AVE 11,04 TO 06,74.0,Model A,1988,310000.0,,73,11,73 years 11 months,Duplicate Composite Key Record (Lower Resale Price),,,,
2012-08,WOODLANDS,3 ROOM,206,MARSILING DR,10 TO 12,68.0,New Generation,1981,309500.0,,67,4,67 years 4 months,Duplicate Composite Key Record (Lower Resale Price),,,,
2012-08,HOUGANG,3 ROOM,681,HOUGANG AVE 8,01 TO 03,64.0,Simplified,1989,309000.0,,75,4,75 years 4 months,Duplicate Composite Key Record (Lower Resale Price),,,,
2014-05,BEDOK,3 ROOM,503,BEDOK NTH ST 3,07 TO 09,59.0,Improved,1978,309000.0,,62,7,62 years 7 months,Duplicate Composite Key Record (Lower Resale Price),,,,
2012-05,BEDOK,3 ROOM,510,BEDOK NTH ST 3,01 TO 05,67.0,New Generation,1979,309000.0,,65,7,65 years 7 months,Duplicate Composite Key Record (Lower Resale Price),,,,
2016-08,TOA PAYOH,3 ROOM,125,LOR 1 TOA PAYOH,04 TO 06,67.0,Improved,1970,308000.0,52.0,52,4,52 years 4 months,Duplicate Composite Key Record (Lower Resale Price),,,,
2014-11,BEDOK,3 ROOM,529,BEDOK NTH ST 3,13 TO 15,68.0,New Generation,1979,308000.0,,63,1,63 years 1 months,Duplicate Composite Key Record (Lower Resale Price),,,,
2016-11,TOA PAYOH,3 ROOM,126,LOR 1 TOA PAYOH,13 TO 15,67.0,Improved,1970,308000.0,52.0,52,1,52 years 1 months,Duplicate Composite Key Record (Lower Resale Price),,,,
2012-08,BUKIT BATOK,3 ROOM,407,BT BATOK WEST AVE 4,10 TO 12,68.0,New Generation,1988,308000.0,,74,4,74 years 4 months,Duplicate Composite Key Record (Lower Resale Price),,,,
2012-03,JURONG WEST,3 ROOM,209,BOON LAY PL,11 TO 15,65.0,Improved,1976,308000.0,,62,9,62 years 9 months,Duplicate Composite Key Record (Lower Resale Price),,,,
2015-08,ANG MO KIO,3 ROOM,473,ANG MO KIO AVE 10,07 TO 09,67.0,New Generation,1984,308000.0,67.0,67,4,67 years 4 months,Duplicate Composite Key Record (Lower Resale Price),,,,
2016-07,BEDOK,3 ROOM,44,CHAI CHEE ST,10 TO 12,68.0,New Generation,1980,308000.0,62.0,62,5,62 years 5 months,Duplicate Composite Key Record (Lower Resale Price),,,,
2014-04,HOUGANG,3 ROOM,694,HOUGANG ST 61,01 TO 03,64.0,Simplified,1987,308000.0,,71,8,71 years 8 months,Duplicate Composite Key Record (Lower Resale Price),,,,
2012-02,CLEMENTI,3 ROOM,513,WEST COAST RD,01 TO 03,68.0,New Generation,1980,307000.0,,66,10,66 years 10 months,Duplicate Composite Key Record (Lower Resale Price),,,,
2014-07,BEDOK,3 ROOM,27,NEW UPP CHANGI RD,01 TO 03,65.0,Improved,1982,306880.0,,66,5,66 years 5 months,Duplicate Composite Key Record (Lower Resale Price),,,,
2012-07,BUKIT BATOK,3 ROOM,109,BT BATOK WEST AVE 6,07 TO 09,59.0,Improved,1985,306500.0,,71,5,71 years 5 months,Duplicate Composite Key Record (Lower Resale Price),,,,
2015-11,TAMPINES,3 ROOM,419,TAMPINES ST 41,04 TO 06,64.0,Simplified,1985,306000.0,69.0,68,1,68 years 1 months,Duplicate Composite Key Record (Lower Resale Price),,,,
2014-12,BEDOK,3 ROOM,109,BEDOK NTH RD,04 TO 06,67.0,New Generation,1977,306000.0,,61,0,61 years 0 months,Duplicate Composite Key Record (Lower Resale Price),,,,
2015-02,KALLANG/WHAMPOA,3 ROOM,57,GEYLANG BAHRU,16 TO 18,65.0,Improved,1974,306000.0,58.0,57,10,57 years 10 months,Duplicate Composite Key Record (Lower Resale Price),,,,
2013-11,GEYLANG,3 ROOM,38,CIRCUIT RD,07 TO 09,60.0,Standard,1971,306000.0,,56,1,56 years 1 months,Duplicate Composite Key Record (Lower Resale Price),,,,
2013-06,BUKIT BATOK,3 ROOM,272,BT BATOK EAST AVE 4,04 TO 06,64.0,Simplified,1986,305000.0,,71,6,71 years 6 months,Duplicate Composite Key Record (Lower Resale Price),,,,
2015-10,HOUGANG,3 ROOM,309,HOUGANG AVE 5,10 TO 12,67.0,New Generation,1982,305000.0,66.0,65,2,65 years 2 months,Duplicate Composite Key Record (Lower Resale Price),,,,
2012-09,YISHUN,3 ROOM,284,YISHUN AVE 6,04 TO 06,74.0,Model A,1987,305000.0,,73,3,73 years 3 months,Duplicate Composite Key Record (Lower Resale Price),,,,
2012-10,BUKIT BATOK,3 ROOM,283,BT BATOK EAST AVE 3,07 TO 09,64.0,Simplified,1988,305000.0,,74,2,74 years 2 months,Duplicate Composite Key Record (Lower Resale Price),,,,
2015-06,CLEMENTI,3 ROOM,608,CLEMENTI WEST ST 1,01 TO 03,67.0,New Generation,1979,305000.0,63.0,62,6,62 years 6 months,Duplicate Composite Key Record (Lower Resale Price),,,,
2013-01,JURONG WEST,3 ROOM,119,HO CHING RD,04 TO 06,67.0,Improved,1972,305000.0,,57,11,57 years 11 months,Duplicate Composite Key Record (Lower Resale Price),,,,
2014-05,HOUGANG,3 ROOM,311,HOUGANG AVE 5,04 TO 06,68.0,New Generation,1983,305000.0,,67,7,67 years 7 months,Duplicate Composite Key Record (Lower Resale Price),,,,
2016-11,YISHUN,4 ROOM,265,YISHUN ST 22,07 TO 09,84.0,Simplified,1986,305000.0,69.0,68,1,68 years 1 months,Duplicate Composite Key Record (Lower Resale Price),,,,
2014-05,YISHUN,3 ROOM,130,YISHUN ST 11,04 TO 06,74.0,Model A,1985,305000.0,,69,7,69 years 7 months,Duplicate Composite Key Record (Lower Resale Price),,,,
2012-03,TAMPINES,3 ROOM,826,TAMPINES ST 81,01 TO 05,67.0,New Generation,1987,305000.0,,73,9,73 years 9 months,Duplicate Composite Key Record (Lower Resale Price),,,,
2012-08,YISHUN,3 ROOM,107,YISHUN RING RD,04 TO 06,67.0,New Generation,1982,305000.0,,68,4,68 years 4 months,Duplicate Composite Key Record (Lower Resale Price),,,,
2014-04,KALLANG/WHAMPOA,3 ROOM,86,WHAMPOA DR,10 TO 12,66.0,Improved,1974,305000.0,,58,8,58 years 8 months,Duplicate Composite Key Record (Lower Resale Price),,,,
2014-10,BEDOK,3 ROOM,60,CHAI CHEE RD,01 TO 03,75.0,Model A,1982,305000.0,,66,2,66 years 2 months,Duplicate Composite Key Record (Lower Resale Price),,,,
2012-03,KALLANG/WHAMPOA,3 ROOM,86,WHAMPOA DR,01 TO 05,66.0,Improved,1974,305000.0,,60,9,60 years 9 months,Duplicate Composite Key Record (Lower Resale Price),,,,
2016-03,BEDOK,3 ROOM,550,BEDOK NTH AVE 1,07 TO 09,68.0,New Generation,1980,305000.0,63.0,62,9,62 years 9 months,Duplicate Composite Key Record (Lower Resale Price),,,,
2015-06,YISHUN,3 ROOM,210,YISHUN ST 21,07 TO 09,67.0,New Generation,1985,305000.0,69.0,68,6,68 years 6 months,Duplicate Composite Key Record (Lower Resale Price),,,,
2014-05,TOA PAYOH,3 ROOM,232,LOR 8 TOA PAYOH,01 TO 03,65.0,Improved,1976,305000.0,,60,7,60 years 7 months,Duplicate Composite Key Record (Lower Resale Price),,,,
2015-10,YISHUN,4 ROOM,404,YISHUN AVE 6,10 TO 12,84.0,Simplified,1988,305000.0,71.0,71,2,71 years 2 months,Duplicate Composite Key Record (Lower Resale Price),,,,
2012-05,JURONG WEST,3 ROOM,481,JURONG WEST ST 41,01 TO 05,67.0,New Generation,1985,305000.0,,71,7,71 years 7 months,Duplicate Composite Key Record (Lower Resale Price),,,,
2016-11,SERANGOON,3 ROOM,221,SERANGOON AVE 4,04 TO 06,67.0,New Generation,1984,305000.0,67.0,66,1,66 years 1 months,Duplicate Composite Key Record (Lower Resale Price),,,,
2014-06,YISHUN,3 ROOM,125,YISHUN ST 11,10 TO 12,67.0,New Generation,1984,305000.0,,68,6,68 years 6 months,Duplicate Composite Key Record (Lower Resale Price),,,,
2014-11,QUEENSTOWN,3 ROOM,97,C'WEALTH CRES,10 TO 12,59.0,Standard,1970,305000.0,,54,1,54 years 1 months,Duplicate Composite Key Record (Lower Resale Price),,,,
2012-02,YISHUN,3 ROOM,108,YISHUN RING RD,01 TO 03,67.0,New Generation,1985,305000.0,,71,10,71 years 10 months,Duplicate Composite Key Record (Lower Resale Price),,,,
2012-10,JURONG WEST,3 ROOM,215,BOON LAY PL,07 TO 09,66.0,Improved,1974,305000.0,,60,2,60 years 2 months,Duplicate Composite Key Record (Lower Resale Price),,,,
2014-04,BEDOK,3 ROOM,57,NEW UPP CHANGI RD,13 TO 15,60.0,Improved,1985,305000.0,,69,8,69 years 8 months,Duplicate Composite Key Record (Lower Resale Price),,,,
2014-03,BUKIT BATOK,3 ROOM,422,BT BATOK WEST AVE 2,10 TO 12,68.0,New Generation,1988,305000.0,,72,9,72 years 9 months,Duplicate Composite Key Record (Lower Resale Price),,,,
2014-07,BEDOK,3 ROOM,74,BEDOK NTH RD,07 TO 09,59.0,Improved,1978,304000.0,,62,5,62 years 5 months,Duplicate Composite Key Record (Lower Resale Price),,,,
2015-05,JURONG WEST,3 ROOM,501,JURONG WEST ST 51,01 TO 03,74.0,Model A,1986,304000.0,69.0,69,7,69 years 7 months,Duplicate Composite Key Record (Lower Resale Price),,,,
2012-06,YISHUN,3 ROOM,216,YISHUN ST 21,04 TO 06,68.0,New Generation,1985,303800.0,,71,6,71 years 6 months,Duplicate Composite Key Record (Lower Resale Price),,,,
2012-02,TOA PAYOH,3 ROOM,34,LOR 5 TOA PAYOH,01 TO 03,67.0,Improved,1970,303000.0,,56,10,56 years 10 months,Duplicate Composite Key Record (Lower Resale Price),,,,
2013-10,WOODLANDS,3 ROOM,23,MARSILING DR,07 TO 09,67.0,New Generation,1977,303000.0,,62,2,62 years 2 months,Duplicate Composite Key Record (Lower Resale Price),,,,
2016-06,JURONG EAST,3 ROOM,210,JURONG EAST ST 21,07 TO 09,67.0,New Generation,1983,303000.0,66.0,65,6,65 years 6 months,Duplicate Composite Key Record (Lower Resale Price),,,,
2012-03,JURONG WEST,3 ROOM,209,BOON LAY PL,11 TO 15,65.0,Improved,1976,303000.0,,62,9,62 years 9 months,Duplicate Composite Key Record (Lower Resale Price),,,,
2012-05,KALLANG/WHAMPOA,3 ROOM,73,GEYLANG BAHRU,01 TO 05,59.0,Improved,1974,303000.0,,60,7,60 years 7 months,Duplicate Composite Key Record (Lower Resale Price),,,,
2013-05,GEYLANG,3 ROOM,87,CIRCUIT RD,04 TO 06,60.0,Improved,1970,303000.0,,55,7,55 years 7 months,Duplicate Composite Key Record (Lower Resale Price),,,,
2012-01,BUKIT MERAH,3 ROOM,37,JLN RUMAH TINGGI,04 TO 06,53.0,Standard,1969,303000.0,,55,11,55 years 11 months,Duplicate Composite Key Record (Lower Resale Price),,,,
2015-10,ANG MO KIO,3 ROOM,151,ANG MO KIO AVE 5,10 TO 12,68.0,New Generation,1981,302888.0,64.0,64,2,64 years 2 months,Duplicate Composite Key Record (Lower Resale Price),,,,
2013-09,GEYLANG,3 ROOM,69,CIRCUIT RD,07 TO 09,56.0,Standard,1969,302388.0,,54,3,54 years 3 months,Duplicate Composite Key Record (Lower Resale Price),,,,
2015-12,TOA PAYOH,3 ROOM,173,LOR 1 TOA PAYOH,07 TO 09,66.0,Improved,1972,302000.0,55.0,55,0,55 years 0 months,Duplicate Composite Key Record (Lower Resale Price),,,,
2013-08,GEYLANG,3 ROOM,69,CIRCUIT RD,07 TO 09,56.0,Standard,1969,302000.0,,54,4,54 years 4 months,Duplicate Composite Key Record (Lower Resale Price),,,,
2012-03,YISHUN,3 ROOM,108,YISHUN RING RD,06 TO 10,67.0,New Generation,1985,302000.0,,71,9,71 years 9 months,Duplicate Composite Key Record (Lower Resale Price),,,,
2015-06,TOA PAYOH,3 ROOM,203,TOA PAYOH NTH,04 TO 06,65.0,Improved,1982,302000.0,65.0,65,6,65 years 6 months,Duplicate Composite Key Record (Lower Resale Price),,,,
2014-09,BEDOK,3 ROOM,74,BEDOK NTH RD,10 TO 12,59.0,Improved,1978,301000.0,,62,3,62 years 3 months,Duplicate Composite Key Record (Lower Resale Price),,,,
2013-11,BEDOK,3 ROOM,77,BEDOK NTH RD,01 TO 03,60.0,Improved,1986,301000.0,,71,1,71 years 1 months,Duplicate Composite Key Record (Lower Resale Price),,,,
2016-06,HOUGANG,3 ROOM,124,HOUGANG AVE 1,10 TO 12,67.0,New Generation,1981,300500.0,64.0,63,6,63 years 6 months,Duplicate Composite Key Record (Lower Resale Price),,,,
2015-09,YISHUN,3 ROOM,630,YISHUN ST 61,07 TO 09,73.0,Model A,1988,300000.0,71.0,71,3,71 years 3 months,Duplicate Composite Key Record (Lower Resale Price),,,,
2012-07,CHOA CHU KANG,3 ROOM,26,TECK WHYE LANE,07 TO 09,74.0,New Generation,1979,300000.0,,65,5,65 years 5 months,Duplicate Composite Key Record (Lower Resale Price),,,,
2016-05,TOA PAYOH,3 ROOM,115,POTONG PASIR AVE 1,10 TO 12,67.0,New Generation,1984,300000.0,67.0,66,7,66 years 7 months,Duplicate Composite Key Record (Lower Resale Price),,,,
2013-08,BEDOK,3 ROOM,77,BEDOK NTH RD,01 TO 03,60.0,Improved,1986,300000.0,,71,4,71 years 4 months,Duplicate Composite Key Record (Lower Resale Price),,,,
2014-10,HOUGANG,3 ROOM,244,HOUGANG ST 22,04 TO 06,67.0,New Generation,1984,300000.0,,68,2,68 years 2 months,Duplicate Composite Key Record (Lower Resale Price),,,,
2015-08,WOODLANDS,4 ROOM,8,MARSILING DR,10 TO 12,88.0,Improved,1976,300000.0,59.0,59,4,59 years 4 months,Duplicate Composite Key Record (Lower Resale Price),,,,
2013-08,WOODLANDS,3 ROOM,206,MARSILING DR,04 TO 06,68.0,New Generation,1981,300000.0,,66,4,66 years 4 months,Duplicate Composite Key Record (Lower Resale Price),,,,
2016-04,CLEMENTI,3 ROOM,607,CLEMENTI WEST ST 1,10 TO 12,67.0,New Generation,1979,300000.0,62.0,61,8,61 years 8 months,Duplicate Composite Key Record (Lower Resale Price),,,,
2014-03,YISHUN,3 ROOM,704,YISHUN AVE 5,10 TO 12,68.0,New Generation,1984,300000.0,,68,9,68 years 9 months,Duplicate Composite Key Record (Lower Resale Price),,,,
2014-05,ANG MO KIO,3 ROOM,556,ANG MO KIO AVE 10,01 TO 03,68.0,New Generation,1980,300000.0,,64,7,64 years 7 months,Duplicate Composite Key Record (Lower Resale Price),,,,
2012-03,GEYLANG,3 ROOM,37,CIRCUIT RD,11 TO 15,58.0,Standard,1972,300000.0,,58,9,58 years 9 months,Duplicate Composite Key Record (Lower Resale Price),,,,
2014-04,JURONG WEST,3 ROOM,492,JURONG WEST ST 41,04 TO 06,64.0,Simplified,1986,300000.0,,70,8,70 years 8 months,Duplicate Composite Key Record (Lower Resale Price),,,,
2014-08,YISHUN,4 ROOM,312,YISHUN RING RD,01 TO 03,84.0,Simplified,1987,300000.0,,71,4,71 years 4 months,Duplicate Composite Key Record (Lower Resale Price),,,,
2014-03,JURONG WEST,3 ROOM,492,JURONG WEST ST 41,01 TO 03,64.0,Simplified,1986,300000.0,,70,9,70 years 9 months,Duplicate Composite Key Record (Lower Resale Price),,,,
2015-01,HOUGANG,3 ROOM,328,HOUGANG AVE 5,10 TO 12,67.0,New Generation,1983,300000.0,67.0,66,11,66 years 11 months,Duplicate Composite Key Record (Lower Resale Price),,,,
2013-04,BUKIT BATOK,3 ROOM,271,BT BATOK EAST AVE 4,04 TO 06,64.0,Simplified,1986,300000.0,,71,8,71 years 8 months,Duplicate Composite Key Record (Lower Resale Price),,,,
2012-11,WOODLANDS,3 ROOM,1,MARSILING DR,10 TO 12,65.0,Improved,1974,300000.0,,60,1,60 years 1 months,Duplicate Composite Key Record (Lower Resale Price),,,,
2015-04,CLEMENTI,3 ROOM,714,CLEMENTI WEST ST 2,10 TO 12,67.0,New Generation,1980,300000.0,64.0,63,8,63 years 8 months,Duplicate Composite Key Record (Lower Resale Price),,,,
2015-04,BUKIT BATOK,3 ROOM,224,BT BATOK ST 21,04 TO 06,67.0,New Generation,1984,300000.0,68.0,67,8,67 years 8 months,Duplicate Composite Key Record (Lower Resale Price),,,,
2015-02,BEDOK,3 ROOM,529,BEDOK NTH ST 3,10 TO 12,68.0,New Generation,1979,300000.0,63.0,62,10,62 years 10 months,Duplicate Composite Key Record (Lower Resale Price),,,,
2016-01,BUKIT MERAH,3 ROOM,61,TELOK BLANGAH HTS,04 TO 06,67.0,New Generation,1976,300000.0,59.0,58,11,58 years 11 months,Duplicate Composite Key Record (Lower Resale Price),,,,
2016-02,CHOA CHU KANG,4 ROOM,25,TECK WHYE LANE,04 TO 06,92.0,New Generation,1979,300000.0,62.0,61,10,61 years 10 months,Duplicate Composite Key Record (Lower Resale Price),,,,
2012-01,JURONG WEST,3 ROOM,209,BOON LAY PL,01 TO 03,74.0,Improved,1976,300000.0,,62,11,62 years 11 months,Duplicate Composite Key Record (Lower Resale Price),,,,
2012-04,BUKIT PANJANG,3 ROOM,109,GANGSA RD,01 TO 05,64.0,Simplified,1988,299000.0,,74,8,74 years 8 months,Duplicate Composite Key Record (Lower Resale Price),,,,
2012-01,GEYLANG,3 ROOM,23,BALAM RD,07 TO 09,60.3,Standard,1967,298000.0,,53,11,53 years 11 months,Duplicate Composite Key Record (Lower Resale Price),,,,
2014-02,TOA PAYOH,3 ROOM,115,POTONG PASIR AVE 1,01 TO 03,67.0,New Generation,1984,298000.0,,68,10,68 years 10 months,Duplicate Composite Key Record (Lower Resale Price),,,,
2012-05,WOODLANDS,3 ROOM,217,MARSILING CRES,11 TO 15,74.0,Model A,1982,298000.0,,68,7,68 years 7 months,Duplicate Composite Key Record (Lower Resale Price),,,,
2014-11,YISHUN,3 ROOM,220,YISHUN ST 21,04 TO 06,67.0,New Generation,1985,298000.0,,69,1,69 years 1 months,Duplicate Composite Key Record (Lower Resale Price),,,,
2014-06,YISHUN,3 ROOM,136,YISHUN RING RD,01 TO 03,68.0,New Generation,1984,298000.0,,68,6,68 years 6 months,Duplicate Composite Key Record (Lower Resale Price),,,,
2016-01,TOA PAYOH,3 ROOM,26,TOA PAYOH EAST,04 TO 06,67.0,Improved,1971,298000.0,54.0,53,11,53 years 11 months,Duplicate Composite Key Record (Lower Resale Price),,,,
2012-08,GEYLANG,3 ROOM,20,BALAM RD,04 TO 06,60.3,Standard,1967,298000.0,,53,4,53 years 4 months,Duplicate Composite Key Record (Lower Resale Price),,,,
2012-09,ANG MO KIO,3 ROOM,172,ANG MO KIO AVE 4,04 TO 06,60.0,Improved,1986,298000.0,,72,3,72 years 3 months,Duplicate Composite Key Record (Lower Resale Price),,,,
2014-05,TOA PAYOH,3 ROOM,4,UPP ALJUNIED LANE,07 TO 09,57.0,Standard,1968,298000.0,,52,7,52 years 7 months,Duplicate Composite Key Record (Lower Resale Price),,,,
2012-04,YISHUN,3 ROOM,397,YISHUN AVE 6,01 TO 05,73.0,Model A,1989,297000.0,,75,8,75 years 8 months,Duplicate Composite Key Record (Lower Resale Price),,,,
2012-07,WOODLANDS,3 ROOM,2,MARSILING DR,07 TO 09,65.0,Improved,1974,297000.0,,60,5,60 years 5 months,Duplicate Composite Key Record (Lower Resale Price),,,,
2013-11,JURONG WEST,3 ROOM,209,BOON LAY PL,04 TO 06,65.0,Improved,1976,297000.0,,61,1,61 years 1 months,Duplicate Composite Key Record (Lower Resale Price),,,,
2014-04,BUKIT BATOK,3 ROOM,506,BT BATOK ST 52,07 TO 09,60.0,Improved,1987,297000.0,,71,8,71 years 8 months,Duplicate Composite Key Record (Lower Resale Price),,,,
2012-01,YISHUN,3 ROOM,108,YISHUN RING RD,04 TO 06,60.0,Improved,1985,296000.0,,71,11,71 years 11 months,Duplicate Composite Key Record (Lower Resale Price),,,,
2014-04,GEYLANG,3 ROOM,21,BALAM RD,04 TO 06,60.3,Standard,1967,295000.0,,51,8,51 years 8 months,Duplicate Composite Key Record (Lower Resale Price),,,,
2015-04,ANG MO KIO,3 ROOM,610,ANG MO KIO AVE 4,10 TO 12,68.0,New Generation,1980,295000.0,64.0,63,8,63 years 8 months,Duplicate Composite Key Record (Lower Resale Price),,,,
2012-09,JURONG WEST,3 ROOM,495,JURONG WEST ST 41,04 TO 06,64.0,Simplified,1986,295000.0,,72,3,72 years 3 months,Duplicate Composite Key Record (Lower Resale Price),,,,
2012-03,BUKIT BATOK,3 ROOM,416,BT BATOK WEST AVE 4,01 TO 05,73.0,Model A,1987,295000.0,,73,9,73 years 9 months,Duplicate Composite Key Record (Lower Resale Price),,,,
2014-06,JURONG WEST,3 ROOM,211,BOON LAY PL,16 TO 18,65.0,Improved,1976,295000.0,,60,6,60 years 6 months,Duplicate Composite Key Record (Lower Resale Price),,,,
2015-05,TOA PAYOH,3 ROOM,232,LOR 8 TOA PAYOH,07 TO 09,65.0,Improved,1976,295000.0,60.0,59,7,59 years 7 months,Duplicate Composite Key Record (Lower Resale Price),,,,
2013-10,BEDOK,3 ROOM,77,BEDOK NTH RD,01 TO 03,60.0,Improved,1986,295000.0,,71,2,71 years 2 months,Duplicate Composite Key Record (Lower Resale Price),,,,
2016-07,ANG MO KIO,3 ROOM,534,ANG MO KIO AVE 10,04 TO 06,68.0,New Generation,1980,295000.0,62.0,62,5,62 years 5 months,Duplicate Composite Key Record (Lower Resale Price),,,,
2012-09,YISHUN,3 ROOM,171,YISHUN AVE 7,04 TO 06,64.0,Simplified,1988,295000.0,,74,3,74 years 3 months,Duplicate Composite Key Record (Lower Resale Price),,,,
2014-02,JURONG WEST,3 ROOM,208,BOON LAY PL,04 TO 06,65.0,Improved,1976,295000.0,,60,10,60 years 10 months,Duplicate Composite Key Record (Lower Resale Price),,,,
2012-03,KALLANG/WHAMPOA,3 ROOM,85,WHAMPOA DR,01 TO 05,65.0,Improved,1974,295000.0,,60,9,60 years 9 months,Duplicate Composite Key Record (Lower Resale Price),,,,
2015-08,KALLANG/WHAMPOA,3 ROOM,44,BENDEMEER RD,10 TO 12,63.0,Standard,1981,295000.0,64.0,64,4,64 years 4 months,Duplicate Composite Key Record (Lower Resale Price),,,,
2016-06,BEDOK,3 ROOM,4,BEDOK STH AVE 1,07 TO 09,65.0,Improved,1976,295000.0,58.0,58,6,58 years 6 months,Duplicate Composite Key Record (Lower Resale Price),,,,
2014-02,KALLANG/WHAMPOA,3 ROOM,2,ST. GEORGE'S RD,04 TO 06,59.0,Improved,1976,295000.0,,60,10,60 years 10 months,Duplicate Composite Key Record (Lower Resale Price),,,,
2012-03,WOODLANDS,3 ROOM,23,MARSILING DR,11 TO 15,67.0,New Generation,1977,295000.0,,63,9,63 years 9 months,Duplicate Composite Key Record (Lower Resale Price),,,,
2016-05,BEDOK,3 ROOM,2,BEDOK STH AVE 1,04 TO 06,65.0,Improved,1976,295000.0,58.0,58,7,58 years 7 months,Duplicate Composite Key Record (Lower Resale Price),,,,
2016-11,BUKIT BATOK,3 ROOM,161,BT BATOK ST 11,04 TO 06,73.0,Model A,1984,295000.0,66.0,66,1,66 years 1 months,Duplicate Composite Key Record (Lower Resale Price),,,,
2016-04,BEDOK,3 ROOM,419,BEDOK NTH ST 1,04 TO 06,68.0,New Generation,1979,295000.0,61.0,61,8,61 years 8 months,Duplicate Composite Key Record (Lower Resale Price),,,,
2016-03,TOA PAYOH,3 ROOM,199,TOA PAYOH NTH,04 TO 06,65.0,Improved,1982,295000.0,64.0,64,9,64 years 9 months,Duplicate Composite Key Record (Lower Resale Price),,,,
2015-01,YISHUN,3 ROOM,712,YISHUN AVE 5,10 TO 12,68.0,New Generation,1984,295000.0,68.0,67,11,67 years 11 months,Duplicate Composite Key Record (Lower Resale Price),,,,
2012-10,WOODLANDS,3 ROOM,1,MARSILING DR,01 TO 03,65.0,Improved,1974,294000.0,,60,2,60 years 2 months,Duplicate Composite Key Record (Lower Resale Price),,,,
2012-03,BEDOK,3 ROOM,504,BEDOK NTH ST 3,01 TO 05,59.0,Improved,1978,294000.0,,64,9,64 years 9 months,Duplicate Composite Key Record (Lower Resale Price),,,,
2013-10,WOODLANDS,3 ROOM,1,MARSILING DR,04 TO 06,65.0,Improved,1974,294000.0,,59,2,59 years 2 months,Duplicate Composite Key Record (Lower Resale Price),,,,
2012-05,GEYLANG,3 ROOM,57,CIRCUIT RD,06 TO 10,56.0,Standard,1969,293000.0,,55,7,55 years 7 months,Duplicate Composite Key Record (Lower Resale Price),,,,
2016-03,CLEMENTI,3 ROOM,701,WEST COAST RD,04 TO 06,67.0,New Generation,1980,293000.0,63.0,62,9,62 years 9 months,Duplicate Composite Key Record (Lower Resale Price),,,,
2014-04,BISHAN,3 ROOM,22,SIN MING RD,10 TO 12,68.0,Improved,1973,293000.0,,57,8,57 years 8 months,Duplicate Composite Key Record (Lower Resale Price),,,,
2012-02,WOODLANDS,3 ROOM,12,MARSILING LANE,07 TO 09,65.0,Improved,1976,293000.0,,62,10,62 years 10 months,Duplicate Composite Key Record (Lower Resale Price),,,,
2013-10,BEDOK,3 ROOM,77,BEDOK NTH RD,01 TO 03,60.0,Improved,1986,292000.0,,71,2,71 years 2 months,Duplicate Composite Key Record (Lower Resale Price),,,,
2012-03,BUKIT MERAH,2 ROOM,76,TELOK BLANGAH DR,11 TO 15,44.0,Improved,1978,292000.0,,64,9,64 years 9 months,Duplicate Composite Key Record (Lower Resale Price),,,,
2014-05,QUEENSTOWN,3 ROOM,100,C'WEALTH CRES,01 TO 03,59.0,Standard,1970,292000.0,,54,7,54 years 7 months,Duplicate Composite Key Record (Lower Resale Price),,,,
2012-05,WOODLANDS,3 ROOM,22,MARSILING DR,06 TO 10,67.0,New Generation,1977,292000.0,,63,7,63 years 7 months,Duplicate Composite Key Record (Lower Resale Price),,,,
2013-09,JURONG WEST,3 ROOM,119,HO CHING RD,01 TO 03,67.0,Improved,1972,292000.0,,57,3,57 years 3 months,Duplicate Composite Key Record (Lower Resale Price),,,,
2015-11,JURONG EAST,3 ROOM,250,JURONG EAST ST 24,07 TO 09,67.0,New Generation,1986,291000.0,69.0,69,1,69 years 1 months,Duplicate Composite Key Record (Lower Resale Price),,,,
2012-05,JURONG WEST,3 ROOM,492,JURONG WEST ST 41,01 TO 05,64.0,Simplified,1986,291000.0,,72,7,72 years 7 months,Duplicate Composite Key Record (Lower Resale Price),,,,
2012-12,JURONG WEST,3 ROOM,122,YUAN CHING RD,01 TO 03,61.0,Improved,1974,290000.0,,60,0,60 years 0 months,Duplicate Composite Key Record (Lower Resale Price),,,,
2016-03,BEDOK,3 ROOM,525,BEDOK NTH ST 3,07 TO 09,67.0,New Generation,1979,290000.0,62.0,61,9,61 years 9 months,Duplicate Composite Key Record (Lower Resale Price),,,,
2016-05,BEDOK,3 ROOM,713,BEDOK RESERVOIR RD,04 TO 06,68.0,New Generation,1981,290000.0,64.0,63,7,63 years 7 months,Duplicate Composite Key Record (Lower Resale Price),,,,
2015-03,BUKIT BATOK,3 ROOM,313,BT BATOK ST 32,04 TO 06,68.0,New Generation,1986,290000.0,70.0,69,9,69 years 9 months,Duplicate Composite Key Record (Lower Resale Price),,,,
2015-12,BEDOK,3 ROOM,32,CHAI CHEE AVE,04 TO 06,65.0,Improved,1974,290000.0,57.0,57,0,57 years 0 months,Duplicate Composite Key Record (Lower Resale Price),,,,
2015-08,BEDOK,3 ROOM,4,BEDOK STH AVE 1,01 TO 03,65.0,Improved,1976,290000.0,59.0,59,4,59 years 4 months,Duplicate Composite Key Record (Lower Resale Price),,,,
2012-04,BUKIT BATOK,3 ROOM,109,BT BATOK WEST AVE 6,01 TO 05,59.0,Improved,1985,290000.0,,71,8,71 years 8 months,Duplicate Composite Key Record (Lower Resale Price),,,,
2016-09,CLEMENTI,3 ROOM,611,CLEMENTI WEST ST 1,07 TO 09,74.0,Model A,1983,290000.0,66.0,65,3,65 years 3 months,Duplicate Composite Key Record (Lower Resale Price),,,,
2014-08,GEYLANG,3 ROOM,1,HAIG RD,04 TO 06,59.0,Improved,1982,290000.0,,66,4,66 years 4 months,Duplicate Composite Key Record (Lower Resale Price),,,,
2016-06,CLEMENTI,3 ROOM,705,CLEMENTI WEST ST 2,07 TO 09,67.0,New Generation,1980,290000.0,63.0,62,6,62 years 6 months,Duplicate Composite Key Record (Lower Resale Price),,,,
2012-11,WOODLANDS,3 ROOM,2,MARSILING DR,04 TO 06,65.0,Improved,1974,290000.0,,60,1,60 years 1 months,Duplicate Composite Key Record (Lower Resale Price),,,,
2013-11,YISHUN,3 ROOM,108,YISHUN RING RD,01 TO 03,60.0,Improved,1985,290000.0,,70,1,70 years 1 months,Duplicate Composite Key Record (Lower Resale Price),,,,
2016-08,TOA PAYOH,3 ROOM,4,LOR 7 TOA PAYOH,07 TO 09,68.0,Improved,1969,290000.0,51.0,51,4,51 years 4 months,Duplicate Composite Key Record (Lower Resale Price),,,,
2012-01,BUKIT MERAH,3 ROOM,37,JLN RUMAH TINGGI,04 TO 06,53.0,Standard,1969,290000.0,,55,11,55 years 11 months,Duplicate Composite Key Record (Lower Resale Price),,,,
2014-11,CLEMENTI,3 ROOM,705,CLEMENTI WEST ST 2,01 TO 03,67.0,New Generation,1980,290000.0,,64,1,64 years 1 months,Duplicate Composite Key Record (Lower Resale Price),,,,
2014-05,JURONG WEST,3 ROOM,212,BOON LAY PL,07 TO 09,66.0,Improved,1974,288800.0,,58,7,58 years 7 months,Duplicate Composite Key Record (Lower Resale Price),,,,
2014-04,GEYLANG,3 ROOM,21,BALAM RD,04 TO 06,60.3,Standard,1967,288000.0,,51,8,51 years 8 months,Duplicate Composite Key Record (Lower Resale Price),,,,
2012-03,YISHUN,3 ROOM,127,YISHUN ST 11,01 TO 05,72.0,New Generation,1984,288000.0,,70,9,70 years 9 months,Duplicate Composite Key Record (Lower Resale Price),,,,
2014-10,JURONG EAST,3 ROOM,412,PANDAN GDNS,04 TO 06,73.0,Improved,1979,288000.0,,63,2,63 years 2 months,Duplicate Composite Key Record (Lower Resale Price),,,,
2015-10,YISHUN,4 ROOM,404,YISHUN AVE 6,10 TO 12,84.0,Simplified,1988,288000.0,71.0,71,2,71 years 2 months,Duplicate Composite Key Record (Lower Resale Price),,,,
2014-06,GEYLANG,3 ROOM,52,SIMS PL,01 TO 03,65.0,Improved,1977,288000.0,,61,6,61 years 6 months,Duplicate Composite Key Record (Lower Resale Price),,,,
2014-04,JURONG WEST,3 ROOM,211,BOON LAY PL,07 TO 09,65.0,Improved,1976,288000.0,,60,8,60 years 8 months,Duplicate Composite Key Record (Lower Resale Price),,,,
2015-01,BEDOK,3 ROOM,709,BEDOK RESERVOIR RD,04 TO 06,68.0,New Generation,1981,288000.0,65.0,64,11,64 years 11 months,Duplicate Composite Key Record (Lower Resale Price),,,,
2012-02,WOODLANDS,3 ROOM,12,MARSILING LANE,07 TO 09,65.0,Improved,1976,288000.0,,62,10,62 years 10 months,Duplicate Composite Key Record (Lower Resale Price),,,,
2015-03,JURONG EAST,3 ROOM,253,JURONG EAST ST 24,04 TO 06,67.0,New Generation,1985,286000.0,69.0,68,9,68 years 9 months,Duplicate Composite Key Record (Lower Resale Price),,,,
2016-11,YISHUN,4 ROOM,433,YISHUN AVE 6,04 TO 06,84.0,Simplified,1988,286000.0,70.0,70,1,70 years 1 months,Duplicate Composite Key Record (Lower Resale Price),,,,
2016-10,JURONG EAST,3 ROOM,214,JURONG EAST ST 21,01 TO 03,67.0,New Generation,1983,286000.0,65.0,65,2,65 years 2 months,Duplicate Composite Key Record (Lower Resale Price),,,,
2014-10,YISHUN,3 ROOM,710,YISHUN AVE 5,04 TO 06,68.0,New Generation,1984,286000.0,,68,2,68 years 2 months,Duplicate Composite Key Record (Lower Resale Price),,,,
2016-09,TOA PAYOH,3 ROOM,27,TOA PAYOH EAST,01 TO 03,67.0,Improved,1971,286000.0,53.0,53,3,53 years 3 months,Duplicate Composite Key Record (Lower Resale Price),,,,
2016-09,QUEENSTOWN,3 ROOM,169,STIRLING RD,10 TO 12,60.0,Improved,1970,285600.0,52.0,52,3,52 years 3 months,Duplicate Composite Key Record (Lower Resale Price),,,,
2012-05,BUKIT BATOK,3 ROOM,152,BT BATOK ST 11,01 TO 05,67.0,New Generation,1998,285000.0,,84,7,84 years 7 months,Duplicate Composite Key Record (Lower Resale Price),,,,
2016-03,TAMPINES,3 ROOM,462,TAMPINES ST 44,04 TO 06,64.0,Simplified,1987,285000.0,70.0,69,9,69 years 9 months,Duplicate Composite Key Record (Lower Resale Price),,,,
2015-10,YISHUN,3 ROOM,761,YISHUN ST 72,04 TO 06,64.0,Simplified,1986,285000.0,69.0,69,2,69 years 2 months,Duplicate Composite Key Record (Lower Resale Price),,,,
2014-05,YISHUN,3 ROOM,264,YISHUN ST 22,01 TO 03,64.0,Simplified,1986,285000.0,,70,7,70 years 7 months,Duplicate Composite Key Record (Lower Resale Price),,,,
2012-03,GEYLANG,3 ROOM,60,CIRCUIT RD,01 TO 05,56.0,Standard,1969,285000.0,,55,9,55 years 9 months,Duplicate Composite Key Record (Lower Resale Price),,,,
2016-10,BEDOK,3 ROOM,27,NEW UPP CHANGI RD,10 TO 12,65.0,Improved,1982,285000.0,64.0,64,2,64 years 2 months,Duplicate Composite Key Record (Lower Resale Price),,,,
2016-10,BEDOK,3 ROOM,50,CHAI CHEE ST,04 TO 06,68.0,New Generation,1981,285000.0,63.0,63,2,63 years 2 months,Duplicate Composite Key Record (Lower Resale Price),,,,
2013-06,GEYLANG,3 ROOM,66,CIRCUIT RD,01 TO 03,55.0,Standard,1967,285000.0,,52,6,52 years 6 months,Duplicate Composite Key Record (Lower Resale Price),,,,
2016-02,JURONG EAST,3 ROOM,232,JURONG EAST ST 21,04 TO 06,67.0,New Generation,1982,285000.0,65.0,64,10,64 years 10 months,Duplicate Composite Key Record (Lower Resale Price),,,,
2014-06,JURONG EAST,3 ROOM,47,TEBAN GDNS RD,04 TO 06,68.0,New Generation,1985,285000.0,,69,6,69 years 6 months,Duplicate Composite Key Record (Lower Resale Price),,,,
2013-10,JURONG WEST,3 ROOM,185,BOON LAY AVE,10 TO 12,59.0,Improved,1975,285000.0,,60,2,60 years 2 months,Duplicate Composite Key Record (Lower Resale Price),,,,
2016-03,GEYLANG,3 ROOM,9,HAIG RD,01 TO 03,59.0,Improved,1976,285000.0,59.0,58,9,58 years 9 months,Duplicate Composite Key Record (Lower Resale Price),,,,
2014-04,JURONG WEST,3 ROOM,121,YUAN CHING RD,07 TO 09,61.0,Improved,1974,285000.0,,58,8,58 years 8 months,Duplicate Composite Key Record (Lower Resale Price),,,,
2013-01,BUKIT MERAH,2 ROOM,45,TELOK BLANGAH DR,04 TO 06,45.0,Improved,1976,285000.0,,61,11,61 years 11 months,Duplicate Composite Key Record (Lower Resale Price),,,,
2015-12,YISHUN,3 ROOM,354,YISHUN RING RD,01 TO 03,74.0,Model A,1989,285000.0,72.0,72,0,72 years 0 months,Duplicate Composite Key Record (Lower Resale Price),,,,
2012-04,TOA PAYOH,3 ROOM,194,KIM KEAT AVE,01 TO 05,66.0,Improved,1973,284000.0,,59,8,59 years 8 months,Duplicate Composite Key Record (Lower Resale Price),,,,
2014-05,HOUGANG,3 ROOM,1,HOUGANG AVE 3,07 TO 09,59.0,Improved,1975,284000.0,,59,7,59 years 7 months,Duplicate Composite Key Record (Lower Resale Price),,,,
2014-09,YISHUN,3 ROOM,107,YISHUN RING RD,04 TO 06,67.0,New Generation,1982,283000.0,,66,3,66 years 3 months,Duplicate Composite Key Record (Lower Resale Price),,,,
2015-06,JURONG EAST,3 ROOM,44,TEBAN GDNS RD,07 TO 09,68.0,New Generation,1985,283000.0,69.0,68,6,68 years 6 months,Duplicate Composite Key Record (Lower Resale Price),,,,
2014-05,YISHUN,3 ROOM,269,YISHUN ST 22,07 TO 09,64.0,Simplified,1988,283000.0,,72,7,72 years 7 months,Duplicate Composite Key Record (Lower Resale Price),,,,
2013-04,GEYLANG,2 ROOM,81,MACPHERSON LANE,10 TO 12,50.0,Standard,1968,283000.0,,53,8,53 years 8 months,Duplicate Composite Key Record (Lower Resale Price),,,,
2015-03,BUKIT BATOK,3 ROOM,145,BT BATOK ST 11,04 TO 06,68.0,New Generation,1984,283000.0,68.0,67,9,67 years 9 months,Duplicate Composite Key Record (Lower Resale Price),,,,
2015-10,BEDOK,3 ROOM,509,BEDOK NTH ST 3,01 TO 03,67.0,New Generation,1979,282000.0,62.0,62,2,62 years 2 months,Duplicate Composite Key Record (Lower Resale Price),,,,
2013-05,BUKIT MERAH,2 ROOM,48,LOWER DELTA RD,10 TO 12,43.0,Standard,1970,280800.0,,55,7,55 years 7 months,Duplicate Composite Key Record (Lower Resale Price),,,,
2016-02,BEDOK,3 ROOM,504,BEDOK NTH ST 3,13 TO 15,59.0,Improved,1978,280000.0,61.0,60,10,60 years 10 months,Duplicate Composite Key Record (Lower Resale Price),,,,
2014-03,JURONG WEST,3 ROOM,208,BOON LAY PL,01 TO 03,65.0,Improved,1976,280000.0,,60,9,60 years 9 months,Duplicate Composite Key Record (Lower Resale Price),,,,
2014-05,JURONG WEST,3 ROOM,174,BOON LAY DR,07 TO 09,59.0,Improved,1978,280000.0,,62,7,62 years 7 months,Duplicate Composite Key Record (Lower Resale Price),,,,
2014-11,BEDOK,3 ROOM,540,BEDOK NTH ST 3,01 TO 03,68.0,New Generation,1980,280000.0,,64,1,64 years 1 months,Duplicate Composite Key Record (Lower Resale Price),,,,
2013-05,KALLANG/WHAMPOA,3 ROOM,34,JLN BAHAGIA,01 TO 03,56.0,Standard,1970,280000.0,,55,7,55 years 7 months,Duplicate Composite Key Record (Lower Resale Price),,,,
2016-03,BUKIT PANJANG,3 ROOM,104,GANGSA RD,01 TO 03,73.0,Model A,1988,280000.0,71.0,70,9,70 years 9 months,Duplicate Composite Key Record (Lower Resale Price),,,,
2016-04,KALLANG/WHAMPOA,3 ROOM,77,LOR LIMAU,07 TO 09,59.0,Improved,1973,280000.0,56.0,55,8,55 years 8 months,Duplicate Composite Key Record (Lower Resale Price),,,,
2012-08,ANG MO KIO,2 ROOM,406,ANG MO KIO AVE 10,07 TO 09,44.0,Improved,1979,280000.0,,65,4,65 years 4 months,Duplicate Composite Key Record (Lower Resale Price),,,,
2015-09,SERANGOON,3 ROOM,147,SERANGOON NTH AVE 1,07 TO 09,64.0,Simplified,1988,280000.0,71.0,71,3,71 years 3 months,Duplicate Composite Key Record (Lower Resale Price),,,,
2015-07,BEDOK,3 ROOM,542,BEDOK NTH ST 3,10 TO 12,67.0,New Generation,1985,280000.0,69.0,68,5,68 years 5 months,Duplicate Composite Key Record (Lower Resale Price),,,,
2016-12,BUKIT MERAH,3 ROOM,37,JLN RUMAH TINGGI,10 TO 12,53.0,Standard,1969,280000.0,51.0,51,0,51 years 0 months,Duplicate Composite Key Record (Lower Resale Price),,,,
2016-09,ANG MO KIO,3 ROOM,212,ANG MO KIO AVE 3,01 TO 03,67.0,New Generation,1977,280000.0,59.0,59,3,59 years 3 months,Duplicate Composite Key Record (Lower Resale Price),,,,
2016-08,YISHUN,3 ROOM,263,YISHUN ST 22,10 TO 12,64.0,Simplified,1986,280000.0,68.0,68,4,68 years 4 months,Duplicate Composite Key Record (Lower Resale Price),,,,
2016-04,ANG MO KIO,3 ROOM,152,ANG MO KIO AVE 5,01 TO 03,68.0,New Generation,1981,280000.0,64.0,63,8,63 years 8 months,Duplicate Composite Key Record (Lower Resale Price),,,,
2012-04,JURONG WEST,3 ROOM,121,YUAN CHING RD,01 TO 05,61.0,Improved,1974,280000.0,,60,8,60 years 8 months,Duplicate Composite Key Record (Lower Resale Price),,,,
2015-10,HOUGANG,3 ROOM,321,HOUGANG AVE 5,04 TO 06,67.0,New Generation,1983,280000.0,66.0,66,2,66 years 2 months,Duplicate Composite Key Record (Lower Resale Price),,,,
2016-10,ANG MO KIO,3 ROOM,476,ANG MO KIO AVE 10,10 TO 12,67.0,New Generation,1979,280000.0,61.0,61,2,61 years 2 months,Duplicate Composite Key Record (Lower Resale Price),,,,
2012-07,GEYLANG,3 ROOM,50,CIRCUIT RD,04 TO 06,56.0,Standard,1969,280000.0,,55,5,55 years 5 months,Duplicate Composite Key Record (Lower Resale Price),,,,
2015-01,GEYLANG,3 ROOM,25,EUNOS CRES,04 TO 06,59.0,Improved,1977,280000.0,61.0,60,11,60 years 11 months,Duplicate Composite Key Record (Lower Resale Price),,,,
2014-05,BUKIT MERAH,2 ROOM,28,HOY FATT RD,07 TO 09,47.0,Standard,1967,280000.0,,51,7,51 years 7 months,Duplicate Composite Key Record (Lower Resale Price),,,,
2015-12,BEDOK,3 ROOM,521,BEDOK NTH AVE 1,01 TO 03,67.0,New Generation,1979,280000.0,62.0,62,0,62 years 0 months,Duplicate Composite Key Record (Lower Resale Price),,,,
2012-04,WOODLANDS,3 ROOM,15,MARSILING LANE,01 TO 05,65.0,Improved,1976,280000.0,,62,8,62 years 8 months,Duplicate Composite Key Record (Lower Resale Price),,,,
2016-05,ANG MO KIO,3 ROOM,214,ANG MO KIO AVE 3,04 TO 06,67.0,New Generation,1976,280000.0,58.0,58,7,58 years 7 months,Duplicate Composite Key Record (Lower Resale Price),,,,
2014-11,JURONG WEST,3 ROOM,209,BOON LAY PL,07 TO 09,65.0,Improved,1976,280000.0,,60,1,60 years 1 months,Duplicate Composite Key Record (Lower Resale Price),,,,
2016-03,JURONG WEST,3 ROOM,511,JURONG WEST ST 52,04 TO 06,74.0,Model A,1984,280000.0,67.0,66,9,66 years 9 months,Duplicate Composite Key Record (Lower Resale Price),,,,
2014-02,YISHUN,3 ROOM,774,YISHUN AVE 3,10 TO 12,64.0,Simplified,1987,280000.0,,71,10,71 years 10 months,Duplicate Composite Key Record (Lower Resale Price),,,,
2012-07,TOA PAYOH,3 ROOM,5,UPP ALJUNIED LANE,04 TO 06,57.0,Standard,1968,279000.0,,54,5,54 years 5 months,Duplicate Composite Key Record (Lower Resale Price),,,,
2016-01,BUKIT BATOK,3 ROOM,160,BT BATOK ST 11,04 TO 06,73.0,Model A,1984,279000.0,67.0,66,11,66 years 11 months,Duplicate Composite Key Record (Lower Resale Price),,,,
2015-04,ANG MO KIO,3 ROOM,468,ANG MO KIO AVE 10,01 TO 03,67.0,New Generation,1979,278000.0,63.0,62,8,62 years 8 months,Duplicate Composite Key Record (Lower Resale Price),,,,
2016-06,CHOA CHU KANG,3 ROOM,26,TECK WHYE LANE,04 TO 06,74.0,New Generation,1979,278000.0,61.0,61,6,61 years 6 months,Duplicate Composite Key Record (Lower Resale Price),,,,
2014-06,YISHUN,3 ROOM,124,YISHUN ST 11,04 TO 06,67.0,New Generation,1985,278000.0,,69,6,69 years 6 months,Duplicate Composite Key Record (Lower Resale Price),,,,
2016-08,YISHUN,3 ROOM,263,YISHUN ST 22,10 TO 12,64.0,Simplified,1986,277000.0,68.0,68,4,68 years 4 months,Duplicate Composite Key Record (Lower Resale Price),,,,
2016-08,BUKIT BATOK,3 ROOM,247,BT BATOK EAST AVE 5,07 TO 09,73.0,Model A,1985,277000.0,67.0,67,4,67 years 4 months,Duplicate Composite Key Record (Lower Resale Price),,,,
2013-12,JURONG WEST,3 ROOM,185,BOON LAY AVE,07 TO 09,59.0,Improved,1975,277000.0,,60,0,60 years 0 months,Duplicate Composite Key Record (Lower Resale Price),,,,
2012-03,TOA PAYOH,3 ROOM,195,KIM KEAT AVE,01 TO 05,66.0,Improved,1973,277000.0,,59,9,59 years 9 months,Duplicate Composite Key Record (Lower Resale Price),,,,
2016-10,BEDOK,3 ROOM,50,CHAI CHEE ST,10 TO 12,68.0,New Generation,1981,275000.0,63.0,63,2,63 years 2 months,Duplicate Composite Key Record (Lower Resale Price),,,,
2014-10,WOODLANDS,3 ROOM,1,MARSILING DR,07 TO 09,65.0,Improved,1974,275000.0,,58,2,58 years 2 months,Duplicate Composite Key Record (Lower Resale Price),,,,
2014-05,WOODLANDS,3 ROOM,2,MARSILING DR,07 TO 09,65.0,Improved,1974,275000.0,,58,7,58 years 7 months,Duplicate Composite Key Record (Lower Resale Price),,,,
2015-04,TOA PAYOH,3 ROOM,9,LOR 7 TOA PAYOH,07 TO 09,66.0,Improved,1970,275000.0,54.0,53,8,53 years 8 months,Duplicate Composite Key Record (Lower Resale Price),,,,
2015-04,TOA PAYOH,3 ROOM,5,UPP ALJUNIED LANE,04 TO 06,57.0,Standard,1968,275000.0,52.0,51,8,51 years 8 months,Duplicate Composite Key Record (Lower Resale Price),,,,
2015-02,BUKIT BATOK,3 ROOM,212,BT BATOK ST 21,01 TO 03,67.0,New Generation,1985,275000.0,69.0,68,10,68 years 10 months,Duplicate Composite Key Record (Lower Resale Price),,,,
2016-11,BEDOK,3 ROOM,628,BEDOK RESERVOIR RD,01 TO 03,67.0,New Generation,1983,275000.0,65.0,65,1,65 years 1 months,Duplicate Composite Key Record (Lower Resale Price),,,,
2012-05,JURONG WEST,3 ROOM,186,BOON LAY AVE,06 TO 10,59.0,Improved,1975,275000.0,,61,7,61 years 7 months,Duplicate Composite Key Record (Lower Resale Price),,,,
2015-01,YISHUN,3 ROOM,712,YISHUN AVE 5,04 TO 06,68.0,New Generation,1984,275000.0,68.0,67,11,67 years 11 months,Duplicate Composite Key Record (Lower Resale Price),,,,
2016-10,KALLANG/WHAMPOA,3 ROOM,44,BENDEMEER RD,07 TO 09,63.0,Standard,1981,275000.0,63.0,63,2,63 years 2 months,Duplicate Composite Key Record (Lower Resale Price),,,,
2014-04,QUEENSTOWN,2 ROOM,35,TANGLIN HALT RD,10 TO 12,46.0,Standard,1973,274000.0,,57,8,57 years 8 months,Duplicate Composite Key Record (Lower Resale Price),,,,
2012-08,YISHUN,3 ROOM,264,YISHUN ST 22,04 TO 06,64.0,Simplified,1986,274000.0,,72,4,72 years 4 months,Duplicate Composite Key Record (Lower Resale Price),,,,
2012-05,JURONG EAST,3 ROOM,416,PANDAN GDNS,01 TO 05,74.0,Improved,1982,274000.0,,68,7,68 years 7 months,Duplicate Composite Key Record (Lower Resale Price),,,,
2012-05,JURONG WEST,3 ROOM,186,BOON LAY AVE,16 TO 20,59.0,Improved,1975,273000.0,,61,7,61 years 7 months,Duplicate Composite Key Record (Lower Resale Price),,,,
2012-08,ANG MO KIO,2 ROOM,314,ANG MO KIO AVE 3,04 TO 06,44.0,Improved,1978,273000.0,,64,4,64 years 4 months,Duplicate Composite Key Record (Lower Resale Price),,,,
2015-10,BUKIT BATOK,3 ROOM,363,BT BATOK ST 31,01 TO 03,68.0,New Generation,1987,273000.0,71.0,70,2,70 years 2 months,Duplicate Composite Key Record (Lower Resale Price),,,,
2012-08,ANG MO KIO,2 ROOM,314,ANG MO KIO AVE 3,04 TO 06,44.0,Improved,1978,272000.0,,64,4,64 years 4 months,Duplicate Composite Key Record (Lower Resale Price),,,,
2016-09,ANG MO KIO,3 ROOM,180,ANG MO KIO AVE 5,01 TO 03,68.0,New Generation,1981,272000.0,63.0,63,3,63 years 3 months,Duplicate Composite Key Record (Lower Resale Price),,,,
2015-02,JURONG WEST,3 ROOM,120,HO CHING RD,04 TO 06,67.0,Improved,1972,271000.0,55.0,55,10,55 years 10 months,Duplicate Composite Key Record (Lower Resale Price),,,,
2014-09,WOODLANDS,3 ROOM,23,MARSILING DR,04 TO 06,67.0,New Generation,1977,270000.0,,61,3,61 years 3 months,Duplicate Composite Key Record (Lower Resale Price),,,,
2012-02,JURONG WEST,3 ROOM,213,BOON LAY PL,01 TO 03,66.0,Improved,1974,270000.0,,60,10,60 years 10 months,Duplicate Composite Key Record (Lower Resale Price),,,,
2016-09,CLEMENTI,3 ROOM,704,WEST COAST RD,10 TO 12,67.0,New Generation,1980,270000.0,63.0,62,3,62 years 3 months,Duplicate Composite Key Record (Lower Resale Price),,,,
2015-04,SERANGOON,3 ROOM,147,SERANGOON NTH AVE 1,04 TO 06,64.0,Simplified,1988,270000.0,72.0,71,8,71 years 8 months,Duplicate Composite Key Record (Lower Resale Price),,,,
2016-11,BEDOK,3 ROOM,92,BEDOK NTH AVE 4,04 TO 06,67.0,New Generation,1979,270000.0,61.0,61,1,61 years 1 months,Duplicate Composite Key Record (Lower Resale Price),,,,
2014-11,GEYLANG,3 ROOM,19,BALAM RD,01 TO 03,60.0,Standard,1967,270000.0,,51,1,51 years 1 months,Duplicate Composite Key Record (Lower Resale Price),,,,
2014-09,JURONG WEST,3 ROOM,185,BOON LAY AVE,04 TO 06,59.0,Improved,1975,270000.0,,59,3,59 years 3 months,Duplicate Composite Key Record (Lower Resale Price),,,,
2014-12,JURONG WEST,3 ROOM,208,BOON LAY PL,01 TO 03,65.0,Improved,1976,270000.0,,60,0,60 years 0 months,Duplicate Composite Key Record (Lower Resale Price),,,,
2015-12,CLEMENTI,3 ROOM,715,CLEMENTI WEST ST 2,04 TO 06,68.0,New Generation,1981,268000.0,64.0,64,0,64 years 0 months,Duplicate Composite Key Record (Lower Resale Price),,,,
2015-04,ANG MO KIO,3 ROOM,468,ANG MO KIO AVE 10,01 TO 03,67.0,New Generation,1979,268000.0,63.0,62,8,62 years 8 months,Duplicate Composite Key Record (Lower Resale Price),,,,
2014-11,BUKIT BATOK,3 ROOM,135,BT BATOK WEST AVE 6,04 TO 06,68.0,New Generation,1984,268000.0,,68,1,68 years 1 months,Duplicate Composite Key Record (Lower Resale Price),,,,
2016-11,BEDOK,3 ROOM,3,BEDOK STH AVE 1,04 TO 06,59.0,Improved,1976,268000.0,58.0,58,1,58 years 1 months,Duplicate Composite Key Record (Lower Resale Price),,,,
2016-05,YISHUN,3 ROOM,719,YISHUN ST 71,01 TO 03,64.0,Simplified,1987,268000.0,70.0,69,7,69 years 7 months,Duplicate Composite Key Record (Lower Resale Price),,,,
2015-09,WOODLANDS,3 ROOM,24,MARSILING DR,10 TO 12,67.0,New Generation,1977,268000.0,60.0,60,3,60 years 3 months,Duplicate Composite Key Record (Lower Resale Price),,,,
2012-06,WOODLANDS,3 ROOM,2A,WOODLANDS CTR RD,04 TO 06,68.0,New Generation,1980,268000.0,,66,6,66 years 6 months,Duplicate Composite Key Record (Lower Resale Price),,,,
2013-05,JURONG WEST,3 ROOM,187,BOON LAY AVE,04 TO 06,59.0,Improved,1978,268000.0,,63,7,63 years 7 months,Duplicate Composite Key Record (Lower Resale Price),,,,
2015-06,BEDOK,3 ROOM,503,BEDOK NTH ST 3,04 TO 06,59.0,Improved,1978,267500.0,61.0,61,6,61 years 6 months,Duplicate Composite Key Record (Lower Resale Price),,,,
2013-05,JURONG WEST,3 ROOM,186,BOON LAY AVE,01 TO 03,59.0,Improved,1975,267000.0,,60,7,60 years 7 months,Duplicate Composite Key Record (Lower Resale Price),,,,
2016-11,WOODLANDS,3 ROOM,206,MARSILING DR,07 TO 09,68.0,New Generation,1981,265000.0,63.0,63,1,63 years 1 months,Duplicate Composite Key Record (Lower Resale Price),,,,
2016-10,TOA PAYOH,3 ROOM,13,LOR 7 TOA PAYOH,01 TO 03,66.0,Improved,1970,265000.0,52.0,52,2,52 years 2 months,Duplicate Composite Key Record (Lower Resale Price),,,,
2015-06,HOUGANG,3 ROOM,642,HOUGANG AVE 8,07 TO 09,60.0,Improved,1987,265000.0,71.0,70,6,70 years 6 months,Duplicate Composite Key Record (Lower Resale Price),,,,
2016-09,KALLANG/WHAMPOA,3 ROOM,85,WHAMPOA DR,07 TO 09,65.0,Improved,1974,264000.0,56.0,56,3,56 years 3 months,Duplicate Composite Key Record (Lower Resale Price),,,,
2014-09,KALLANG/WHAMPOA,3 ROOM,32,JLN BAHAGIA,01 TO 03,56.0,Standard,1971,264000.0,,55,3,55 years 3 months,Duplicate Composite Key Record (Lower Resale Price),,,,
2012-08,ANG MO KIO,2 ROOM,172,ANG MO KIO AVE 4,07 TO 09,45.0,Improved,1986,263000.0,,72,4,72 years 4 months,Duplicate Composite Key Record (Lower Resale Price),,,,
2015-03,BUKIT BATOK,3 ROOM,333,BT BATOK ST 32,01 TO 03,64.0,Simplified,1987,263000.0,71.0,70,9,70 years 9 months,Duplicate Composite Key Record (Lower Resale Price),,,,
2014-04,BUKIT MERAH,2 ROOM,2,JLN BT HO SWEE,01 TO 03,34.0,Standard,1971,262000.0,,55,8,55 years 8 months,Duplicate Composite Key Record (Lower Resale Price),,,,
2016-03,BEDOK,3 ROOM,21,CHAI CHEE RD,10 TO 12,65.0,Improved,1972,262000.0,55.0,54,9,54 years 9 months,Duplicate Composite Key Record (Lower Resale Price),,,,
2014-03,ANG MO KIO,2 ROOM,406,ANG MO KIO AVE 10,01 TO 03,44.0,Improved,1979,260000.0,,63,9,63 years 9 months,Duplicate Composite Key Record (Lower Resale Price),,,,
2016-09,TOA PAYOH,3 ROOM,12,LOR 7 TOA PAYOH,04 TO 06,66.0,Improved,1970,260000.0,52.0,52,3,52 years 3 months,Duplicate Composite Key Record (Lower Resale Price),,,,
2016-08,WOODLANDS,3 ROOM,149,WOODLANDS ST 13,04 TO 06,68.0,New Generation,1985,260000.0,67.0,67,4,67 years 4 months,Duplicate Composite Key Record (Lower Resale Price),,,,
2016-05,BUKIT BATOK,3 ROOM,322,BT BATOK ST 33,04 TO 06,68.0,New Generation,1985,260000.0,68.0,67,7,67 years 7 months,Duplicate Composite Key Record (Lower Resale Price),,,,
2012-05,GEYLANG,3 ROOM,43,CIRCUIT RD,01 TO 05,52.0,Standard,1971,260000.0,,57,7,57 years 7 months,Duplicate Composite Key Record (Lower Resale Price),,,,
2015-11,JURONG EAST,3 ROOM,243,JURONG EAST ST 24,01 TO 03,67.0,New Generation,1983,260000.0,66.0,66,1,66 years 1 months,Duplicate Composite Key Record (Lower Resale Price),,,,
2016-09,WOODLANDS,3 ROOM,218,MARSILING CRES,10 TO 12,67.0,New Generation,1986,260000.0,68.0,68,3,68 years 3 months,Duplicate Composite Key Record (Lower Resale Price),,,,
2016-10,GEYLANG,3 ROOM,34,CIRCUIT RD,01 TO 03,60.0,Standard,1967,258000.0,49.0,49,2,49 years 2 months,Duplicate Composite Key Record (Lower Resale Price),,,,
2014-10,WOODLANDS,3 ROOM,1,MARSILING DR,07 TO 09,65.0,Improved,1974,256000.0,,58,2,58 years 2 months,Duplicate Composite Key Record (Lower Resale Price),,,,
2015-06,WOODLANDS,3 ROOM,23,MARSILING DR,01 TO 03,67.0,New Generation,1977,255000.0,61.0,60,6,60 years 6 months,Duplicate Composite Key Record (Lower Resale Price),,,,
2012-09,GEYLANG,2 ROOM,40,CIRCUIT RD,01 TO 03,45.0,Standard,1971,255000.0,,57,3,57 years 3 months,Duplicate Composite Key Record (Lower Resale Price),,,,
2015-10,BUKIT BATOK,3 ROOM,267,BT BATOK EAST AVE 4,01 TO 03,64.0,Simplified,1987,255000.0,70.0,70,2,70 years 2 months,Duplicate Composite Key Record (Lower Resale Price),,,,
2016-09,BUKIT BATOK,3 ROOM,533,BT BATOK ST 51,04 TO 06,60.0,Improved,1988,255000.0,70.0,70,3,70 years 3 months,Duplicate Composite Key Record (Lower Resale Price),,,,
2015-11,BEDOK,3 ROOM,502,BEDOK NTH ST 3,01 TO 03,59.0,Improved,1978,255000.0,61.0,61,1,61 years 1 months,Duplicate Composite Key Record (Lower Resale Price),,,,
2015-03,BUKIT BATOK,3 ROOM,421,BT BATOK WEST AVE 2,04 TO 06,68.0,New Generation,1988,255000.0,72.0,71,9,71 years 9 months,Duplicate Composite Key Record (Lower Resale Price),,,,
2015-12,GEYLANG,3 ROOM,87,CIRCUIT RD,07 TO 09,60.0,Improved,1970,255000.0,53.0,53,0,53 years 0 months,Duplicate Composite Key Record (Lower Resale Price),,,,
2016-10,TOA PAYOH,2 ROOM,120,LOR 2 TOA PAYOH,04 TO 06,40.0,Standard,1968,253000.0,50.0,50,2,50 years 2 months,Duplicate Composite Key Record (Lower Resale Price),,,,
2013-07,GEYLANG,2 ROOM,30,BALAM RD,04 TO 06,46.0,Standard,1973,253000.0,,58,5,58 years 5 months,Duplicate Composite Key Record (Lower Resale Price),,,,
2014-11,JURONG WEST,3 ROOM,185,BOON LAY AVE,16 TO 18,59.0,Improved,1975,252000.0,,59,1,59 years 1 months,Duplicate Composite Key Record (Lower Resale Price),,,,
2016-10,ANG MO KIO,2 ROOM,116,ANG MO KIO AVE 4,07 TO 09,44.0,Improved,1978,250000.0,60.0,60,2,60 years 2 months,Duplicate Composite Key Record (Lower Resale Price),,,,
2016-04,GEYLANG,3 ROOM,18,EUNOS CRES,04 TO 06,59.0,Improved,1977,250000.0,60.0,59,8,59 years 8 months,Duplicate Composite Key Record (Lower Resale Price),,,,
2016-05,GEYLANG,3 ROOM,93,PAYA LEBAR WAY,01 TO 03,58.0,Improved,1972,250000.0,55.0,54,7,54 years 7 months,Duplicate Composite Key Record (Lower Resale Price),,,,
2015-05,JURONG WEST,3 ROOM,122,YUAN CHING RD,07 TO 09,61.0,Improved,1974,250000.0,58.0,57,7,57 years 7 months,Duplicate Composite Key Record (Lower Resale Price),,,,
2012-03,WOODLANDS,3 ROOM,18,MARSILING LANE,01 TO 05,60.0,Improved,1987,250000.0,,73,9,73 years 9 months,Duplicate Composite Key Record (Lower Resale Price),,,,
2014-09,WOODLANDS,3 ROOM,15,MARSILING LANE,01 TO 03,65.0,Improved,1976,250000.0,,60,3,60 years 3 months,Duplicate Composite Key Record (Lower Resale Price),,,,
2016-10,SERANGOON,2 ROOM,8,LOR LEW LIAN,07 TO 09,44.0,Improved,1978,250000.0,60.0,60,2,60 years 2 months,Duplicate Composite Key Record (Lower Resale Price),,,,
2014-08,GEYLANG,2 ROOM,81,MACPHERSON LANE,10 TO 12,50.0,Standard,1968,247000.0,,52,4,52 years 4 months,Duplicate Composite Key Record (Lower Resale Price),,,,
2015-11,WOODLANDS,3 ROOM,19,MARSILING LANE,04 TO 06,60.0,Improved,1987,245000.0,70.0,70,1,70 years 1 months,Duplicate Composite Key Record (Lower Resale Price),,,,
2015-08,HOUGANG,3 ROOM,631,HOUGANG AVE 8,04 TO 06,60.0,Improved,1985,245000.0,69.0,68,4,68 years 4 months,Duplicate Composite Key Record (Lower Resale Price),,,,
2015-10,GEYLANG,3 ROOM,21,BALAM RD,04 TO 06,60.3,Standard,1967,245000.0,50.0,50,2,50 years 2 months,Duplicate Composite Key Record (Lower Resale Price),,,,
2015-04,TOA PAYOH,2 ROOM,120,LOR 2 TOA PAYOH,01 TO 03,40.0,Standard,1968,245000.0,52.0,51,8,51 years 8 months,Duplicate Composite Key Record (Lower Resale Price),,,,
2016-03,GEYLANG,2 ROOM,109,ALJUNIED CRES,10 TO 12,45.0,Improved,1986,239888.0,68.0,68,9,68 years 9 months,Duplicate Composite Key Record (Lower Resale Price),,,,
2012-09,BUKIT MERAH,1 ROOM,7,TELOK BLANGAH CRES,01 TO 03,31.0,Improved,1975,238000.0,,61,3,61 years 3 months,Duplicate Composite Key Record (Lower Resale Price),,,,
2016-11,TOA PAYOH,2 ROOM,120,LOR 2 TOA PAYOH,01 TO 03,40.0,Standard,1968,235000.0,50.0,50,1,50 years 1 months,Duplicate Composite Key Record (Lower Resale Price),,,,
2014-01,BUKIT MERAH,1 ROOM,7,TELOK BLANGAH CRES,04 TO 06,31.0,Improved,1975,235000.0,,59,11,59 years 11 months,Duplicate Composite Key Record (Lower Resale Price),,,,
2012-07,BUKIT MERAH,1 ROOM,7,TELOK BLANGAH CRES,10 TO 12,31.0,Improved,1975,233000.0,,61,5,61 years 5 months,Duplicate Composite Key Record (Lower Resale Price),,,,
2016-12,JURONG WEST,3 ROOM,121,YUAN CHING RD,01 TO 03,61.0,Improved,1974,233000.0,56.0,56,0,56 years 0 months,Duplicate Composite Key Record (Lower Resale Price),,,,
2016-12,BEDOK,2 ROOM,114,BEDOK NTH ST 2,10 TO 12,44.0,Improved,1978,230000.0,60.0,60,0,60 years 0 months,Duplicate Composite Key Record (Lower Resale Price),,,,
2016-08,KALLANG/WHAMPOA,3 ROOM,33,JLN BAHAGIA,04 TO 06,56.0,Standard,1970,230000.0,52.0,52,4,52 years 4 months,Duplicate Composite Key Record (Lower Resale Price),,,,
2015-06,JURONG WEST,3 ROOM,209,BOON LAY PL,01 TO 03,65.0,Improved,1976,228000.0,59.0,59,6,59 years 6 months,Duplicate Composite Key Record (Lower Resale Price),,,,
2016-10,ANG MO KIO,2 ROOM,314,ANG MO KIO AVE 3,10 TO 12,44.0,Improved,1978,228000.0,60.0,60,2,60 years 2 months,Duplicate Composite Key Record (Lower Resale Price),,,,
2014-12,BUKIT MERAH,1 ROOM,7,TELOK BLANGAH CRES,10 TO 12,31.0,Improved,1975,228000.0,,59,0,59 years 0 months,Duplicate Composite Key Record (Lower Resale Price),,,,
2014-10,BUKIT MERAH,1 ROOM,7,TELOK BLANGAH CRES,04 TO 06,31.0,Improved,1975,218000.0,,59,2,59 years 2 months,Duplicate Composite Key Record (Lower Resale Price),,,,
2012-09,BUKIT MERAH,1 ROOM,7,TELOK BLANGAH CRES,01 TO 03,31.0,Improved,1975,215500.0,,61,3,61 years 3 months,Duplicate Composite Key Record (Lower Resale Price),,,,
2016-05,BUKIT MERAH,1 ROOM,7,TELOK BLANGAH CRES,07 TO 09,31.0,Improved,1975,215000.0,57.0,57,7,57 years 7 months,Duplicate Composite Key Record (Lower Resale Price),,,,
2015-07,GEYLANG,2 ROOM,63,CIRCUIT RD,01 TO 03,44.0,Standard,1967,215000.0,50.0,50,5,50 years 5 months,Duplicate Composite Key Record (Lower Resale Price),,,,
2014-12,BUKIT MERAH,1 ROOM,7,TELOK BLANGAH CRES,10 TO 12,31.0,Improved,1975,200000.0,,59,0,59 years 0 months,Duplicate Composite Key Record (Lower Resale Price),,,,
2016-12,KALLANG/WHAMPOA,3 ROOM,57,JLN MA'MOR,01 TO 03,259.0,Terrace,1972,1150000.0,54.0,54,0,54 years 0 months,Statistical Price Anomaly (Grouped IQR Outlier),True,4440.15444015444,-0.30805868178717993,False
2016-08,KALLANG/WHAMPOA,5 ROOM,8,BOON KENG RD,28 TO 30,119.0,DBSS,2011,1100000.0,93.0,93,4,93 years 4 months,Statistical Price Anomaly (Grouped IQR Outlier),True,9243.697478991597,4.5926048702443785,True
2014-10,BISHAN,EXECUTIVE,194,BISHAN ST 13,22 TO 24,150.0,Maisonette,1987,1088888.0,,71,2,71 years 2 months,Statistical Price Anomaly (Grouped IQR Outlier),True,7259.253333333333,2.5680382082947624,False
2015-03,KALLANG/WHAMPOA,3 ROOM,53,JLN MA'MOR,01 TO 03,280.0,Terrace,1972,1060000.0,56.0,55,9,55 years 9 months,Statistical Price Anomaly (Grouped IQR Outlier),True,3785.714285714286,-0.9757306451526137,False
2016-08,BISHAN,EXECUTIVE,187,BISHAN ST 13,07 TO 09,153.0,Maisonette,1987,1050000.0,69.0,69,4,69 years 4 months,Statistical Price Anomaly (Grouped IQR Outlier),True,6862.745098039216,2.16351316478508,False
2015-04,BISHAN,EXECUTIVE,192,BISHAN ST 13,22 TO 24,149.0,Maisonette,1987,1050000.0,71.0,70,8,70 years 8 months,Statistical Price Anomaly (Grouped IQR Outlier),True,7046.979865771812,2.3514728861707974,False
2013-11,BISHAN,EXECUTIVE,190,BISHAN ST 13,19 TO 21,150.0,Maisonette,1987,1050000.0,,72,1,72 years 1 months,Statistical Price Anomaly (Grouped IQR Outlier),True,7000.0,2.3035431572174394,False
2016-10,BISHAN,5 ROOM,273B,BISHAN ST 24,40 TO 42,120.0,DBSS,2011,1038000.0,93.0,93,2,93 years 2 months,Statistical Price Anomaly (Grouped IQR Outlier),True,8650.0,3.986903709100733,True
2016-05,KALLANG/WHAMPOA,5 ROOM,9,BOON KENG RD,40 TO 42,119.0,DBSS,2011,1028000.0,93.0,93,7,93 years 7 months,Statistical Price Anomaly (Grouped IQR Outlier),True,8638.655462184874,3.9753298015629563,True
2016-07,KALLANG/WHAMPOA,5 ROOM,7,BOON KENG RD,31 TO 33,117.0,DBSS,2011,1025000.0,93.0,93,5,93 years 5 months,Statistical Price Anomaly (Grouped IQR Outlier),True,8760.68376068376,4.099825331203237,True
2013-04,KALLANG/WHAMPOA,3 ROOM,65,JLN MA'MOR,01 TO 03,266.0,Terrace,1972,1020000.0,,57,8,57 years 8 months,Statistical Price Anomaly (Grouped IQR Outlier),True,3834.5864661654136,-0.9258703417247648,False
2016-08,CLEMENTI,5 ROOM,441A,CLEMENTI AVE 3,16 TO 18,116.0,Improved,2012,1005000.0,94.0,94,4,94 years 4 months,Statistical Price Anomaly (Grouped IQR Outlier),True,8663.793103448275,4.000975688635807,True
2016-03,KALLANG/WHAMPOA,5 ROOM,8,BOON KENG RD,40 TO 42,119.0,DBSS,2011,1004888.0,93.0,93,9,93 years 9 months,Statistical Price Anomaly (Grouped IQR Outlier),True,8444.436974789916,3.7771845045162205,True
2016-11,KALLANG/WHAMPOA,5 ROOM,7,BOON KENG RD,25 TO 27,117.0,DBSS,2011,1000000.0,93.0,93,1,93 years 1 months,Statistical Price Anomaly (Grouped IQR Outlier),True,8547.008547008547,3.8818299217389423,True
2016-11,BISHAN,5 ROOM,273B,BISHAN ST 24,34 TO 36,120.0,DBSS,2011,995000.0,93.0,93,1,93 years 1 months,Statistical Price Anomaly (Grouped IQR Outlier),True,8291.666666666666,3.6213254074291084,True
2013-11,KALLANG/WHAMPOA,3 ROOM,59,JLN MA'MOR,01 TO 03,180.0,Terrace,1972,993888.0,,57,1,57 years 1 months,Statistical Price Anomaly (Grouped IQR Outlier),True,5521.6,0.7952521027300083,False
2012-08,KALLANG/WHAMPOA,3 ROOM,65,JLN MA'MOR,01 TO 03,249.0,Terrace,1972,988888.0,,58,4,58 years 4 months,Statistical Price Anomaly (Grouped IQR Outlier),True,3971.4377510040163,-0.7862521269539479,False
2016-04,QUEENSTOWN,4 ROOM,43,STIRLING RD,01 TO 03,108.0,Terrace,1968,980000.0,51.0,50,8,50 years 8 months,Statistical Price Anomaly (Grouped IQR Outlier),True,9074.074074074075,4.419551931750873,True
2016-09,ANG MO KIO,5 ROOM,588C,ANG MO KIO ST 52,28 TO 30,120.0,DBSS,2011,980000.0,93.0,93,3,93 years 3 months,Statistical Price Anomaly (Grouped IQR Outlier),True,8166.666666666667,3.493798092892496,True
2016-11,BISHAN,5 ROOM,275A,BISHAN ST 24,16 TO 18,120.0,DBSS,2011,980000.0,93.0,93,1,93 years 1 months,Statistical Price Anomaly (Grouped IQR Outlier),True,8166.666666666667,3.493798092892496,True
2016-09,BISHAN,5 ROOM,273A,BISHAN ST 24,22 TO 24,120.0,DBSS,2011,970000.0,93.0,93,3,93 years 3 months,Statistical Price Anomaly (Grouped IQR Outlier),True,8083.333333333333,3.40877988320142,True
2016-06,CLEMENTI,5 ROOM,425,CLEMENTI AVE 1,28 TO 30,117.0,Improved,2013,960000.0,96.0,95,6,95 years 6 months,Statistical Price Anomaly (Grouped IQR Outlier),True,8205.128205128205,3.533037266596069,True
2016-10,BISHAN,5 ROOM,275A,BISHAN ST 24,22 TO 24,120.0,DBSS,2011,960000.0,93.0,93,2,93 years 2 months,Statistical Price Anomaly (Grouped IQR Outlier),True,8000.0,3.3237616735103446,True
2015-06,KALLANG/WHAMPOA,3 ROOM,60,JLN BAHAGIA,01 TO 03,241.0,Terrace,1972,958000.0,56.0,55,6,55 years 6 months,Statistical Price Anomaly (Grouped IQR Outlier),True,3975.103734439834,-0.7825120227723034,False
2016-10,BISHAN,5 ROOM,273A,BISHAN ST 24,34 TO 36,120.0,DBSS,2011,950000.0,93.0,93,2,93 years 2 months,Statistical Price Anomaly (Grouped IQR Outlier),True,7916.666666666667,3.2387434638192696,True
2016-05,QUEENSTOWN,4 ROOM,43,STIRLING RD,01 TO 03,111.0,Terrace,1968,940000.0,51.0,50,7,50 years 7 months,Statistical Price Anomaly (Grouped IQR Outlier),True,8468.468468468469,3.801701879341256,True
2014-08,KALLANG/WHAMPOA,3 ROOM,63,JLN MA'MOR,01 TO 03,118.0,Terrace,1972,940000.0,,56,4,56 years 4 months,Statistical Price Anomaly (Grouped IQR Outlier),True,7966.1016949152545,3.2891779949919413,True
2014-12,ANG MO KIO,EXECUTIVE,611,ANG MO KIO AVE 5,10 TO 12,178.0,Adjoined flat,1980,938000.0,,64,0,64 years 0 months,Statistical Price Anomaly (Grouped IQR Outlier),True,5269.662921348315,0.5382212301488166,False
2013-01,BUKIT BATOK,EXECUTIVE,289D,BT BATOK ST 25,04 TO 06,165.0,Maisonette,1997,938000.0,,82,11,82 years 11 months,Statistical Price Anomaly (Grouped IQR Outlier),True,5684.848484848485,0.9618012297291942,False
2016-02,BEDOK,EXECUTIVE,108,LENGKONG TIGA,07 TO 09,146.0,Maisonette,1989,935000.0,72.0,71,10,71 years 10 months,Statistical Price Anomaly (Grouped IQR Outlier),True,6404.109589041096,1.6956047262757767,False
2014-06,KALLANG/WHAMPOA,3 ROOM,64,JLN MA'MOR,01 TO 03,126.0,Terrace,1972,928000.0,,56,6,56 years 6 months,Statistical Price Anomaly (Grouped IQR Outlier),True,7365.079365079365,2.676003885387865,False
2016-12,BISHAN,5 ROOM,273B,BISHAN ST 24,13 TO 15,120.0,DBSS,2011,928000.0,93.0,93,0,93 years 0 months,Statistical Price Anomaly (Grouped IQR Outlier),True,7733.333333333333,3.051703402498903,True
2013-09,ANG MO KIO,EXECUTIVE,154,ANG MO KIO AVE 5,10 TO 12,163.0,Adjoined flat,1981,928000.0,,66,3,66 years 3 months,Statistical Price Anomaly (Grouped IQR Outlier),True,5693.251533742331,0.9703741758040105,False
2016-09,BEDOK,EXECUTIVE,108,LENGKONG TIGA,04 TO 06,146.0,Maisonette,1989,925000.0,71.0,71,3,71 years 3 months,Statistical Price Anomaly (Grouped IQR Outlier),True,6335.6164383561645,1.6257267457077695,False
2013-10,HOUGANG,EXECUTIVE,237,HOUGANG ST 21,10 TO 12,148.0,Maisonette,1984,920000.0,,69,2,69 years 2 months,Statistical Price Anomaly (Grouped IQR Outlier),True,6216.216216216216,1.5039124282311076,False
2013-06,BISHAN,5 ROOM,192,BISHAN ST 13,19 TO 21,120.0,Improved,1987,920000.0,,72,6,72 years 6 months,Statistical Price Anomaly (Grouped IQR Outlier),True,7666.666666666667,2.9836888347460433,False
2016-12,BISHAN,5 ROOM,275A,BISHAN ST 24,07 TO 09,120.0,DBSS,2011,920000.0,93.0,93,0,93 years 0 months,Statistical Price Anomaly (Grouped IQR Outlier),True,7666.666666666667,2.9836888347460433,False
2016-08,CLEMENTI,5 ROOM,416,CLEMENTI AVE 1,34 TO 36,117.0,Improved,2013,918888.0,96.0,95,4,95 years 4 months,Statistical Price Anomaly (Grouped IQR Outlier),True,7853.74358974359,3.1745481756402234,True
2012-12,KALLANG/WHAMPOA,EXECUTIVE,46,BENDEMEER RD,19 TO 21,146.0,Apartment,1994,918000.0,,80,0,80 years 0 months,Statistical Price Anomaly (Grouped IQR Outlier),True,6287.671232876713,1.5768121593101645,False
2016-04,ANG MO KIO,EXECUTIVE,346,ANG MO KIO AVE 3,04 TO 06,174.0,Adjoined flat,1978,915000.0,61.0,60,8,60 years 8 months,Statistical Price Anomaly (Grouped IQR Outlier),True,5258.620689655172,0.5269557409142762,False
2015-09,ANG MO KIO,5 ROOM,310B,ANG MO KIO AVE 1,22 TO 24,121.0,Improved,2012,910000.0,96.0,95,3,95 years 3 months,Statistical Price Anomaly (Grouped IQR Outlier),True,7520.661157024793,2.8347313103286216,False
2016-09,ANG MO KIO,5 ROOM,588A,ANG MO KIO ST 52,25 TO 27,112.0,DBSS,2011,905000.0,93.0,93,3,93 years 3 months,Statistical Price Anomaly (Grouped IQR Outlier),True,8080.357142857143,3.4057435185695963,True
2015-12,CLEMENTI,4 ROOM,441A,CLEMENTI AVE 3,34 TO 36,93.0,Model A,2012,900000.0,95.0,95,0,95 years 0 months,Statistical Price Anomaly (Grouped IQR Outlier),True,9677.41935483871,5.035095958904896,True
2016-09,CLEMENTI,5 ROOM,416,CLEMENTI AVE 1,22 TO 24,113.0,Improved,2013,900000.0,96.0,95,3,95 years 3 months,Statistical Price Anomaly (Grouped IQR Outlier),True,7964.601769911505,3.287647743730065,True
2016-06,CLEMENTI,4 ROOM,441B,CLEMENTI AVE 3,22 TO 24,96.0,Model A,2012,900000.0,95.0,94,6,94 years 6 months,Statistical Price Anomaly (Grouped IQR Outlier),True,9375.0,4.72656213341309,True
2012-10,HOUGANG,EXECUTIVE,237,HOUGANG ST 21,10 TO 12,147.0,Apartment,1984,900000.0,,70,2,70 years 2 months,Statistical Price Anomaly (Grouped IQR Outlier),True,6122.448979591837,1.4082493572052983,False
2013-10,ANG MO KIO,EXECUTIVE,457,ANG MO KIO AVE 10,13 TO 15,175.0,Adjoined flat,1980,900000.0,,65,2,65 years 2 months,Statistical Price Anomaly (Grouped IQR Outlier),True,5142.857142857143,0.40885162695918675,False
2014-05,KALLANG/WHAMPOA,3 ROOM,65,JLN MA'MOR,01 TO 03,126.0,Terrace,1972,900000.0,,56,7,56 years 7 months,Statistical Price Anomaly (Grouped IQR Outlier),True,7142.857142857143,2.4492886595449974,False
2016-10,ANG MO KIO,5 ROOM,310B,ANG MO KIO AVE 1,16 TO 18,121.0,Improved,2012,898000.0,94.0,94,2,94 years 2 months,Statistical Price Anomaly (Grouped IQR Outlier),True,7421.487603305785,2.7335526144979205,False
2016-07,CLEMENTI,5 ROOM,425,CLEMENTI AVE 1,37 TO 39,113.0,Improved,2013,890000.0,96.0,95,5,95 years 5 months,Statistical Price Anomaly (Grouped IQR Outlier),True,7876.1061946902655,3.197362919279365,True
2015-12,CLEMENTI,4 ROOM,441B,CLEMENTI AVE 3,37 TO 39,96.0,Model A,2012,888888.0,95.0,95,0,95 years 0 months,Statistical Price Anomaly (Grouped IQR Outlier),True,9259.25,4.608471840152186,True
2015-08,CLEMENTI,5 ROOM,114,CLEMENTI ST 13,04 TO 06,154.0,Model A-Maisonette,1984,888000.0,68.0,67,4,67 years 4 months,Statistical Price Anomaly (Grouped IQR Outlier),True,5766.233766233766,1.044832000752166,False
2016-12,ANG MO KIO,5 ROOM,310A,ANG MO KIO AVE 1,28 TO 30,121.0,Improved,2012,888000.0,94.0,94,0,94 years 0 months,Statistical Price Anomaly (Grouped IQR Outlier),True,7338.842975206611,2.649237034639002,False
2015-12,ANG MO KIO,5 ROOM,310A,ANG MO KIO AVE 1,07 TO 09,119.0,Improved,2012,888000.0,95.0,95,0,95 years 0 months,Statistical Price Anomaly (Grouped IQR Outlier),True,7462.18487394958,2.775072723571303,False
2016-10,ANG MO KIO,5 ROOM,588D,ANG MO KIO ST 52,16 TO 18,117.0,DBSS,2011,888000.0,93.0,93,2,93 years 2 months,Statistical Price Anomaly (Grouped IQR Outlier),True,7589.74358974359,2.9052104873388966,False
2016-10,ANG MO KIO,5 ROOM,588A,ANG MO KIO ST 52,28 TO 30,112.0,DBSS,2011,888000.0,93.0,93,2,93 years 2 months,Statistical Price Anomaly (Grouped IQR Outlier),True,7928.571428571428,3.2508889223465656,True
2015-11,CLEMENTI,5 ROOM,114,CLEMENTI ST 13,04 TO 06,142.0,Model A-Maisonette,1984,888000.0,67.0,67,1,67 years 1 months,Statistical Price Anomaly (Grouped IQR Outlier),True,6253.521126760564,1.5419715887171017,False
2016-02,KALLANG/WHAMPOA,4 ROOM,9,BOON KENG RD,37 TO 39,95.0,DBSS,2011,880000.0,94.0,93,10,93 years 10 months,Statistical Price Anomaly (Grouped IQR Outlier),True,9263.157894736842,4.612458746722435,True
2016-05,ANG MO KIO,5 ROOM,310B,ANG MO KIO AVE 1,13 TO 15,121.0,Improved,2012,880000.0,95.0,94,7,94 years 7 months,Statistical Price Anomaly (Grouped IQR Outlier),True,7272.727272727273,2.5817845707518683,False
2012-11,TAMPINES,EXECUTIVE,149,TAMPINES ST 12,07 TO 09,150.0,Maisonette,1984,880000.0,,70,1,70 years 1 months,Statistical Price Anomaly (Grouped IQR Outlier),True,5866.666666666667,1.1472955054188134,False
2016-01,ANG MO KIO,5 ROOM,259,ANG MO KIO AVE 2,22 TO 24,135.0,Model A,1982,880000.0,65.0,64,11,64 years 11 months,Statistical Price Anomaly (Grouped IQR Outlier),True,6518.518518518518,1.812326834557892,False
2016-10,ANG MO KIO,5 ROOM,588C,ANG MO KIO ST 52,16 TO 18,117.0,DBSS,2011,880000.0,93.0,93,2,93 years 2 months,Statistical Price Anomaly (Grouped IQR Outlier),True,7521.3675213675215,2.8354519563103215,False
2012-06,BEDOK,EXECUTIVE,10D,BEDOK STH AVE 2,19 TO 21,145.0,Apartment,1995,880000.0,,81,6,81 years 6 months,Statistical Price Anomaly (Grouped IQR Outlier),True,6068.9655172413795,1.353684538599907,False
2013-06,BEDOK,EXECUTIVE,106,LENGKONG TIGA,07 TO 09,154.0,Maisonette,1989,880000.0,,74,6,74 years 6 months,Statistical Price Anomaly (Grouped IQR Outlier),True,5714.285714285715,0.9918336362694186,False
2016-10,ANG MO KIO,5 ROOM,588B,ANG MO KIO ST 52,19 TO 21,117.0,DBSS,2011,880000.0,93.0,93,2,93 years 2 months,Statistical Price Anomaly (Grouped IQR Outlier),True,7521.3675213675215,2.8354519563103215,False
2016-11,CLEMENTI,5 ROOM,416,CLEMENTI AVE 1,28 TO 30,113.0,Improved,2013,880000.0,95.0,95,1,95 years 1 months,Statistical Price Anomaly (Grouped IQR Outlier),True,7787.6106194690265,3.107078094828666,True
2016-01,QUEENSTOWN,3 ROOM,50,STIRLING RD,01 TO 03,102.0,Terrace,1968,880000.0,51.0,50,11,50 years 11 months,Statistical Price Anomaly (Grouped IQR Outlier),True,8627.450980392157,3.9638987817725604,True
2015-10,ANG MO KIO,5 ROOM,310B,ANG MO KIO AVE 1,10 TO 12,121.0,Improved,2012,878000.0,95.0,95,2,95 years 2 months,Statistical Price Anomaly (Grouped IQR Outlier),True,7256.198347107438,2.5649214547800847,False
2015-02,KALLANG/WHAMPOA,3 ROOM,55,JLN BAHAGIA,01 TO 03,104.0,Terrace,1972,875000.0,56.0,55,10,55 years 10 months,Statistical Price Anomaly (Grouped IQR Outlier),True,8413.461538461539,3.7455827908237582,True
2016-11,ANG MO KIO,5 ROOM,588B,ANG MO KIO ST 52,16 TO 18,120.0,DBSS,2011,870000.0,93.0,93,1,93 years 1 months,Statistical Price Anomaly (Grouped IQR Outlier),True,7250.0,2.5585977862906657,False
2013-04,KALLANG/WHAMPOA,3 ROOM,64,JLN MA'MOR,01 TO 03,126.0,Terrace,1972,868000.0,,57,8,57 years 8 months,Statistical Price Anomaly (Grouped IQR Outlier),True,6888.888888888889,2.190185544296005,False
2016-04,ANG MO KIO,5 ROOM,310A,ANG MO KIO AVE 1,07 TO 09,119.0,Improved,2012,867900.0,95.0,94,8,94 years 8 months,Statistical Price Anomaly (Grouped IQR Outlier),True,7293.27731092437,2.602750100231073,False
2016-08,QUEENSTOWN,3 ROOM,50,STIRLING RD,01 TO 03,102.0,Terrace,1968,860000.0,50.0,50,4,50 years 4 months,Statistical Price Anomaly (Grouped IQR Outlier),True,8431.372549019608,3.7638559354406182,True
2012-06,PASIR RIS,EXECUTIVE,157,PASIR RIS ST 13,07 TO 09,189.0,Maisonette,1995,860000.0,,81,6,81 years 6 months,Statistical Price Anomaly (Grouped IQR Outlier),True,4550.26455026455,-0.1957223086217947,False
2016-07,WOODLANDS,EXECUTIVE,835,WOODLANDS ST 83,10 TO 12,189.0,Apartment,1994,855000.0,76.0,76,5,76 years 5 months,Statistical Price Anomaly (Grouped IQR Outlier),True,4523.809523809524,-0.22271221646023112,False
2012-10,KALLANG/WHAMPOA,3 ROOM,54,JLN MA'MOR,01 TO 03,103.0,Terrace,1972,852000.0,,58,2,58 years 2 months,Statistical Price Anomaly (Grouped IQR Outlier),True,8271.844660194174,3.601102629395794,True
2013-04,KALLANG/WHAMPOA,3 ROOM,57,JLN MA'MOR,01 TO 03,92.0,Terrace,1972,851000.0,,57,8,57 years 8 months,Statistical Price Anomaly (Grouped IQR Outlier),True,9250.0,4.5990348188764765,True
2015-08,QUEENSTOWN,3 ROOM,56,STIRLING RD,01 TO 03,112.0,Terrace,1968,850000.0,51.0,51,4,51 years 4 months,Statistical Price Anomaly (Grouped IQR Outlier),True,7589.285714285715,2.904743354318616,False
2014-07,KALLANG/WHAMPOA,3 ROOM,60,JLN BAHAGIA,01 TO 03,103.0,Terrace,1972,850000.0,,56,5,56 years 5 months,Statistical Price Anomaly (Grouped IQR Outlier),True,8252.42718446602,3.581292561118263,True
2015-11,WOODLANDS,EXECUTIVE,835,WOODLANDS ST 83,07 TO 09,189.0,Apartment,1994,850000.0,77.0,77,1,77 years 1 months,Statistical Price Anomaly (Grouped IQR Outlier),True,4497.354497354498,-0.2497021242986675,False
2016-04,CLEMENTI,4 ROOM,441A,CLEMENTI AVE 3,07 TO 09,92.0,Model A,2012,850000.0,95.0,94,8,94 years 8 months,Statistical Price Anomaly (Grouped IQR Outlier),True,9239.130434782608,4.58794548717764,True
2015-11,CLEMENTI,4 ROOM,441B,CLEMENTI AVE 3,22 TO 24,87.0,Model A,2012,850000.0,95.0,95,1,95 years 1 months,Statistical Price Anomaly (Grouped IQR Outlier),True,9770.114942528735,5.129665713844912,True
2016-04,KALLANG/WHAMPOA,4 ROOM,9,BOON KENG RD,34 TO 36,95.0,DBSS,2011,850000.0,93.0,93,8,93 years 8 months,Statistical Price Anomaly (Grouped IQR Outlier),True,8947.368421052632,4.290284478419413,True
2013-09,WOODLANDS,EXECUTIVE,331,WOODLANDS AVE 1,10 TO 12,192.0,Apartment,1994,850000.0,,79,3,79 years 3 months,Statistical Price Anomaly (Grouped IQR Outlier),True,4427.083333333333,-0.32139406699451545,False
2015-08,KALLANG/WHAMPOA,3 ROOM,38,JLN BAHAGIA,01 TO 03,83.0,Terrace,1972,845888.0,55.0,55,4,55 years 4 months,Statistical Price Anomaly (Grouped IQR Outlier),True,10191.421686746988,5.559490655335453,True
2015-12,WOODLANDS,EXECUTIVE,830,WOODLANDS ST 83,10 TO 12,192.0,Apartment,1994,845000.0,77.0,77,0,77 years 0 months,Statistical Price Anomaly (Grouped IQR Outlier),True,4401.041666666667,-0.34796225752297594,False
2016-05,CLEMENTI,4 ROOM,441B,CLEMENTI AVE 3,25 TO 27,96.0,Model A,2012,845000.0,95.0,94,7,94 years 7 months,Statistical Price Anomaly (Grouped IQR Outlier),True,8802.083333333334,4.142061941786946,True
2014-08,BUKIT BATOK,EXECUTIVE,289C,BT BATOK ST 25,01 TO 03,165.0,Maisonette,1997,840000.0,,81,4,81 years 4 months,Statistical Price Anomaly (Grouped IQR Outlier),True,5090.909090909091,0.3558532624764382,False
2012-10,PASIR RIS,EXECUTIVE,604,ELIAS RD,13 TO 15,154.0,Apartment,1995,840000.0,,81,2,81 years 2 months,Statistical Price Anomaly (Grouped IQR Outlier),True,5454.545454545455,0.7268418138556769,False
2012-01,PASIR RIS,EXECUTIVE,130,PASIR RIS ST 11,07 TO 09,188.0,Maisonette,1994,840000.0,,80,11,80 years 11 months,Statistical Price Anomaly (Grouped IQR Outlier),True,4468.085106382979,-0.2795632989284276,False
2012-11,TAMPINES,EXECUTIVE,151,TAMPINES ST 12,07 TO 09,150.0,Maisonette,1984,840000.0,,70,1,70 years 1 months,Statistical Price Anomaly (Grouped IQR Outlier),True,5600.0,0.8752372344073718,False
2016-08,CLEMENTI,4 ROOM,425,CLEMENTI AVE 1,34 TO 36,99.0,Model A,2013,840000.0,96.0,95,4,95 years 4 months,Statistical Price Anomaly (Grouped IQR Outlier),True,8484.848484848484,3.818413075349328,True
2013-07,BUKIT BATOK,EXECUTIVE,289B,BT BATOK ST 25,13 TO 15,144.0,Apartment,1997,838000.0,,82,5,82 years 5 months,Statistical Price Anomaly (Grouped IQR Outlier),True,5819.444444444444,1.0991185199272038,False
2015-06,KALLANG/WHAMPOA,3 ROOM,50,JLN BAHAGIA,01 TO 03,88.0,Terrace,1972,838000.0,56.0,55,6,55 years 6 months,Statistical Price Anomaly (Grouped IQR Outlier),True,9522.727272727272,4.877276232410905,True
2013-04,TAMPINES,EXECUTIVE,149,TAMPINES ST 12,07 TO 09,150.0,Maisonette,1984,835000.0,,69,8,69 years 8 months,Statistical Price Anomaly (Grouped IQR Outlier),True,5566.666666666667,0.841229950530942,False
2016-12,PUNGGOL,5 ROOM,270A,PUNGGOL FIELD,16 TO 18,149.0,Premium Apartment Loft,2013,835000.0,95.0,95,0,95 years 0 months,Statistical Price Anomaly (Grouped IQR Outlier),True,5604.026845637584,0.8793454968890886,False
2014-03,KALLANG/WHAMPOA,3 ROOM,41,JLN BAHAGIA,01 TO 03,92.0,Terrace,1972,835000.0,,56,9,56 years 9 months,Statistical Price Anomaly (Grouped IQR Outlier),True,9076.08695652174,4.421605511695103,True
2016-11,KALLANG/WHAMPOA,3 ROOM,50,JLN BAHAGIA,01 TO 03,89.0,Terrace,1972,833000.0,54.0,54,1,54 years 1 months,Statistical Price Anomaly (Grouped IQR Outlier),True,9359.550561797752,4.710800330492834,True
2012-01,KALLANG/WHAMPOA,3 ROOM,57,JLN MA'MOR,01 TO 03,128.0,Terrace,1972,830888.0,,58,11,58 years 11 months,Statistical Price Anomaly (Grouped IQR Outlier),True,6491.3125,1.784570750710692,False
2013-06,WOODLANDS,EXECUTIVE,808,WOODLANDS ST 81,04 TO 06,189.0,Apartment,1994,830000.0,,79,6,79 years 6 months,Statistical Price Anomaly (Grouped IQR Outlier),True,4391.534391534392,-0.357661755652414,False
2013-06,TAMPINES,EXECUTIVE,148,TAMPINES AVE 5,04 TO 06,150.0,Maisonette,1985,825000.0,,70,6,70 years 6 months,Statistical Price Anomaly (Grouped IQR Outlier),True,5500.0,0.7732153827780812,False
2012-06,KALLANG/WHAMPOA,3 ROOM,46,JLN BAHAGIA,01 TO 03,92.0,Terrace,1972,825000.0,,58,6,58 years 6 months,Statistical Price Anomaly (Grouped IQR Outlier),True,8967.391304347826,4.310712194706742,True
2013-05,TAMPINES,EXECUTIVE,149,TAMPINES ST 12,07 TO 09,148.0,Apartment,1984,820000.0,,69,7,69 years 7 months,Statistical Price Anomaly (Grouped IQR Outlier),True,5540.540540540541,0.8145755928980642,False
2012-10,PASIR RIS,EXECUTIVE,534,PASIR RIS DR 1,07 TO 09,148.0,Maisonette,1992,820000.0,,78,2,78 years 2 months,Statistical Price Anomaly (Grouped IQR Outlier),True,5540.540540540541,0.8145755928980642,False
2016-05,KALLANG/WHAMPOA,3 ROOM,65,JLN MA'MOR,01 TO 03,127.0,Terrace,1972,820000.0,55.0,54,7,54 years 7 months,Statistical Price Anomaly (Grouped IQR Outlier),True,6456.692913385827,1.7492512074205062,False
2013-11,WOODLANDS,EXECUTIVE,805,WOODLANDS ST 81,07 TO 09,189.0,Apartment,1994,819000.0,,79,1,79 years 1 months,Statistical Price Anomaly (Grouped IQR Outlier),True,4333.333333333333,-0.41703955289697536,False
2016-11,YISHUN,EXECUTIVE,652,YISHUN AVE 4,10 TO 12,181.0,Apartment,1992,818000.0,74.0,74,1,74 years 1 months,Statistical Price Anomaly (Grouped IQR Outlier),True,4519.3370165745855,-0.2272751511555692,False
2013-06,TAMPINES,EXECUTIVE,483,TAMPINES ST 43,01 TO 03,165.0,Apartment,1993,818000.0,,78,6,78 years 6 months,Statistical Price Anomaly (Grouped IQR Outlier),True,4957.575757575758,0.21982412697071782,False
2016-12,BISHAN,4 ROOM,273B,BISHAN ST 24,37 TO 39,95.0,DBSS,2011,818000.0,93.0,93,0,93 years 0 months,Statistical Price Anomaly (Grouped IQR Outlier),True,8610.526315789473,3.946631925562855,True
2016-11,BISHAN,4 ROOM,273A,BISHAN ST 24,34 TO 36,95.0,DBSS,2011,815800.0,93.0,93,1,93 years 1 months,Statistical Price Anomaly (Grouped IQR Outlier),True,8587.368421052632,3.923005812553967,True
2013-04,QUEENSTOWN,3 ROOM,56,STIRLING RD,01 TO 03,108.0,Terrace,1968,815000.0,,53,8,53 years 8 months,Statistical Price Anomaly (Grouped IQR Outlier),True,7546.2962962962965,2.8608847540811566,False
2013-04,WOODLANDS,EXECUTIVE,834,WOODLANDS ST 83,10 TO 12,189.0,Apartment,1994,815000.0,,79,8,79 years 8 months,Statistical Price Anomaly (Grouped IQR Outlier),True,4312.169312169312,-0.4386314791677241,False
2013-04,WOODLANDS,EXECUTIVE,832,WOODLANDS ST 83,07 TO 09,192.0,Apartment,1994,815000.0,,79,8,79 years 8 months,Statistical Price Anomaly (Grouped IQR Outlier),True,4244.791666666667,-0.5073714006937424,False
2016-05,WOODLANDS,EXECUTIVE,807,WOODLANDS ST 81,07 TO 09,192.0,Apartment,1994,815000.0,76.0,76,7,76 years 7 months,Statistical Price Anomaly (Grouped IQR Outlier),True,4244.791666666667,-0.5073714006937424,False
2012-11,KALLANG/WHAMPOA,3 ROOM,56,JLN MA'MOR,01 TO 03,78.0,Terrace,1972,812000.0,,58,1,58 years 1 months,Statistical Price Anomaly (Grouped IQR Outlier),True,10410.25641025641,5.782749892267604,True
2014-10,KALLANG/WHAMPOA,3 ROOM,43,JLN BAHAGIA,01 TO 03,100.0,Terrace,1972,810000.0,,56,2,56 years 2 months,Statistical Price Anomaly (Grouped IQR Outlier),True,8100.0,3.4257835251396354,True
2016-10,BISHAN,4 ROOM,273A,BISHAN ST 24,31 TO 33,95.0,DBSS,2011,810000.0,93.0,93,2,93 years 2 months,Statistical Price Anomaly (Grouped IQR Outlier),True,8526.315789473685,3.8607187873487168,True
2015-05,YISHUN,EXECUTIVE,652,YISHUN AVE 4,07 TO 09,169.0,Apartment,1992,810000.0,76.0,75,7,75 years 7 months,Statistical Price Anomaly (Grouped IQR Outlier),True,4792.899408284024,0.05181826622777233,False
2016-09,BISHAN,4 ROOM,273A,BISHAN ST 24,34 TO 36,95.0,DBSS,2011,810000.0,93.0,93,3,93 years 3 months,Statistical Price Anomaly (Grouped IQR Outlier),True,8526.315789473685,3.8607187873487168,True
2012-07,KALLANG/WHAMPOA,3 ROOM,61,JLN TENTERAM,01 TO 03,94.0,Terrace,1972,810000.0,,58,5,58 years 5 months,Statistical Price Anomaly (Grouped IQR Outlier),True,8617.021276595744,3.953258204840009,True
2012-06,KALLANG/WHAMPOA,3 ROOM,63,JLN MA'MOR,01 TO 03,108.0,Terrace,1972,810000.0,,58,6,58 years 6 months,Statistical Price Anomaly (Grouped IQR Outlier),True,7500.0,2.813652415363892,False
2016-08,CLEMENTI,4 ROOM,421,CLEMENTI AVE 1,34 TO 36,96.0,Model A,2013,805000.0,96.0,95,4,95 years 4 months,Statistical Price Anomaly (Grouped IQR Outlier),True,8385.416666666666,3.716970893331568,True
2016-10,BISHAN,4 ROOM,273A,BISHAN ST 24,25 TO 27,95.0,DBSS,2011,803000.0,93.0,93,2,93 years 2 months,Statistical Price Anomaly (Grouped IQR Outlier),True,8452.631578947368,3.785544791411344,True
2016-08,KALLANG/WHAMPOA,3 ROOM,42,JLN BAHAGIA,01 TO 03,117.0,Terrace,1972,800000.0,54.0,54,4,54 years 4 months,Statistical Price Anomaly (Grouped IQR Outlier),True,6837.606837606838,2.1378666460245745,False
2012-02,KALLANG/WHAMPOA,3 ROOM,53,JLN MA'MOR,01 TO 03,108.0,Terrace,1972,800000.0,,58,10,58 years 10 months,Statistical Price Anomaly (Grouped IQR Outlier),True,7407.407407407408,2.719187737929364,False
2014-08,YISHUN,EXECUTIVE,652,YISHUN AVE 4,07 TO 09,187.0,Apartment,1992,800000.0,,76,4,76 years 4 months,Statistical Price Anomaly (Grouped IQR Outlier),True,4278.07486631016,-0.473415264135977,False
2015-11,BUKIT BATOK,5 ROOM,101,BT BATOK WEST AVE 6,13 TO 15,150.0,Model A,1985,800000.0,68.0,68,1,68 years 1 months,Statistical Price Anomaly (Grouped IQR Outlier),True,5333.333333333333,0.60317896339593,False
2012-09,QUEENSTOWN,3 ROOM,55,STIRLING RD,01 TO 03,87.0,Terrace,1968,795000.0,,54,3,54 years 3 months,Statistical Price Anomaly (Grouped IQR Outlier),True,9137.931034482759,4.484699985153996,True
2015-05,BISHAN,4 ROOM,291,BISHAN ST 24,28 TO 30,122.0,Premium Apartment,1998,792800.0,82.0,81,7,81 years 7 months,Statistical Price Anomaly (Grouped IQR Outlier),True,6498.360655737705,1.791761409700015,False
2016-05,PUNGGOL,5 ROOM,305A,PUNGGOL RD,16 TO 18,147.0,Premium Apartment Loft,2012,788000.0,95.0,94,7,94 years 7 months,Statistical Price Anomaly (Grouped IQR Outlier),True,5360.544217687075,0.6309400114583222,False
2016-11,CLEMENTI,4 ROOM,425,CLEMENTI AVE 1,28 TO 30,100.0,Model A,2013,785000.0,95.0,95,1,95 years 1 months,Statistical Price Anomaly (Grouped IQR Outlier),True,7850.0,3.170728896066409,True
2012-09,KALLANG/WHAMPOA,3 ROOM,39,JLN BAHAGIA,01 TO 03,83.0,Terrace,1972,780000.0,,58,3,58 years 3 months,Statistical Price Anomaly (Grouped IQR Outlier),True,9397.590361445784,4.749609238449827,True
2016-09,PUNGGOL,5 ROOM,305D,PUNGGOL DR,16 TO 18,147.0,Premium Apartment Loft,2012,780000.0,94.0,94,3,94 years 3 months,Statistical Price Anomaly (Grouped IQR Outlier),True,5306.122448979592,0.5754179153335388,False
2013-10,QUEENSTOWN,3 ROOM,56,STIRLING RD,01 TO 03,108.0,Terrace,1968,780000.0,,53,2,53 years 2 months,Statistical Price Anomaly (Grouped IQR Outlier),True,7222.222222222223,2.530258383060308,False
2016-12,YISHUN,EXECUTIVE,664,YISHUN AVE 4,10 TO 12,181.0,Apartment,1992,778000.0,74.0,74,0,74 years 0 months,Statistical Price Anomaly (Grouped IQR Outlier),True,4298.342541436464,-0.45273780668991315,False
2012-12,HOUGANG,5 ROOM,234,HOUGANG AVE 1,04 TO 06,142.0,Model A-Maisonette,1984,778000.0,,70,0,70 years 0 months,Statistical Price Anomaly (Grouped IQR Outlier),True,5478.87323943662,0.751661470462034,False
2016-12,BISHAN,4 ROOM,273A,BISHAN ST 24,16 TO 18,95.0,DBSS,2011,776888.0,93.0,93,0,93 years 0 months,Statistical Price Anomaly (Grouped IQR Outlier),True,8177.768421052631,3.5051243082803927,True
2012-11,QUEENSTOWN,3 ROOM,58,STIRLING RD,01 TO 03,79.0,Terrace,1968,775000.0,,54,1,54 years 1 months,Statistical Price Anomaly (Grouped IQR Outlier),True,9810.12658227848,5.170486329584844,True
2013-04,HOUGANG,5 ROOM,234,HOUGANG AVE 1,04 TO 06,142.0,Model A-Maisonette,1984,773000.0,,69,8,69 years 8 months,Statistical Price Anomaly (Grouped IQR Outlier),True,5443.661971830986,0.7157382832686217,False
2014-05,YISHUN,EXECUTIVE,652,YISHUN AVE 4,07 TO 09,181.0,Apartment,1992,773000.0,,76,7,76 years 7 months,Statistical Price Anomaly (Grouped IQR Outlier),True,4270.718232044199,-0.48092063863170575,False
2016-10,BISHAN,4 ROOM,273B,BISHAN ST 24,28 TO 30,95.0,DBSS,2011,770000.0,93.0,93,2,93 years 2 months,Statistical Price Anomaly (Grouped IQR Outlier),True,8105.263157894737,3.4311530962780186,True
2016-06,KALLANG/WHAMPOA,3 ROOM,49,JLN BAHAGIA,01 TO 03,80.0,Terrace,1972,765888.0,55.0,54,6,54 years 6 months,Statistical Price Anomaly (Grouped IQR Outlier),True,9573.6,4.929177530748861,True
2016-10,CLEMENTI,4 ROOM,421,CLEMENTI AVE 1,34 TO 36,99.0,Model A,2013,765000.0,95.0,95,2,95 years 2 months,Statistical Price Anomaly (Grouped IQR Outlier),True,7727.272727272727,3.0455202599759157,True
2015-03,CHOA CHU KANG,EXECUTIVE,635,CHOA CHU KANG NTH 6,13 TO 15,143.0,Premium Maisonette,1998,763000.0,81.0,81,9,81 years 9 months,Statistical Price Anomaly (Grouped IQR Outlier),True,5335.664335664335,0.6055570951355406,False
2016-11,TAMPINES,5 ROOM,518D,TAMPINES CTRL 7,16 TO 18,109.0,DBSS,2008,760000.0,91.0,90,1,90 years 1 months,Statistical Price Anomaly (Grouped IQR Outlier),True,6972.477064220184,2.2754637485121303,False
2014-01,HOUGANG,5 ROOM,233,HOUGANG ST 21,01 TO 03,139.0,Model A-Maisonette,1984,760000.0,,68,11,68 years 11 months,Statistical Price Anomaly (Grouped IQR Outlier),True,5467.625899280575,0.7401867257757926,False
2016-12,TAMPINES,5 ROOM,167C,SIMEI LANE,10 TO 12,110.0,DBSS,2011,760000.0,93.0,93,0,93 years 0 months,Statistical Price Anomaly (Grouped IQR Outlier),True,6909.090909090909,2.2107960193726295,False
2015-12,KALLANG/WHAMPOA,3 ROOM,59,JLN MA'MOR,01 TO 03,79.0,Terrace,1972,760000.0,55.0,55,0,55 years 0 months,Statistical Price Anomaly (Grouped IQR Outlier),True,9620.253164556962,4.976773953073533,True
2015-11,PUNGGOL,5 ROOM,306A,PUNGGOL PL,16 TO 18,147.0,Premium Apartment Loft,2012,760000.0,95.0,95,1,95 years 1 months,Statistical Price Anomaly (Grouped IQR Outlier),True,5170.068027210885,0.4366126750215789,False
2015-01,KALLANG/WHAMPOA,3 ROOM,44,JLN BAHAGIA,01 TO 03,85.0,Terrace,1972,760000.0,56.0,55,11,55 years 11 months,Statistical Price Anomaly (Grouped IQR Outlier),True,8941.176470588236,4.283967335903668,True
2016-12,TAMPINES,5 ROOM,518A,TAMPINES CTRL 7,16 TO 18,109.0,DBSS,2008,758000.0,91.0,90,0,90 years 0 months,Statistical Price Anomaly (Grouped IQR Outlier),True,6954.128440366972,2.2567441427085906,False
2012-12,TAMPINES,5 ROOM,254,SIMEI ST 1,07 TO 09,118.0,Improved,1996,758000.0,,82,0,82 years 0 months,Statistical Price Anomaly (Grouped IQR Outlier),True,6423.728813559322,1.7156206224045782,False
2014-06,KALLANG/WHAMPOA,3 ROOM,54,JLN MA'MOR,01 TO 03,88.0,Terrace,1972,755000.0,,56,6,56 years 6 months,Statistical Price Anomaly (Grouped IQR Outlier),True,8579.545454545454,3.9150246772710053,True
2016-05,JURONG WEST,EXECUTIVE,469,JURONG WEST ST 41,07 TO 09,157.0,Maisonette,1985,755000.0,68.0,67,7,67 years 7 months,Statistical Price Anomaly (Grouped IQR Outlier),True,4808.91719745223,0.06815991132725206,False
2013-08,CLEMENTI,4 ROOM,460,CLEMENTI AVE 3,25 TO 27,90.0,Model A,2002,753000.0,,87,4,87 years 4 months,Statistical Price Anomaly (Grouped IQR Outlier),True,8366.666666666666,3.697841796151076,True
2012-06,QUEENSTOWN,3 ROOM,53,STIRLING RD,01 TO 03,81.0,Terrace,1968,752800.0,,54,6,54 years 6 months,Statistical Price Anomaly (Grouped IQR Outlier),True,9293.827160493827,4.64374809952882,True
2015-10,KALLANG/WHAMPOA,3 ROOM,49,JLN BAHAGIA,01 TO 03,80.0,Terrace,1972,750800.0,55.0,55,2,55 years 2 months,Statistical Price Anomaly (Grouped IQR Outlier),True,9385.0,4.736764318576019,True
2016-05,HOUGANG,5 ROOM,312,HOUGANG AVE 5,01 TO 03,137.0,Improved-Maisonette,1983,750000.0,65.0,65,7,65 years 7 months,Statistical Price Anomaly (Grouped IQR Outlier),True,5474.4525547445255,0.7471514060844668,False
2016-02,ANG MO KIO,4 ROOM,310B,ANG MO KIO AVE 1,22 TO 24,96.0,Model A,2012,750000.0,95.0,94,10,94 years 10 months,Statistical Price Anomaly (Grouped IQR Outlier),True,7812.5,3.132470701705425,True
2016-11,BISHAN,4 ROOM,290,BISHAN ST 24,28 TO 30,102.0,Premium Apartment,1998,750000.0,80.0,80,1,80 years 1 months,Statistical Price Anomaly (Grouped IQR Outlier),True,7352.941176470588,2.6636202806149356,False
2012-08,JURONG WEST,EXECUTIVE,471,JURONG WEST ST 41,10 TO 12,157.0,Maisonette,1985,750000.0,,71,4,71 years 4 months,Statistical Price Anomaly (Grouped IQR Outlier),True,4777.070063694267,0.03566887577652218,False
2012-08,CLEMENTI,4 ROOM,461,CLEMENTI AVE 3,22 TO 24,90.0,Model A,2006,750000.0,,92,4,92 years 4 months,Statistical Price Anomaly (Grouped IQR Outlier),True,8333.333333333334,3.663834512274647,True
2013-01,CLEMENTI,4 ROOM,461,CLEMENTI AVE 3,19 TO 21,90.0,Model A,2006,750000.0,,91,11,91 years 11 months,Statistical Price Anomaly (Grouped IQR Outlier),True,8333.333333333334,3.663834512274647,True
2016-12,ANG MO KIO,4 ROOM,588D,ANG MO KIO ST 52,22 TO 24,91.0,DBSS,2011,750000.0,93.0,93,0,93 years 0 months,Statistical Price Anomaly (Grouped IQR Outlier),True,8241.758241758242,3.5704079082185194,True
2016-06,TAMPINES,5 ROOM,518B,TAMPINES CTRL 7,16 TO 18,109.0,DBSS,2008,748000.0,91.0,90,6,90 years 6 months,Statistical Price Anomaly (Grouped IQR Outlier),True,6862.385321100917,2.1631461136908925,False
2013-06,JURONG WEST,EXECUTIVE,440,JURONG WEST AVE 1,04 TO 06,148.0,Adjoined flat,1985,748000.0,,70,6,70 years 6 months,Statistical Price Anomaly (Grouped IQR Outlier),True,5054.054054054054,0.3182530714582722,False
2015-12,HOUGANG,5 ROOM,238,HOUGANG AVE 1,10 TO 12,138.0,Model A-Maisonette,1984,748000.0,67.0,67,0,67 years 0 months,Statistical Price Anomaly (Grouped IQR Outlier),True,5420.289855072464,0.691893616986618,False
2016-11,CLEMENTI,4 ROOM,418,CLEMENTI AVE 1,19 TO 21,99.0,Model A,2013,748000.0,95.0,95,1,95 years 1 months,Statistical Price Anomaly (Grouped IQR Outlier),True,7555.555555555556,2.870331221824609,False
2013-05,CLEMENTI,4 ROOM,460,CLEMENTI AVE 3,16 TO 18,90.0,Model A,2002,745000.0,,87,7,87 years 7 months,Statistical Price Anomaly (Grouped IQR Outlier),True,8277.777777777777,3.607155705813929,True
2015-09,TAMPINES,5 ROOM,518B,TAMPINES CTRL 7,16 TO 18,108.0,DBSS,2008,745000.0,92.0,91,3,91 years 3 months,Statistical Price Anomaly (Grouped IQR Outlier),True,6898.148148148148,2.1996320120394577,False
2012-03,BUKIT TIMAH,EXECUTIVE,6,TOH YI DR,06 TO 10,146.0,Maisonette,1989,745000.0,,75,9,75 years 9 months,Statistical Price Anomaly (Grouped IQR Outlier),True,5102.739726027397,0.36792309548363955,False
2013-07,CLEMENTI,4 ROOM,462,CLEMENTI AVE 3,10 TO 12,90.0,Model A,2006,742000.0,,91,5,91 years 5 months,Statistical Price Anomaly (Grouped IQR Outlier),True,8244.444444444445,3.5731484219375003,True
2016-09,TAMPINES,5 ROOM,515B,TAMPINES CTRL 7,13 TO 15,114.0,DBSS,2008,740000.0,91.0,90,3,90 years 3 months,Statistical Price Anomaly (Grouped IQR Outlier),True,6491.228070175439,1.7844846138403474,False
2013-07,CLEMENTI,4 ROOM,462,CLEMENTI AVE 3,13 TO 15,90.0,Model A,2006,740000.0,,91,5,91 years 5 months,Statistical Price Anomaly (Grouped IQR Outlier),True,8222.222222222223,3.550476899353213,True
2015-12,HOUGANG,5 ROOM,231,HOUGANG ST 21,10 TO 12,140.0,Model A-Maisonette,1984,740000.0,67.0,67,0,67 years 0 months,Statistical Price Anomaly (Grouped IQR Outlier),True,5285.714285714285,0.554597129286744,False
2015-02,HOUGANG,5 ROOM,231,HOUGANG ST 21,07 TO 09,152.0,Model A-Maisonette,1984,740000.0,68.0,67,10,67 years 10 months,Statistical Price Anomaly (Grouped IQR Outlier),True,4868.421052631579,0.12886684617203598,False
2016-11,BISHAN,4 ROOM,273A,BISHAN ST 24,04 TO 06,95.0,DBSS,2011,739888.0,93.0,93,1,93 years 1 months,Statistical Price Anomaly (Grouped IQR Outlier),True,7788.2947368421055,3.1077760440399986,True
2012-08,HOUGANG,5 ROOM,234,HOUGANG AVE 1,04 TO 06,142.0,Model A-Maisonette,1984,738000.0,,70,4,70 years 4 months,Statistical Price Anomaly (Grouped IQR Outlier),True,5197.183098591549,0.46427597291473677,False
2016-08,TAMPINES,5 ROOM,168B,SIMEI LANE,10 TO 12,110.0,DBSS,2011,738000.0,93.0,93,4,93 years 4 months,Statistical Price Anomaly (Grouped IQR Outlier),True,6709.090909090909,2.006752316114049,False
2016-03,TAMPINES,5 ROOM,518A,TAMPINES CTRL 7,13 TO 15,109.0,DBSS,2008,738000.0,91.0,90,9,90 years 9 months,Statistical Price Anomaly (Grouped IQR Outlier),True,6770.642201834862,2.069548084673195,False
2012-03,BISHAN,4 ROOM,291,BISHAN ST 24,26 TO 30,122.0,Premium Apartment,1998,737000.0,,84,9,84 years 9 months,Statistical Price Anomaly (Grouped IQR Outlier),True,6040.983606557377,1.3251368751988335,False
2016-08,TAMPINES,5 ROOM,167C,SIMEI LANE,04 TO 06,107.0,DBSS,2011,735888.0,93.0,93,4,93 years 4 months,Statistical Price Anomaly (Grouped IQR Outlier),True,6877.457943925234,2.1785234825853594,False
2016-06,KALLANG/WHAMPOA,3 ROOM,59,JLN MA'MOR,01 TO 03,80.0,Terrace,1972,735000.0,55.0,54,6,54 years 6 months,Statistical Price Anomaly (Grouped IQR Outlier),True,9187.5,4.53527116160817,True
2013-02,KALLANG/WHAMPOA,3 ROOM,49,JLN BAHAGIA,01 TO 03,80.0,Terrace,1972,735000.0,,57,10,57 years 10 months,Statistical Price Anomaly (Grouped IQR Outlier),True,9187.5,4.53527116160817,True
2015-08,JURONG WEST,EXECUTIVE,471,JURONG WEST ST 41,04 TO 06,157.0,Maisonette,1985,735000.0,68.0,68,4,68 years 4 months,Statistical Price Anomaly (Grouped IQR Outlier),True,4681.528662420382,-0.06180423087566653,False
2016-05,TAMPINES,5 ROOM,167A,SIMEI LANE,10 TO 12,107.0,DBSS,2011,735000.0,93.0,93,7,93 years 7 months,Statistical Price Anomaly (Grouped IQR Outlier),True,6869.158878504673,2.170056622375377,False
2012-10,CLEMENTI,4 ROOM,461,CLEMENTI AVE 3,07 TO 09,90.0,Model A,2006,735000.0,,92,2,92 years 2 months,Statistical Price Anomaly (Grouped IQR Outlier),True,8166.666666666667,3.493798092892496,True
2016-02,TAMPINES,5 ROOM,515D,TAMPINES CTRL 7,16 TO 18,109.0,DBSS,2008,733888.0,91.0,90,10,90 years 10 months,Statistical Price Anomaly (Grouped IQR Outlier),True,6732.917431192661,2.031060575141118,False
2012-12,CHOA CHU KANG,EXECUTIVE,604,CHOA CHU KANG ST 62,04 TO 06,151.0,Maisonette,1996,733000.0,,82,0,82 years 0 months,Statistical Price Anomaly (Grouped IQR Outlier),True,4854.304635761589,0.11446501629756292,False
2013-05,CLEMENTI,4 ROOM,460,CLEMENTI AVE 3,22 TO 24,90.0,Model A,2002,733000.0,,87,7,87 years 7 months,Statistical Price Anomaly (Grouped IQR Outlier),True,8144.444444444444,3.4711265703082086,True
2016-05,ANG MO KIO,4 ROOM,308A,ANG MO KIO AVE 1,28 TO 30,96.0,Model A,2012,732888.0,95.0,94,7,94 years 7 months,Statistical Price Anomaly (Grouped IQR Outlier),True,7634.25,2.9506167511762147,False
2016-05,TAMPINES,5 ROOM,167A,SIMEI LANE,10 TO 12,111.0,DBSS,2011,730000.0,93.0,93,7,93 years 7 months,Statistical Price Anomaly (Grouped IQR Outlier),True,6576.576576576576,1.8715587404087315,False
2016-10,BISHAN,4 ROOM,273A,BISHAN ST 24,10 TO 12,95.0,DBSS,2011,730000.0,93.0,93,2,93 years 2 months,Statistical Price Anomaly (Grouped IQR Outlier),True,7684.210526315789,3.0015874052073217,True
2016-04,ANG MO KIO,4 ROOM,310C,ANG MO KIO AVE 1,25 TO 27,96.0,Model A,2012,730000.0,95.0,94,8,94 years 8 months,Statistical Price Anomaly (Grouped IQR Outlier),True,7604.166666666667,2.9199251774777366,False
2016-06,TAMPINES,5 ROOM,168D,SIMEI LANE,07 TO 09,111.0,DBSS,2011,730000.0,93.0,93,6,93 years 6 months,Statistical Price Anomaly (Grouped IQR Outlier),True,6576.576576576576,1.8715587404087315,False
2016-06,TAMPINES,5 ROOM,518C,TAMPINES CTRL 7,16 TO 18,108.0,DBSS,2008,730000.0,91.0,90,6,90 years 6 months,Statistical Price Anomaly (Grouped IQR Outlier),True,6759.259259259259,2.0579349958876656,False
2016-06,TAMPINES,5 ROOM,515A,TAMPINES CTRL 7,13 TO 15,109.0,DBSS,2008,728888.0,91.0,90,6,90 years 6 months,Statistical Price Anomaly (Grouped IQR Outlier),True,6687.045871559633,1.984261560632269,False
2016-11,CLEMENTI,4 ROOM,462,CLEMENTI AVE 3,22 TO 24,90.0,Model A,2006,728000.0,88.0,88,1,88 years 1 months,Statistical Price Anomaly (Grouped IQR Outlier),True,8088.888888888889,3.4144477638474915,True
2016-06,TAMPINES,5 ROOM,168C,SIMEI LANE,10 TO 12,110.0,DBSS,2011,728000.0,93.0,93,6,93 years 6 months,Statistical Price Anomaly (Grouped IQR Outlier),True,6618.181818181818,1.9140051782692389,False
2016-12,TAMPINES,5 ROOM,168C,SIMEI LANE,10 TO 12,107.0,DBSS,2011,728000.0,93.0,93,0,93 years 0 months,Statistical Price Anomaly (Grouped IQR Outlier),True,6803.738317757009,2.1033133549543455,False
2015-05,TAMPINES,5 ROOM,515D,TAMPINES CTRL 7,07 TO 09,109.0,DBSS,2008,728000.0,92.0,91,7,91 years 7 months,Statistical Price Anomaly (Grouped IQR Outlier),True,6678.899082568807,1.975950055655497,False
2015-11,HOUGANG,5 ROOM,231,HOUGANG ST 21,04 TO 06,142.0,Model A-Maisonette,1984,728000.0,67.0,67,1,67 years 1 months,Statistical Price Anomaly (Grouped IQR Outlier),True,5126.760563380281,0.39242959852791204,False
2014-04,TAMPINES,5 ROOM,518B,TAMPINES CTRL 7,13 TO 15,113.0,DBSS,2008,726000.0,,92,8,92 years 8 months,Statistical Price Anomaly (Grouped IQR Outlier),True,6424.778761061947,1.7166917982878922,False
2013-04,CHOA CHU KANG,EXECUTIVE,640,CHOA CHU KANG ST 64,07 TO 09,145.0,Premium Apartment,1998,726000.0,,83,8,83 years 8 months,Statistical Price Anomaly (Grouped IQR Outlier),True,5006.896551724138,0.2701421143991656,False
2015-07,TAMPINES,5 ROOM,518C,TAMPINES CTRL 7,16 TO 18,108.0,DBSS,2008,725888.0,92.0,91,5,91 years 5 months,Statistical Price Anomaly (Grouped IQR Outlier),True,6721.185185185185,2.019091120526588,False
2016-08,ANG MO KIO,4 ROOM,310A,ANG MO KIO AVE 1,22 TO 24,95.0,Model A,2012,725000.0,95.0,94,4,94 years 4 months,Statistical Price Anomaly (Grouped IQR Outlier),True,7631.578947368421,2.9478916938234847,False
2014-09,JURONG WEST,EXECUTIVE,469,JURONG WEST ST 41,13 TO 15,151.0,Maisonette,1985,725000.0,,69,3,69 years 3 months,Statistical Price Anomaly (Grouped IQR Outlier),True,4801.324503311258,0.06041370417608417,False
2016-09,CLEMENTI,4 ROOM,420,CLEMENTI AVE 1,16 TO 18,100.0,Model A,2013,725000.0,96.0,95,3,95 years 3 months,Statistical Price Anomaly (Grouped IQR Outlier),True,7250.0,2.5585977862906657,False
2013-04,KALLANG/WHAMPOA,3 ROOM,50,JLN BAHAGIA,01 TO 03,89.0,Terrace,1972,725000.0,,57,8,57 years 8 months,Statistical Price Anomaly (Grouped IQR Outlier),True,8146.067415730337,3.4727823556654887,True
2016-12,PUNGGOL,5 ROOM,270B,PUNGGOL FIELD,16 TO 18,149.0,Premium Apartment Loft,2013,722800.0,95.0,95,0,95 years 0 months,Statistical Price Anomaly (Grouped IQR Outlier),True,4851.006711409396,0.11110041280812218,False
2016-11,BISHAN,4 ROOM,273B,BISHAN ST 24,07 TO 09,95.0,DBSS,2011,722800.0,93.0,93,1,93 years 1 months,Statistical Price Anomaly (Grouped IQR Outlier),True,7608.421052631579,2.9242655808145965,False
2013-02,CLEMENTI,4 ROOM,462,CLEMENTI AVE 3,04 TO 06,90.0,Model A,2006,720000.0,,91,10,91 years 10 months,Statistical Price Anomaly (Grouped IQR Outlier),True,8000.0,3.3237616735103446,True
2012-07,CLEMENTI,4 ROOM,462,CLEMENTI AVE 3,19 TO 21,90.0,Model A,2006,720000.0,,92,5,92 years 5 months,Statistical Price Anomaly (Grouped IQR Outlier),True,8000.0,3.3237616735103446,True
2014-09,QUEENSTOWN,3 ROOM,57,STIRLING RD,01 TO 03,87.0,Terrace,1968,720000.0,,52,3,52 years 3 months,Statistical Price Anomaly (Grouped IQR Outlier),True,8275.862068965518,3.605201264211837,True
2013-02,CLEMENTI,4 ROOM,457,CLEMENTI AVE 3,07 TO 09,90.0,Model A,2002,720000.0,,87,10,87 years 10 months,Statistical Price Anomaly (Grouped IQR Outlier),True,8000.0,3.3237616735103446,True
2015-10,CLEMENTI,4 ROOM,461,CLEMENTI AVE 3,22 TO 24,90.0,Model A,2006,720000.0,90.0,89,2,89 years 2 months,Statistical Price Anomaly (Grouped IQR Outlier),True,8000.0,3.3237616735103446,True
2014-04,TAMPINES,5 ROOM,518A,TAMPINES CTRL 7,16 TO 18,109.0,DBSS,2008,720000.0,,92,8,92 years 8 months,Statistical Price Anomaly (Grouped IQR Outlier),True,6605.504587155963,1.901071632441339,False
2013-04,JURONG WEST,EXECUTIVE,472,JURONG WEST ST 41,13 TO 15,151.0,Maisonette,1985,720000.0,,70,8,70 years 8 months,Statistical Price Anomaly (Grouped IQR Outlier),True,4768.211920529801,0.02663163410016041,False
2016-07,CLEMENTI,4 ROOM,462,CLEMENTI AVE 3,22 TO 24,90.0,Model A,2006,720000.0,89.0,88,5,88 years 5 months,Statistical Price Anomaly (Grouped IQR Outlier),True,8000.0,3.3237616735103446,True
2014-08,HOUGANG,5 ROOM,238,HOUGANG AVE 1,04 TO 06,136.0,Model A-Maisonette,1984,720000.0,,68,4,68 years 4 months,Statistical Price Anomaly (Grouped IQR Outlier),True,5294.117647058823,0.5631703941295418,False
2015-09,TAMPINES,5 ROOM,515D,TAMPINES CTRL 7,13 TO 15,110.0,DBSS,2008,720000.0,92.0,91,3,91 years 3 months,Statistical Price Anomaly (Grouped IQR Outlier),True,6545.454545454545,1.839807467993391,False
2015-11,TAMPINES,5 ROOM,515D,TAMPINES CTRL 7,07 TO 09,109.0,DBSS,2008,720000.0,92.0,91,1,91 years 1 months,Statistical Price Anomaly (Grouped IQR Outlier),True,6605.504587155963,1.901071632441339,False
2012-08,HOUGANG,5 ROOM,234,HOUGANG AVE 1,10 TO 12,142.0,Model A-Maisonette,1984,720000.0,,70,4,70 years 4 months,Statistical Price Anomaly (Grouped IQR Outlier),True,5070.422535211268,0.3349524990184533,False
2016-10,TAMPINES,5 ROOM,168C,SIMEI LANE,10 TO 12,107.0,DBSS,2011,720000.0,93.0,93,2,93 years 2 months,Statistical Price Anomaly (Grouped IQR Outlier),True,6728.971962616823,2.0270353350445958,False
2016-06,TAMPINES,5 ROOM,168D,SIMEI LANE,10 TO 12,111.0,DBSS,2011,720000.0,93.0,93,6,93 years 6 months,Statistical Price Anomaly (Grouped IQR Outlier),True,6486.486486486487,1.779647162364326,False
2012-11,JURONG WEST,EXECUTIVE,686A,JURONG WEST CTRL 1,16 TO 18,133.0,Premium Apartment,2000,720000.0,,86,1,86 years 1 months,Statistical Price Anomaly (Grouped IQR Outlier),True,5413.533834586467,0.6850009997903492,False
2015-10,TAMPINES,5 ROOM,518C,TAMPINES CTRL 7,10 TO 12,113.0,DBSS,2008,720000.0,92.0,91,2,91 years 2 months,Statistical Price Anomaly (Grouped IQR Outlier),True,6371.6814159292035,1.6625209036174722,False
2016-11,JURONG WEST,EXECUTIVE,469,JURONG WEST ST 41,10 TO 12,151.0,Maisonette,1985,720000.0,67.0,67,1,67 years 1 months,Statistical Price Anomaly (Grouped IQR Outlier),True,4768.211920529801,0.02663163410016041,False
2015-06,QUEENSTOWN,3 ROOM,50,STIRLING RD,01 TO 03,105.0,Terrace,1968,718000.0,52.0,51,6,51 years 6 months,Statistical Price Anomaly (Grouped IQR Outlier),True,6838.0952380952385,2.1383649212462075,False
2016-11,TAMPINES,5 ROOM,515C,TAMPINES CTRL 7,10 TO 12,113.0,DBSS,2008,718000.0,91.0,90,1,90 years 1 months,Statistical Price Anomaly (Grouped IQR Outlier),True,6353.982300884956,1.6444639387273328,False
2013-03,TAMPINES,5 ROOM,243,SIMEI ST 5,07 TO 09,121.0,Improved,1997,718000.0,,82,9,82 years 9 months,Statistical Price Anomaly (Grouped IQR Outlier),True,5933.884297520661,1.2158721770373992,False
2016-04,HOUGANG,5 ROOM,838,HOUGANG CTRL,16 TO 18,116.0,Improved,1997,718000.0,79.0,79,8,79 years 8 months,Statistical Price Anomaly (Grouped IQR Outlier),True,6189.6551724137935,1.4768143595318095,False
2015-04,TAMPINES,5 ROOM,515B,TAMPINES CTRL 7,10 TO 12,113.0,DBSS,2008,715000.0,92.0,91,8,91 years 8 months,Statistical Price Anomaly (Grouped IQR Outlier),True,6327.433628318584,1.6173784913921223,False
2014-02,CLEMENTI,4 ROOM,117,CLEMENTI ST 13,13 TO 15,104.0,Model A,1984,715000.0,,68,10,68 years 10 months,Statistical Price Anomaly (Grouped IQR Outlier),True,6875.0,2.176015842680826,False
2015-08,TAMPINES,5 ROOM,518B,TAMPINES CTRL 7,10 TO 12,109.0,DBSS,2008,715000.0,92.0,91,4,91 years 4 months,Statistical Price Anomaly (Grouped IQR Outlier),True,6559.633027522936,1.85427261793249,False
2014-08,TAMPINES,5 ROOM,518C,TAMPINES CTRL 7,16 TO 18,113.0,DBSS,2008,715000.0,,92,4,92 years 4 months,Statistical Price Anomaly (Grouped IQR Outlier),True,6327.433628318584,1.6173784913921223,False
2016-10,TAMPINES,5 ROOM,167A,SIMEI LANE,10 TO 12,107.0,DBSS,2011,715000.0,93.0,93,2,93 years 2 months,Statistical Price Anomaly (Grouped IQR Outlier),True,6682.242990654206,1.979361572601002,False
2016-11,HOUGANG,5 ROOM,120,HOUGANG AVE 1,01 TO 03,133.0,Improved-Maisonette,1983,715000.0,65.0,65,1,65 years 1 months,Statistical Price Anomaly (Grouped IQR Outlier),True,5375.93984962406,0.6466469202304651,False
2016-02,TAMPINES,5 ROOM,518C,TAMPINES CTRL 7,10 TO 12,108.0,DBSS,2008,715000.0,91.0,90,10,90 years 10 months,Statistical Price Anomaly (Grouped IQR Outlier),True,6620.37037037037,1.9162379797358735,False
2015-05,HOUGANG,5 ROOM,231,HOUGANG ST 21,04 TO 06,142.0,Model A-Maisonette,1984,713000.0,68.0,67,7,67 years 7 months,Statistical Price Anomaly (Grouped IQR Outlier),True,5021.12676056338,0.2846600369476758,False
2013-10,CLEMENTI,4 ROOM,460,CLEMENTI AVE 3,16 TO 18,90.0,Model A,2002,711000.0,,87,2,87 years 2 months,Statistical Price Anomaly (Grouped IQR Outlier),True,7900.0,3.2217398218810542,True
2012-08,HOUGANG,5 ROOM,837,HOUGANG CTRL,16 TO 18,117.0,Improved,1997,710000.0,,83,4,83 years 4 months,Statistical Price Anomaly (Grouped IQR Outlier),True,6068.376068376068,1.3530831719531087,False
2014-12,CLEMENTI,4 ROOM,457,CLEMENTI AVE 3,22 TO 24,90.0,Model A,2002,710000.0,,86,0,86 years 0 months,Statistical Price Anomaly (Grouped IQR Outlier),True,7888.888888888889,3.2104040605889104,True
2014-06,TAMPINES,5 ROOM,515B,TAMPINES CTRL 7,13 TO 15,113.0,DBSS,2008,710000.0,,92,6,92 years 6 months,Statistical Price Anomaly (Grouped IQR Outlier),True,6283.185840707964,1.5722360791667724,False
2014-04,TAMPINES,5 ROOM,515D,TAMPINES CTRL 7,07 TO 09,109.0,DBSS,2008,710000.0,,92,8,92 years 8 months,Statistical Price Anomaly (Grouped IQR Outlier),True,6513.761467889908,1.8074736034236412,False
2013-05,CLEMENTI,4 ROOM,457,CLEMENTI AVE 3,13 TO 15,91.0,Model A,2002,710000.0,,87,7,87 years 7 months,Statistical Price Anomaly (Grouped IQR Outlier),True,7802.197802197802,3.1219602087491105,True
2013-02,ANG MO KIO,4 ROOM,596C,ANG MO KIO ST 52,22 TO 24,91.0,Model A,2002,710000.0,,87,10,87 years 10 months,Statistical Price Anomaly (Grouped IQR Outlier),True,7802.197802197802,3.1219602087491105,True
2014-10,TAMPINES,5 ROOM,518C,TAMPINES CTRL 7,10 TO 12,114.0,DBSS,2008,708000.0,,92,2,92 years 2 months,Statistical Price Anomaly (Grouped IQR Outlier),True,6210.526315789473,1.498107486459882,False
2014-06,KALLANG/WHAMPOA,3 ROOM,48,JLN BAHAGIA,01 TO 03,78.0,Terrace,1972,708000.0,,56,6,56 years 6 months,Statistical Price Anomaly (Grouped IQR Outlier),True,9076.923076923076,4.422458537210396,True
2015-12,TAMPINES,5 ROOM,518A,TAMPINES CTRL 7,10 TO 12,109.0,DBSS,2008,708000.0,92.0,91,0,91 years 0 months,Statistical Price Anomaly (Grouped IQR Outlier),True,6495.412844036698,1.7887539976201021,False
2013-09,BUKIT BATOK,4 ROOM,621,BT BATOK CTRL,28 TO 30,90.0,Model A,2003,708000.0,,88,3,88 years 3 months,Statistical Price Anomaly (Grouped IQR Outlier),True,7866.666666666667,3.1877325380046244,True
2015-03,KALLANG/WHAMPOA,3 ROOM,62,JLN MA'MOR,01 TO 03,81.0,Terrace,1972,708000.0,56.0,55,9,55 years 9 months,Statistical Price Anomaly (Grouped IQR Outlier),True,8740.74074074074,4.079479092986571,True
2016-12,BUKIT MERAH,3 ROOM,35,LIM LIAK ST,04 TO 06,88.0,Standard,1973,708000.0,55.0,55,0,55 years 0 months,Statistical Price Anomaly (Grouped IQR Outlier),True,8045.454545454545,3.370135242432749,True
2014-09,TAMPINES,5 ROOM,515D,TAMPINES CTRL 7,10 TO 12,110.0,DBSS,2008,706800.0,,92,3,92 years 3 months,Statistical Price Anomaly (Grouped IQR Outlier),True,6425.454545454545,1.7173812460382423,False
2014-05,HOUGANG,5 ROOM,234,HOUGANG AVE 1,10 TO 12,142.0,Model A-Maisonette,1984,705000.0,,68,7,68 years 7 months,Statistical Price Anomaly (Grouped IQR Outlier),True,4964.788732394366,0.22718293743821616,False
2015-07,HOUGANG,5 ROOM,234,HOUGANG AVE 1,10 TO 12,140.0,Model A-Maisonette,1984,705000.0,68.0,67,5,67 years 5 months,Statistical Price Anomaly (Grouped IQR Outlier),True,5035.714285714285,0.29954250021351764,False
2016-02,TAMPINES,5 ROOM,518C,TAMPINES CTRL 7,16 TO 18,108.0,DBSS,2008,705000.0,91.0,90,10,90 years 10 months,Statistical Price Anomaly (Grouped IQR Outlier),True,6527.777777777777,1.8217733023013447,False
2012-01,KALLANG/WHAMPOA,3 ROOM,59,JLN MA'MOR,01 TO 03,79.0,Terrace,1972,705000.0,,58,11,58 years 11 months,Statistical Price Anomaly (Grouped IQR Outlier),True,8924.050632911392,4.266495239198726,True
2013-05,BEDOK,4 ROOM,221A,BEDOK CTRL,07 TO 09,94.0,Model A,2010,705000.0,,95,7,95 years 7 months,Statistical Price Anomaly (Grouped IQR Outlier),True,7500.0,2.813652415363892,False
2016-10,TAMPINES,5 ROOM,518C,TAMPINES CTRL 7,07 TO 09,108.0,DBSS,2008,703500.0,91.0,90,2,90 years 2 months,Statistical Price Anomaly (Grouped IQR Outlier),True,6513.888888888889,1.8076036006861658,False
2014-04,TAMPINES,5 ROOM,515C,TAMPINES CTRL 7,16 TO 18,113.0,DBSS,2008,703000.0,,92,8,92 years 8 months,Statistical Price Anomaly (Grouped IQR Outlier),True,6221.238938053098,1.5090367020512832,False
2013-05,HOUGANG,5 ROOM,231,HOUGANG ST 21,10 TO 12,142.0,Model A-Maisonette,1984,703000.0,,69,7,69 years 7 months,Statistical Price Anomaly (Grouped IQR Outlier),True,4950.704225352113,0.21281366256085196,False
2016-06,HOUGANG,5 ROOM,231,HOUGANG ST 21,04 TO 06,142.0,Model A-Maisonette,1984,702800.0,67.0,66,6,66 years 6 months,Statistical Price Anomaly (Grouped IQR Outlier),True,4949.295774647887,0.2113767350731146,False
2013-08,BEDOK,4 ROOM,219D,BEDOK CTRL,13 TO 15,97.0,Model A,2010,702000.0,,95,4,95 years 4 months,Statistical Price Anomaly (Grouped IQR Outlier),True,7237.113402061856,2.545450640462149,False
2015-09,BUKIT MERAH,3 ROOM,38,KIM PONG RD,01 TO 03,88.0,Standard,1974,700200.0,57.0,57,3,57 years 3 months,Statistical Price Anomaly (Grouped IQR Outlier),True,7956.818181818182,3.2797067830340603,True
2015-04,BUKIT MERAH,3 ROOM,27,LIM LIAK ST,01 TO 03,88.0,Standard,1973,700100.0,56.0,56,8,56 years 8 months,Statistical Price Anomaly (Grouped IQR Outlier),True,7955.681818181818,3.278547443811,True
2012-08,TAMPINES,5 ROOM,243,SIMEI ST 5,07 TO 09,122.0,Improved,1997,700000.0,,83,4,83 years 4 months,Statistical Price Anomaly (Grouped IQR Outlier),True,5737.704918032787,1.0157263415690176,False
2014-08,TAMPINES,5 ROOM,518B,TAMPINES CTRL 7,07 TO 09,113.0,DBSS,2008,700000.0,,92,4,92 years 4 months,Statistical Price Anomaly (Grouped IQR Outlier),True,6194.690265486725,1.4819512547160727,False
2012-11,SERANGOON,4 ROOM,414,SERANGOON CTRL,10 TO 12,113.0,Model A,1989,700000.0,,75,1,75 years 1 months,Statistical Price Anomaly (Grouped IQR Outlier),True,6194.690265486725,1.4819512547160727,False
2015-04,TAMPINES,5 ROOM,515B,TAMPINES CTRL 7,13 TO 15,108.0,DBSS,2008,700000.0,92.0,91,8,91 years 8 months,Statistical Price Anomaly (Grouped IQR Outlier),True,6481.481481481482,1.7745409635840812,False
2013-05,BUKIT MERAH,3 ROOM,35,LIM LIAK ST,04 TO 06,88.0,Standard,1973,700000.0,,58,7,58 years 7 months,Statistical Price Anomaly (Grouped IQR Outlier),True,7954.545454545455,3.2773881045879403,True
2014-11,TAMPINES,5 ROOM,515D,TAMPINES CTRL 7,16 TO 18,109.0,DBSS,2008,700000.0,,92,1,92 years 1 months,Statistical Price Anomaly (Grouped IQR Outlier),True,6422.018348623853,1.7138755744059433,False
2016-12,HOUGANG,5 ROOM,238,HOUGANG AVE 1,10 TO 12,136.0,Model A-Maisonette,1984,700000.0,66.0,66,0,66 years 0 months,Statistical Price Anomaly (Grouped IQR Outlier),True,5147.058823529412,0.4131382593805852,False
2013-01,HOUGANG,5 ROOM,122,HOUGANG AVE 1,01 TO 03,133.0,Improved-Maisonette,1983,700000.0,,68,11,68 years 11 months,Statistical Price Anomaly (Grouped IQR Outlier),True,5263.1578947368425,0.5315846815508146,False
2016-10,TAMPINES,5 ROOM,515C,TAMPINES CTRL 7,13 TO 15,108.0,DBSS,2008,700000.0,91.0,90,2,90 years 2 months,Statistical Price Anomaly (Grouped IQR Outlier),True,6481.481481481482,1.7745409635840812,False
2016-06,TAMPINES,5 ROOM,515C,TAMPINES CTRL 7,07 TO 09,107.0,DBSS,2008,700000.0,91.0,90,6,90 years 6 months,Statistical Price Anomaly (Grouped IQR Outlier),True,6542.056074766355,1.8363402852702206,False
2013-03,HOUGANG,5 ROOM,122,HOUGANG AVE 1,01 TO 03,133.0,Improved-Maisonette,1983,700000.0,,68,9,68 years 9 months,Statistical Price Anomaly (Grouped IQR Outlier),True,5263.1578947368425,0.5315846815508146,False
2014-04,HOUGANG,5 ROOM,238,HOUGANG AVE 1,04 TO 06,138.0,Model A-Maisonette,1984,700000.0,,68,8,68 years 8 months,Statistical Price Anomaly (Grouped IQR Outlier),True,5072.463768115942,0.33703500262386804,False
2015-11,HOUGANG,5 ROOM,230,HOUGANG AVE 1,07 TO 09,142.0,Model A-Maisonette,1984,700000.0,68.0,67,1,67 years 1 months,Statistical Price Anomaly (Grouped IQR Outlier),True,4929.577464788732,0.1912597502448038,False
2014-07,TAMPINES,5 ROOM,515C,TAMPINES CTRL 7,16 TO 18,108.0,DBSS,2008,700000.0,,92,5,92 years 5 months,Statistical Price Anomaly (Grouped IQR Outlier),True,6481.481481481482,1.7745409635840812,False
2013-02,TAMPINES,5 ROOM,246,SIMEI ST 5,07 TO 09,121.0,Improved,1997,700000.0,,82,10,82 years 10 months,Statistical Price Anomaly (Grouped IQR Outlier),True,5785.123966942148,1.0641041332913472,False
2016-03,TAMPINES,5 ROOM,515C,TAMPINES CTRL 7,07 TO 09,109.0,DBSS,2008,700000.0,91.0,90,9,90 years 9 months,Statistical Price Anomaly (Grouped IQR Outlier),True,6422.018348623853,1.7138755744059433,False
2014-03,TAMPINES,5 ROOM,515D,TAMPINES CTRL 7,16 TO 18,109.0,DBSS,2008,699888.0,,92,9,92 years 9 months,Statistical Price Anomaly (Grouped IQR Outlier),True,6420.9908256880735,1.7128272764809456,False
2013-08,BEDOK,4 ROOM,220B,BEDOK CTRL,16 TO 18,94.0,Model A,2010,699000.0,,95,4,95 years 4 months,Statistical Price Anomaly (Grouped IQR Outlier),True,7436.170212765957,2.748532084536685,False
2015-10,TAMPINES,5 ROOM,518C,TAMPINES CTRL 7,13 TO 15,109.0,DBSS,2008,698000.0,92.0,91,2,91 years 2 months,Statistical Price Anomaly (Grouped IQR Outlier),True,6403.6697247706425,1.6951559686024043,False
2014-04,TAMPINES,5 ROOM,515D,TAMPINES CTRL 7,10 TO 12,110.0,DBSS,2008,698000.0,,92,8,92 years 8 months,Statistical Price Anomaly (Grouped IQR Outlier),True,6345.454545454545,1.63576376473481,False
2012-05,ANG MO KIO,EXECUTIVE,471,ANG MO KIO AVE 10,01 TO 05,162.0,Adjoined flat,1979,698000.0,,65,7,65 years 7 months,Statistical Price Anomaly (Grouped IQR Outlier),True,4308.641975308642,-0.4422301335461825,False
2016-11,TAMPINES,5 ROOM,515D,TAMPINES CTRL 7,13 TO 15,109.0,DBSS,2008,698000.0,91.0,90,1,90 years 1 months,Statistical Price Anomaly (Grouped IQR Outlier),True,6403.6697247706425,1.6951559686024043,False
2016-11,TAMPINES,5 ROOM,168D,SIMEI LANE,04 TO 06,111.0,DBSS,2011,698000.0,93.0,93,1,93 years 1 months,Statistical Price Anomaly (Grouped IQR Outlier),True,6288.288288288289,1.577441690666633,False
2013-06,CHOA CHU KANG,EXECUTIVE,341,CHOA CHU KANG LOOP,10 TO 12,143.0,Apartment,1993,698000.0,,78,6,78 years 6 months,Statistical Price Anomaly (Grouped IQR Outlier),True,4881.118881118881,0.14182140591149311,False
2012-09,BEDOK,4 ROOM,221B,BEDOK CTRL,04 TO 06,97.0,Model A,2010,698000.0,,96,3,96 years 3 months,Statistical Price Anomaly (Grouped IQR Outlier),True,7195.876288659794,2.5033797738108956,False
2012-03,KALLANG/WHAMPOA,3 ROOM,38,JLN BAHAGIA,01 TO 05,83.0,Terrace,1972,698000.0,,58,9,58 years 9 months,Statistical Price Anomaly (Grouped IQR Outlier),True,8409.638554216868,3.741682511509849,True
2015-01,TAMPINES,5 ROOM,518A,TAMPINES CTRL 7,16 TO 18,109.0,DBSS,2008,698000.0,92.0,91,11,91 years 11 months,Statistical Price Anomaly (Grouped IQR Outlier),True,6403.6697247706425,1.6951559686024043,False
2016-08,ANG MO KIO,4 ROOM,310C,ANG MO KIO AVE 1,28 TO 30,96.0,Model A,2012,697000.0,95.0,94,4,94 years 4 months,Statistical Price Anomaly (Grouped IQR Outlier),True,7260.416666666667,2.5692250625020505,False
2016-12,ANG MO KIO,4 ROOM,588D,ANG MO KIO ST 52,07 TO 09,91.0,DBSS,2011,695000.0,93.0,93,0,93 years 0 months,Statistical Price Anomaly (Grouped IQR Outlier),True,7637.3626373626375,2.9537923214480823,False
2016-08,TAMPINES,5 ROOM,168D,SIMEI LANE,04 TO 06,111.0,DBSS,2011,695000.0,93.0,93,4,93 years 4 months,Statistical Price Anomaly (Grouped IQR Outlier),True,6261.261261261261,1.549868217253311,False
2014-09,BEDOK,4 ROOM,220C,BEDOK CTRL,13 TO 15,94.0,Model A,2010,694000.0,,94,3,94 years 3 months,Statistical Price Anomaly (Grouped IQR Outlier),True,7382.978723404255,2.6942651421806794,False
2016-10,BEDOK,4 ROOM,220B,BEDOK CTRL,07 TO 09,94.0,Model A,2010,693100.0,92.0,92,2,92 years 2 months,Statistical Price Anomaly (Grouped IQR Outlier),True,7373.404255319149,2.684497092556599,False
2014-10,TAMPINES,5 ROOM,518D,TAMPINES CTRL 7,13 TO 15,110.0,DBSS,2008,692000.0,,92,2,92 years 2 months,Statistical Price Anomaly (Grouped IQR Outlier),True,6290.909090909091,1.5801154820279246,False
2014-06,TAMPINES,5 ROOM,515D,TAMPINES CTRL 7,10 TO 12,109.0,DBSS,2008,692000.0,,92,6,92 years 6 months,Statistical Price Anomaly (Grouped IQR Outlier),True,6348.623853211009,1.6389971511917854,False
2014-03,BEDOK,4 ROOM,219B,BEDOK CTRL,13 TO 15,97.0,Model A,2010,690000.0,,94,9,94 years 9 months,Statistical Price Anomaly (Grouped IQR Outlier),True,7113.40206185567,2.419238040508387,False
2014-01,HOUGANG,5 ROOM,461,HOUGANG AVE 10,04 TO 06,124.0,Improved,1992,690000.0,,76,11,76 years 11 months,Statistical Price Anomaly (Grouped IQR Outlier),True,5564.5161290322585,0.8390359322163337,False
2014-09,TAMPINES,5 ROOM,515C,TAMPINES CTRL 7,13 TO 15,108.0,DBSS,2008,690000.0,,92,3,92 years 3 months,Statistical Price Anomaly (Grouped IQR Outlier),True,6388.888888888889,1.6800762861495524,False
2016-08,TAMPINES,5 ROOM,518A,TAMPINES CTRL 7,10 TO 12,110.0,DBSS,2008,690000.0,91.0,90,4,90 years 4 months,Statistical Price Anomaly (Grouped IQR Outlier),True,6272.727272727273,1.561566054458963,False
2016-11,TAMPINES,5 ROOM,167A,SIMEI LANE,07 TO 09,107.0,DBSS,2011,690000.0,93.0,93,1,93 years 1 months,Statistical Price Anomaly (Grouped IQR Outlier),True,6448.598130841122,1.740992760383034,False
2014-06,BEDOK,4 ROOM,220B,BEDOK CTRL,13 TO 15,97.0,Model A,2010,690000.0,,94,6,94 years 6 months,Statistical Price Anomaly (Grouped IQR Outlier),True,7113.40206185567,2.419238040508387,False
2015-10,HOUGANG,5 ROOM,238,HOUGANG AVE 1,04 TO 06,138.0,Model A-Maisonette,1984,690000.0,67.0,67,2,67 years 2 months,Statistical Price Anomaly (Grouped IQR Outlier),True,5000.0,0.2631061246316286,False
2013-08,BEDOK,4 ROOM,219D,BEDOK CTRL,13 TO 15,94.0,Model A,2010,690000.0,,95,4,95 years 4 months,Statistical Price Anomaly (Grouped IQR Outlier),True,7340.425531914893,2.650851588295875,False
2012-11,CHOA CHU KANG,EXECUTIVE,457,CHOA CHU KANG AVE 4,10 TO 12,142.0,Premium Apartment,2000,690000.0,,86,1,86 years 1 months,Statistical Price Anomaly (Grouped IQR Outlier),True,4859.154929577465,0.11941337585797994,False
2016-09,BEDOK,4 ROOM,219C,BEDOK CTRL,10 TO 12,97.0,Model A,2010,690000.0,92.0,92,3,92 years 3 months,Statistical Price Anomaly (Grouped IQR Outlier),True,7113.40206185567,2.419238040508387,False
2012-10,TAMPINES,5 ROOM,842D,TAMPINES ST 82,04 TO 06,133.0,Model A,1995,690000.0,,81,2,81 years 2 months,Statistical Price Anomaly (Grouped IQR Outlier),True,5187.9699248120305,0.4548765224310473,False
2015-07,TAMPINES,5 ROOM,515A,TAMPINES CTRL 7,16 TO 18,110.0,DBSS,2008,690000.0,92.0,91,5,91 years 5 months,Statistical Price Anomaly (Grouped IQR Outlier),True,6272.727272727273,1.561566054458963,False
2015-05,TAMPINES,5 ROOM,515B,TAMPINES CTRL 7,10 TO 12,114.0,DBSS,2008,690000.0,92.0,91,7,91 years 7 months,Statistical Price Anomaly (Grouped IQR Outlier),True,6052.631578947368,1.337020352308371,False
2016-06,TAMPINES,5 ROOM,515C,TAMPINES CTRL 7,10 TO 12,108.0,DBSS,2008,690000.0,91.0,90,6,90 years 6 months,Statistical Price Anomaly (Grouped IQR Outlier),True,6388.888888888889,1.6800762861495524,False
2014-12,TAMPINES,5 ROOM,515C,TAMPINES CTRL 7,13 TO 15,108.0,DBSS,2008,690000.0,,92,0,92 years 0 months,Statistical Price Anomaly (Grouped IQR Outlier),True,6388.888888888889,1.6800762861495524,False
2013-09,BUKIT MERAH,3 ROOM,22,TIONG BAHRU RD,01 TO 03,75.0,Standard,1973,690000.0,,58,3,58 years 3 months,Statistical Price Anomaly (Grouped IQR Outlier),True,9200.0,4.548023893061831,True
2012-07,HOUGANG,5 ROOM,231,HOUGANG ST 21,07 TO 09,142.0,Model A-Maisonette,1984,688888.88,,70,5,70 years 5 months,Statistical Price Anomaly (Grouped IQR Outlier),True,4851.330140845071,0.11143038150711133,False
2014-01,HOUGANG,5 ROOM,837,HOUGANG CTRL,10 TO 12,118.0,Improved,1997,688888.0,,81,11,81 years 11 months,Statistical Price Anomaly (Grouped IQR Outlier),True,5838.033898305085,1.118083824963602,False
2015-03,TAMPINES,5 ROOM,515C,TAMPINES CTRL 7,13 TO 15,113.0,DBSS,2008,688888.0,92.0,91,9,91 years 9 months,Statistical Price Anomaly (Grouped IQR Outlier),True,6096.353982300885,1.3816267577864558,False
2016-04,TAMPINES,5 ROOM,168D,SIMEI LANE,04 TO 06,107.0,DBSS,2011,688000.0,93.0,93,8,93 years 8 months,Statistical Price Anomaly (Grouped IQR Outlier),True,6429.906542056075,1.7219232554055959,False
2016-11,BEDOK,4 ROOM,219D,BEDOK CTRL,10 TO 12,94.0,Model A,2010,688000.0,92.0,92,1,92 years 1 months,Statistical Price Anomaly (Grouped IQR Outlier),True,7319.148936170212,2.6291448113534726,False
2014-01,QUEENSTOWN,3 ROOM,55,STIRLING RD,01 TO 03,87.0,Terrace,1968,688000.0,,52,11,52 years 11 months,Statistical Price Anomaly (Grouped IQR Outlier),True,7908.045977011494,3.2299484766098474,True
2015-04,TAMPINES,5 ROOM,518D,TAMPINES CTRL 7,10 TO 12,109.0,DBSS,2008,688000.0,92.0,91,8,91 years 8 months,Statistical Price Anomaly (Grouped IQR Outlier),True,6311.926605504587,1.6015579395847064,False
2012-03,KALLANG/WHAMPOA,3 ROOM,49,JLN BAHAGIA,01 TO 05,80.0,Terrace,1972,688000.0,,58,9,58 years 9 months,Statistical Price Anomaly (Grouped IQR Outlier),True,8600.0,3.935892783286088,True
2015-05,TAMPINES,5 ROOM,518B,TAMPINES CTRL 7,10 TO 12,108.0,DBSS,2008,688000.0,92.0,91,7,91 years 7 months,Statistical Price Anomaly (Grouped IQR Outlier),True,6370.37037037037,1.6611833506626472,False
2013-07,BEDOK,4 ROOM,220C,BEDOK CTRL,04 TO 06,97.0,Model A,2010,688000.0,,95,5,95 years 5 months,Statistical Price Anomaly (Grouped IQR Outlier),True,7092.783505154639,2.3982026071827605,False
2014-06,HOUGANG,5 ROOM,230,HOUGANG AVE 1,04 TO 06,142.0,Model A-Maisonette,1984,688000.0,,68,6,68 years 6 months,Statistical Price Anomaly (Grouped IQR Outlier),True,4845.070422535211,0.1050441009806148,False
2014-04,TAMPINES,5 ROOM,518B,TAMPINES CTRL 7,16 TO 18,108.0,DBSS,2008,688000.0,,92,8,92 years 8 months,Statistical Price Anomaly (Grouped IQR Outlier),True,6370.37037037037,1.6611833506626472,False
2014-04,TAMPINES,5 ROOM,515B,TAMPINES CTRL 7,07 TO 09,113.0,DBSS,2008,688000.0,,92,8,92 years 8 months,Statistical Price Anomaly (Grouped IQR Outlier),True,6088.495575221239,1.3736094653752335,False
2014-09,TAMPINES,5 ROOM,515B,TAMPINES CTRL 7,10 TO 12,114.0,DBSS,2008,688000.0,,92,3,92 years 3 months,Statistical Price Anomaly (Grouped IQR Outlier),True,6035.087719298245,1.3191217818470917,False
2016-10,BEDOK,4 ROOM,220C,BEDOK CTRL,13 TO 15,94.0,Model A,2010,688000.0,92.0,92,2,92 years 2 months,Statistical Price Anomaly (Grouped IQR Outlier),True,7319.148936170212,2.6291448113534726,False
2012-10,CHOA CHU KANG,EXECUTIVE,342,CHOA CHU KANG LOOP,07 TO 09,143.0,Apartment,1993,688000.0,,79,2,79 years 2 months,Statistical Price Anomaly (Grouped IQR Outlier),True,4811.188811188811,0.07047745372317778,False
2013-09,CHOA CHU KANG,EXECUTIVE,351,CHOA CHU KANG CTRL,07 TO 09,143.0,Apartment,1993,687000.0,,78,3,78 years 3 months,Statistical Price Anomaly (Grouped IQR Outlier),True,4804.195804195804,0.06334305850434634,False
2014-11,TAMPINES,5 ROOM,515C,TAMPINES CTRL 7,10 TO 12,114.0,DBSS,2008,686000.0,,92,1,92 years 1 months,Statistical Price Anomaly (Grouped IQR Outlier),True,6017.543859649123,1.3012232113858133,False
2014-05,TAMPINES,5 ROOM,515D,TAMPINES CTRL 7,16 TO 18,109.0,DBSS,2008,686000.0,,92,7,92 years 7 months,Statistical Price Anomaly (Grouped IQR Outlier),True,6293.577981651376,1.5828383337811665,False
2013-09,HOUGANG,5 ROOM,234,HOUGANG AVE 1,04 TO 06,142.0,Model A-Maisonette,1984,686000.0,,69,3,69 years 3 months,Statistical Price Anomaly (Grouped IQR Outlier),True,4830.985915492958,0.09067482610325059,False
2014-04,TAMPINES,5 ROOM,515B,TAMPINES CTRL 7,16 TO 18,108.0,DBSS,2008,685000.0,,92,8,92 years 8 months,Statistical Price Anomaly (Grouped IQR Outlier),True,6342.592592592592,1.6328439474322882,False
2013-01,TAMPINES,5 ROOM,254,SIMEI ST 1,07 TO 09,118.0,Improved,1996,685000.0,,81,11,81 years 11 months,Statistical Price Anomaly (Grouped IQR Outlier),True,5805.0847457627115,1.0844684894437129,False
2013-04,CHOA CHU KANG,EXECUTIVE,342,CHOA CHU KANG LOOP,07 TO 09,143.0,Apartment,1993,685000.0,,78,8,78 years 8 months,Statistical Price Anomaly (Grouped IQR Outlier),True,4790.20979020979,0.049074268066683455,False
2012-04,CHOA CHU KANG,EXECUTIVE,640,CHOA CHU KANG ST 64,16 TO 20,145.0,Premium Apartment,1998,685000.0,,84,8,84 years 8 months,Statistical Price Anomaly (Grouped IQR Outlier),True,4724.137931034483,-0.018333466069862556,False
2013-01,HOUGANG,5 ROOM,466,HOUGANG AVE 8,07 TO 09,125.0,Improved,1992,685000.0,,77,11,77 years 11 months,Statistical Price Anomaly (Grouped IQR Outlier),True,5480.0,0.7528110124522231,False
2014-10,TAMPINES,5 ROOM,518B,TAMPINES CTRL 7,10 TO 12,114.0,DBSS,2008,685000.0,,92,2,92 years 2 months,Statistical Price Anomaly (Grouped IQR Outlier),True,6008.771929824561,1.2922739261551732,False
2013-05,MARINE PARADE,4 ROOM,18,MARINE TER,16 TO 18,88.0,Improved,1975,685000.0,,60,7,60 years 7 months,Statistical Price Anomaly (Grouped IQR Outlier),True,7784.090909090909,3.1034872211289217,True
2013-05,HOUGANG,5 ROOM,131,LOR AH SOO,01 TO 03,144.0,Model A-Maisonette,1984,685000.0,,69,7,69 years 7 months,Statistical Price Anomaly (Grouped IQR Outlier),True,4756.944444444444,0.015136346365991723,False
2014-08,TAMPINES,5 ROOM,245,SIMEI ST 5,07 TO 09,122.0,Improved,1997,683000.0,,81,4,81 years 4 months,Statistical Price Anomaly (Grouped IQR Outlier),True,5598.360655737705,0.8735647450364001,False
2014-03,TAMPINES,5 ROOM,244,SIMEI ST 5,04 TO 06,119.0,Improved,1997,683000.0,,81,9,81 years 9 months,Statistical Price Anomaly (Grouped IQR Outlier),True,5739.495798319328,1.0175534307978111,False
2014-10,TAMPINES,5 ROOM,254,SIMEI ST 1,07 TO 09,117.0,Improved,1996,682500.0,,80,2,80 years 2 months,Statistical Price Anomaly (Grouped IQR Outlier),True,5833.333333333333,1.1132882215423827,False
2012-08,CHOA CHU KANG,EXECUTIVE,640,CHOA CHU KANG ST 64,07 TO 09,145.0,Premium Apartment,1998,682000.0,,84,4,84 years 4 months,Statistical Price Anomaly (Grouped IQR Outlier),True,4703.448275862069,-0.039441435372474555,False
2016-12,TAMPINES,5 ROOM,167A,SIMEI LANE,04 TO 06,111.0,DBSS,2011,682000.0,93.0,93,0,93 years 0 months,Statistical Price Anomaly (Grouped IQR Outlier),True,6144.144144144144,1.430383165795583,False
2016-03,TAMPINES,5 ROOM,518A,TAMPINES CTRL 7,07 TO 09,110.0,DBSS,2008,682000.0,91.0,90,9,90 years 9 months,Statistical Price Anomaly (Grouped IQR Outlier),True,6200.0,1.487368344183115,False
2015-07,BEDOK,4 ROOM,221C,BEDOK CTRL,13 TO 15,94.0,Model A,2010,681168.0,93.0,93,5,93 years 5 months,Statistical Price Anomaly (Grouped IQR Outlier),True,7246.468085106383,2.554994461318227,False
2013-05,BEDOK,4 ROOM,221A,BEDOK CTRL,07 TO 09,97.0,Model A,2010,681000.0,,95,7,95 years 7 months,Statistical Price Anomaly (Grouped IQR Outlier),True,7020.618556701031,2.324578590543066,False
2014-04,TAMPINES,5 ROOM,515A,TAMPINES CTRL 7,13 TO 15,109.0,DBSS,2008,680000.0,,92,8,92 years 8 months,Statistical Price Anomaly (Grouped IQR Outlier),True,6238.532110091744,1.5266795163705484,False
2014-08,TAMPINES,5 ROOM,518B,TAMPINES CTRL 7,16 TO 18,107.0,DBSS,2008,680000.0,,92,4,92 years 4 months,Statistical Price Anomaly (Grouped IQR Outlier),True,6355.140186915888,1.6456452354958464,False
2013-07,SENGKANG,5 ROOM,269B,COMPASSVALE LINK,16 TO 18,110.0,Premium Apartment,2006,680000.0,,91,5,91 years 5 months,Statistical Price Anomaly (Grouped IQR Outlier),True,6181.818181818182,1.4688189166141532,False
2013-10,BEDOK,4 ROOM,219A,BEDOK CTRL,10 TO 12,97.0,Model A,2010,680000.0,,95,2,95 years 2 months,Statistical Price Anomaly (Grouped IQR Outlier),True,7010.309278350515,2.3140608738802526,False
2016-12,SERANGOON,4 ROOM,257,SERANGOON CTRL DR,13 TO 15,99.0,Model A,1999,680000.0,81.0,81,0,81 years 0 months,Statistical Price Anomaly (Grouped IQR Outlier),True,6868.686868686868,2.169575069219381,False
2013-08,ANG MO KIO,4 ROOM,596C,ANG MO KIO ST 52,22 TO 24,90.0,Model A,2002,680000.0,,87,4,87 years 4 months,Statistical Price Anomaly (Grouped IQR Outlier),True,7555.555555555556,2.870331221824609,False
2016-09,TAMPINES,5 ROOM,168D,SIMEI LANE,04 TO 06,111.0,DBSS,2011,680000.0,93.0,93,3,93 years 3 months,Statistical Price Anomaly (Grouped IQR Outlier),True,6126.126126126126,1.412000850186702,False
2013-09,BEDOK,4 ROOM,219C,BEDOK CTRL,10 TO 12,97.0,Model A,2010,680000.0,,95,3,95 years 3 months,Statistical Price Anomaly (Grouped IQR Outlier),True,7010.309278350515,2.3140608738802526,False
2012-05,CHOA CHU KANG,EXECUTIVE,631,CHOA CHU KANG NTH 6,06 TO 10,142.0,Premium Apartment,1998,680000.0,,84,7,84 years 7 months,Statistical Price Anomaly (Grouped IQR Outlier),True,4788.732394366197,0.047567001471155175,False
2016-08,ANG MO KIO,4 ROOM,310A,ANG MO KIO AVE 1,16 TO 18,94.0,Model A,2012,680000.0,95.0,94,4,94 years 4 months,Statistical Price Anomaly (Grouped IQR Outlier),True,7234.04255319149,2.542317703583864,False
2012-09,TAMPINES,5 ROOM,842B,TAMPINES ST 82,16 TO 18,132.0,Model A,1995,680000.0,,81,3,81 years 3 months,Statistical Price Anomaly (Grouped IQR Outlier),True,5151.515151515152,0.4176846877063116,False
2015-06,TAMPINES,5 ROOM,518B,TAMPINES CTRL 7,07 TO 09,108.0,DBSS,2008,680000.0,92.0,91,6,91 years 6 months,Statistical Price Anomaly (Grouped IQR Outlier),True,6296.2962962962965,1.5856116087150247,False
2013-05,ANG MO KIO,4 ROOM,353,ANG MO KIO ST 32,22 TO 24,95.0,Model A,2001,680000.0,,86,7,86 years 7 months,Statistical Price Anomaly (Grouped IQR Outlier),True,7157.894736842105,2.4646302913689504,False
2016-08,CLEMENTI,3 ROOM,441B,CLEMENTI AVE 3,22 TO 24,70.0,Model A,2012,680000.0,94.0,94,4,94 years 4 months,Statistical Price Anomaly (Grouped IQR Outlier),True,9714.285714285714,5.072707701441039,True
2012-09,ANG MO KIO,4 ROOM,596C,ANG MO KIO ST 52,28 TO 30,91.0,Model A,2002,680000.0,,88,3,88 years 3 months,Statistical Price Anomaly (Grouped IQR Outlier),True,7472.527472527472,2.7856244341470537,False
2016-09,HOUGANG,5 ROOM,230,HOUGANG AVE 1,04 TO 06,142.0,Model A-Maisonette,1984,680000.0,67.0,66,3,66 years 3 months,Statistical Price Anomaly (Grouped IQR Outlier),True,4788.732394366197,0.047567001471155175,False
2016-06,HOUGANG,5 ROOM,238,HOUGANG AVE 1,01 TO 03,144.0,Model A-Maisonette,1984,680000.0,67.0,66,6,66 years 6 months,Statistical Price Anomaly (Grouped IQR Outlier),True,4722.222222222223,-0.020287907671955867,False
2013-01,CHOA CHU KANG,EXECUTIVE,561,CHOA CHU KANG NTH 6,10 TO 12,154.0,Maisonette,1996,680000.0,,81,11,81 years 11 months,Statistical Price Anomaly (Grouped IQR Outlier),True,4415.584415584415,-0.3331254757992906,False
2014-09,TAMPINES,5 ROOM,515D,TAMPINES CTRL 7,10 TO 12,109.0,DBSS,2008,680000.0,,92,3,92 years 3 months,Statistical Price Anomaly (Grouped IQR Outlier),True,6238.532110091744,1.5266795163705484,False
2013-01,SENGKANG,5 ROOM,268C,COMPASSVALE LINK,16 TO 18,110.0,Premium Apartment,2006,680000.0,,91,11,91 years 11 months,Statistical Price Anomaly (Grouped IQR Outlier),True,6181.818181818182,1.4688189166141532,False
2014-06,TAMPINES,5 ROOM,515B,TAMPINES CTRL 7,07 TO 09,109.0,DBSS,2008,678000.0,,92,6,92 years 6 months,Statistical Price Anomaly (Grouped IQR Outlier),True,6220.183486238532,1.5079599105670085,False
2014-10,TAMPINES,5 ROOM,515C,TAMPINES CTRL 7,07 TO 09,114.0,DBSS,2008,678000.0,,92,2,92 years 2 months,Statistical Price Anomaly (Grouped IQR Outlier),True,5947.368421052632,1.2296289295406968,False
2014-10,TAMPINES,5 ROOM,518B,TAMPINES CTRL 7,13 TO 15,107.0,DBSS,2008,678000.0,,92,2,92 years 2 months,Statistical Price Anomaly (Grouped IQR Outlier),True,6336.448598130841,1.6265757305184083,False
2014-12,TAMPINES,5 ROOM,515A,TAMPINES CTRL 7,10 TO 12,110.0,DBSS,2008,678000.0,,92,0,92 years 0 months,Statistical Price Anomaly (Grouped IQR Outlier),True,6163.636363636364,1.4502694890451915,False
2015-01,TAMPINES,5 ROOM,515C,TAMPINES CTRL 7,10 TO 12,108.0,DBSS,2008,678000.0,92.0,91,11,91 years 11 months,Statistical Price Anomaly (Grouped IQR Outlier),True,6277.777777777777,1.5667186732281184,False
2014-07,TAMPINES,5 ROOM,518C,TAMPINES CTRL 7,04 TO 06,113.0,DBSS,2008,678000.0,,92,5,92 years 5 months,Statistical Price Anomaly (Grouped IQR Outlier),True,6000.0,1.283324640924534,False
2016-05,BEDOK,4 ROOM,221B,BEDOK CTRL,13 TO 15,94.0,Model A,2010,678000.0,93.0,92,7,92 years 7 months,Statistical Price Anomaly (Grouped IQR Outlier),True,7212.765957446809,2.5206109266414622,False
2014-12,BEDOK,4 ROOM,219A,BEDOK CTRL,10 TO 12,97.0,Model A,2010,675888.0,,94,0,94 years 0 months,Statistical Price Anomaly (Grouped IQR Outlier),True,6967.917525773196,2.270812022962764,False
2014-10,BEDOK,4 ROOM,220B,BEDOK CTRL,13 TO 15,97.0,Model A,2010,675000.0,,94,2,94 years 2 months,Statistical Price Anomaly (Grouped IQR Outlier),True,6958.762886597938,2.2614722905661853,False
2014-04,TAMPINES,5 ROOM,518B,TAMPINES CTRL 7,10 TO 12,107.0,DBSS,2008,675000.0,,92,8,92 years 8 months,Statistical Price Anomaly (Grouped IQR Outlier),True,6308.411214953271,1.5979714730522525,False
2014-11,TAMPINES,5 ROOM,518D,TAMPINES CTRL 7,07 TO 09,109.0,DBSS,2008,675000.0,,92,1,92 years 1 months,Statistical Price Anomaly (Grouped IQR Outlier),True,6192.660550458716,1.4798805018616996,False
2012-10,TAMPINES,5 ROOM,243,SIMEI ST 5,07 TO 09,124.0,Improved,1997,675000.0,,83,2,83 years 2 months,Statistical Price Anomaly (Grouped IQR Outlier),True,5443.548387096775,0.7156224020196112,False
2014-02,BEDOK,4 ROOM,221A,BEDOK CTRL,10 TO 12,97.0,Model A,2010,675000.0,,94,10,94 years 10 months,Statistical Price Anomaly (Grouped IQR Outlier),True,6958.762886597938,2.2614722905661853,False
2013-12,BEDOK,4 ROOM,219C,BEDOK CTRL,10 TO 12,94.0,Model A,2010,675000.0,,95,0,95 years 0 months,Statistical Price Anomaly (Grouped IQR Outlier),True,7180.851063829788,2.488050761227859,False
2014-03,TAMPINES,5 ROOM,515D,TAMPINES CTRL 7,01 TO 03,109.0,DBSS,2008,673000.0,,92,9,92 years 9 months,Statistical Price Anomaly (Grouped IQR Outlier),True,6174.311926605505,1.4611608960581597,False
2014-04,TAMPINES,5 ROOM,515A,TAMPINES CTRL 7,07 TO 09,109.0,DBSS,2008,672500.0,,92,8,92 years 8 months,Statistical Price Anomaly (Grouped IQR Outlier),True,6169.724770642202,1.4564809946072752,False
2014-05,TAMPINES,5 ROOM,518B,TAMPINES CTRL 7,13 TO 15,108.0,DBSS,2008,672000.0,,92,7,92 years 7 months,Statistical Price Anomaly (Grouped IQR Outlier),True,6222.222222222223,1.5100398667674022,False
2013-10,ANG MO KIO,4 ROOM,700A,ANG MO KIO AVE 6,19 TO 21,91.0,Model A,2003,672000.0,,88,2,88 years 2 months,Statistical Price Anomaly (Grouped IQR Outlier),True,7384.615384615385,2.6959348942531722,False
2014-03,TAMPINES,5 ROOM,515D,TAMPINES CTRL 7,07 TO 09,109.0,DBSS,2008,671000.0,,92,9,92 years 9 months,Statistical Price Anomaly (Grouped IQR Outlier),True,6155.963302752293,1.4424412902546198,False
2016-05,BEDOK,4 ROOM,219C,BEDOK CTRL,13 TO 15,94.0,Model A,2010,670888.0,93.0,92,7,92 years 7 months,Statistical Price Anomaly (Grouped IQR Outlier),True,7137.106382978724,2.4434216278342795,False
2015-10,TAMPINES,5 ROOM,515A,TAMPINES CTRL 7,07 TO 09,109.0,DBSS,2008,670000.0,92.0,91,2,91 years 2 months,Statistical Price Anomaly (Grouped IQR Outlier),True,6146.788990825688,1.4330814873528506,False
2014-07,HOUGANG,5 ROOM,122,HOUGANG AVE 1,01 TO 03,133.0,Improved-Maisonette,1983,670000.0,,67,5,67 years 5 months,Statistical Price Anomaly (Grouped IQR Outlier),True,5037.5939849624065,0.30146020419151265,False
2013-05,CHOA CHU KANG,5 ROOM,643,CHOA CHU KANG ST 64,07 TO 09,123.0,Premium Apartment,1998,670000.0,,83,7,83 years 7 months,Statistical Price Anomaly (Grouped IQR Outlier),True,5447.154471544715,0.7193013961447162,False
2014-03,TAMPINES,5 ROOM,515C,TAMPINES CTRL 7,01 TO 03,108.0,DBSS,2008,670000.0,,92,9,92 years 9 months,Statistical Price Anomaly (Grouped IQR Outlier),True,6203.7037037037035,1.491146931280496,False
2016-03,HOUGANG,5 ROOM,836,HOUGANG CTRL,10 TO 12,116.0,Improved,1997,670000.0,80.0,79,9,79 years 9 months,Statistical Price Anomaly (Grouped IQR Outlier),True,5775.862068965517,1.0546549734795723,False
2016-01,QUEENSTOWN,5 ROOM,26,DOVER CRES,01 TO 03,123.0,Standard,1978,670000.0,61.0,60,11,60 years 11 months,Statistical Price Anomaly (Grouped IQR Outlier),True,5447.154471544715,0.7193013961447162,False
2014-06,BEDOK,4 ROOM,221B,BEDOK CTRL,04 TO 06,97.0,Model A,2010,670000.0,,94,6,94 years 6 months,Statistical Price Anomaly (Grouped IQR Outlier),True,6907.216494845361,2.2088837072521184,False
2013-09,SEMBAWANG,EXECUTIVE,310,CANBERRA RD,10 TO 12,143.0,Maisonette,1998,670000.0,,83,3,83 years 3 months,Statistical Price Anomaly (Grouped IQR Outlier),True,4685.314685314685,-0.057941660215789094,False
2016-07,KALLANG/WHAMPOA,3 ROOM,56,JLN MA'MOR,01 TO 03,78.0,Terrace,1972,670000.0,55.0,54,5,54 years 5 months,Statistical Price Anomaly (Grouped IQR Outlier),True,8589.74358974359,3.925429003631802,True
2013-08,BEDOK,4 ROOM,219C,BEDOK CTRL,10 TO 12,94.0,Model A,2010,670000.0,,95,4,95 years 4 months,Statistical Price Anomaly (Grouped IQR Outlier),True,7127.659574468085,2.433783818871853,False
2015-07,CLEMENTI,EXECUTIVE,518,WEST COAST RD,10 TO 12,163.0,Adjoined flat,1980,670000.0,63.0,63,5,63 years 5 months,Statistical Price Anomaly (Grouped IQR Outlier),True,4110.429447852761,-0.6444502242178883,False
2016-12,ANG MO KIO,4 ROOM,700B,ANG MO KIO AVE 6,13 TO 15,90.0,Model A,2003,670000.0,85.0,85,0,85 years 0 months,Statistical Price Anomaly (Grouped IQR Outlier),True,7444.444444444444,2.756973608903175,False
2015-03,BUKIT MERAH,3 ROOM,50,MOH GUAN TER,04 TO 06,88.0,Standard,1973,670000.0,56.0,56,9,56 years 9 months,Statistical Price Anomaly (Grouped IQR Outlier),True,7613.636363636364,2.9295863376699045,False
2015-04,QUEENSTOWN,5 ROOM,26,DOVER CRES,01 TO 03,123.0,Standard,1978,670000.0,61.0,61,8,61 years 8 months,Statistical Price Anomaly (Grouped IQR Outlier),True,5447.154471544715,0.7193013961447162,False
2014-09,TAMPINES,5 ROOM,515B,TAMPINES CTRL 7,07 TO 09,108.0,DBSS,2008,669388.0,,92,3,92 years 3 months,Statistical Price Anomaly (Grouped IQR Outlier),True,6198.037037037037,1.4853656930215033,False
2012-10,BUKIT PANJANG,5 ROOM,182,JELEBU RD,19 TO 21,111.0,Premium Apartment,2003,668888.0,,89,2,89 years 2 months,Statistical Price Anomaly (Grouped IQR Outlier),True,6026.018018018018,1.309868704663758,False
2014-08,TAMPINES,5 ROOM,518B,TAMPINES CTRL 7,07 TO 09,114.0,DBSS,2008,668000.0,,92,4,92 years 4 months,Statistical Price Anomaly (Grouped IQR Outlier),True,5859.649122807017,1.1401360772343012,False
2015-04,TAMPINES,5 ROOM,515A,TAMPINES CTRL 7,07 TO 09,110.0,DBSS,2008,668000.0,92.0,91,8,91 years 8 months,Statistical Price Anomaly (Grouped IQR Outlier),True,6072.727272727273,1.3575223512003818,False
2013-09,HOUGANG,5 ROOM,837,HOUGANG CTRL,01 TO 03,118.0,Improved,1997,668000.0,,82,3,82 years 3 months,Statistical Price Anomaly (Grouped IQR Outlier),True,5661.016949152542,0.937487855740498,False
2013-05,TAMPINES,5 ROOM,245,SIMEI ST 5,01 TO 03,119.0,Improved,1997,668000.0,,82,7,82 years 7 months,Statistical Price Anomaly (Grouped IQR Outlier),True,5613.44537815126,0.8889544581558475,False
2014-11,TAMPINES,5 ROOM,515B,TAMPINES CTRL 7,13 TO 15,114.0,DBSS,2008,668000.0,,92,1,92 years 1 months,Statistical Price Anomaly (Grouped IQR Outlier),True,5859.649122807017,1.1401360772343012,False
2016-05,ANG MO KIO,4 ROOM,307A,ANG MO KIO AVE 1,13 TO 15,88.0,Model A,2012,668000.0,95.0,94,7,94 years 7 months,Statistical Price Anomaly (Grouped IQR Outlier),True,7590.909090909091,2.9063995532087015,False
2014-03,TAMPINES,5 ROOM,518C,TAMPINES CTRL 7,13 TO 15,108.0,DBSS,2008,668000.0,,92,9,92 years 9 months,Statistical Price Anomaly (Grouped IQR Outlier),True,6185.185185185185,1.4722539957935905,False
2013-05,SENGKANG,5 ROOM,269B,COMPASSVALE LINK,10 TO 12,111.0,Premium Apartment,2006,668000.0,,91,7,91 years 7 months,Statistical Price Anomaly (Grouped IQR Outlier),True,6018.018018018018,1.301706956533415,False
2012-08,HOUGANG,5 ROOM,312,HOUGANG AVE 5,01 TO 03,137.0,Improved-Maisonette,1983,668000.0,,69,4,69 years 4 months,Statistical Price Anomaly (Grouped IQR Outlier),True,4875.912408759124,0.13650966640550197,False
2013-09,BEDOK,4 ROOM,220C,BEDOK CTRL,10 TO 12,94.0,Model A,2010,668000.0,,95,3,95 years 3 months,Statistical Price Anomaly (Grouped IQR Outlier),True,7106.382978723404,2.4120770419294506,False
2013-12,BUKIT MERAH,3 ROOM,49,KIM PONG RD,01 TO 03,88.0,Standard,1973,668000.0,,58,0,58 years 0 months,Statistical Price Anomaly (Grouped IQR Outlier),True,7590.909090909091,2.9063995532087015,False
2016-09,TAMPINES,5 ROOM,518C,TAMPINES CTRL 7,07 TO 09,108.0,DBSS,2008,667000.0,91.0,90,3,90 years 3 months,Statistical Price Anomaly (Grouped IQR Outlier),True,6175.925925925926,1.4628075280501378,False
2012-07,TAMPINES,5 ROOM,245,SIMEI ST 5,07 TO 09,119.0,Improved,1997,666000.0,,83,5,83 years 5 months,Statistical Price Anomaly (Grouped IQR Outlier),True,5596.638655462185,0.8718079284702528,False
2014-05,TAMPINES,5 ROOM,518B,TAMPINES CTRL 7,13 TO 15,107.0,DBSS,2008,665000.0,,92,7,92 years 7 months,Statistical Price Anomaly (Grouped IQR Outlier),True,6214.953271028037,1.502623948165065,False
2014-05,TAMPINES,5 ROOM,515C,TAMPINES CTRL 7,13 TO 15,107.0,DBSS,2008,665000.0,,92,7,92 years 7 months,Statistical Price Anomaly (Grouped IQR Outlier),True,6214.953271028037,1.502623948165065,False
2016-09,TAMPINES,5 ROOM,167C,SIMEI LANE,01 TO 03,107.0,DBSS,2011,665000.0,93.0,93,3,93 years 3 months,Statistical Price Anomaly (Grouped IQR Outlier),True,6214.953271028037,1.502623948165065,False
2015-12,BEDOK,4 ROOM,221A,BEDOK CTRL,04 TO 06,94.0,Model A,2010,665000.0,93.0,93,0,93 years 0 months,Statistical Price Anomaly (Grouped IQR Outlier),True,7074.468085106383,2.379516876515847,False
2016-03,ANG MO KIO,4 ROOM,307B,ANG MO KIO AVE 1,19 TO 21,97.0,Model A,2012,665000.0,95.0,94,9,94 years 9 months,Statistical Price Anomaly (Grouped IQR Outlier),True,6855.670103092783,2.156295123938051,False
2012-03,BISHAN,EXECUTIVE,245,BISHAN ST 22,01 TO 05,149.0,Maisonette,1992,665000.0,,78,9,78 years 9 months,Statistical Price Anomaly (Grouped IQR Outlier),True,4463.087248322147,-0.2846622062638914,False
2015-05,TAMPINES,5 ROOM,518B,TAMPINES CTRL 7,07 TO 09,108.0,DBSS,2008,665000.0,92.0,91,7,91 years 7 months,Statistical Price Anomaly (Grouped IQR Outlier),True,6157.407407407408,1.4439145925632324,False
2014-05,BEDOK,4 ROOM,219C,BEDOK CTRL,04 TO 06,94.0,Model A,2010,663000.0,,94,7,94 years 7 months,Statistical Price Anomaly (Grouped IQR Outlier),True,7053.191489361702,2.3578100995734452,False
2013-01,BUKIT MERAH,3 ROOM,50,MOH GUAN TER,04 TO 06,88.0,Standard,1973,663000.0,,58,11,58 years 11 months,Statistical Price Anomaly (Grouped IQR Outlier),True,7534.090909090909,2.8484325920556954,False
2015-12,BEDOK,4 ROOM,219B,BEDOK CTRL,10 TO 12,94.0,Model A,2010,663000.0,93.0,93,0,93 years 0 months,Statistical Price Anomaly (Grouped IQR Outlier),True,7053.191489361702,2.3578100995734452,False
2014-08,BEDOK,4 ROOM,219C,BEDOK CTRL,07 TO 09,94.0,Model A,2010,663000.0,,94,4,94 years 4 months,Statistical Price Anomaly (Grouped IQR Outlier),True,7053.191489361702,2.3578100995734452,False
2014-07,TAMPINES,5 ROOM,515D,TAMPINES CTRL 7,07 TO 09,110.0,DBSS,2008,662888.0,,92,5,92 years 5 months,Statistical Price Anomaly (Grouped IQR Outlier),True,6026.254545454545,1.3101100143341147,False
2014-10,TAMPINES,5 ROOM,515A,TAMPINES CTRL 7,10 TO 12,109.0,DBSS,2008,662888.0,,92,2,92 years 2 months,Statistical Price Anomaly (Grouped IQR Outlier),True,6081.54128440367,1.366514569115464,False
2013-10,ANG MO KIO,4 ROOM,596D,ANG MO KIO ST 52,10 TO 12,90.0,Model A,2003,662000.0,,88,2,88 years 2 months,Statistical Price Anomaly (Grouped IQR Outlier),True,7355.555555555556,2.666287518566028,False
2014-12,TAMPINES,5 ROOM,515A,TAMPINES CTRL 7,07 TO 09,109.0,DBSS,2008,662000.0,,92,0,92 years 0 months,Statistical Price Anomaly (Grouped IQR Outlier),True,6073.394495412844,1.3582030641386917,False
2013-07,HOUGANG,5 ROOM,238,HOUGANG AVE 1,01 TO 03,138.0,Model A-Maisonette,1984,661000.0,,69,5,69 years 5 months,Statistical Price Anomaly (Grouped IQR Outlier),True,4789.855072463768,0.048712378454133835,False
2016-11,ANG MO KIO,4 ROOM,351,ANG MO KIO ST 32,28 TO 30,95.0,Model A,2001,660888.0,83.0,83,1,83 years 1 months,Statistical Price Anomaly (Grouped IQR Outlier),True,6956.715789473684,2.2593838041753713,False
2016-07,BUKIT MERAH,3 ROOM,29,LIM LIAK ST,01 TO 03,75.0,Standard,1973,660000.0,55.0,55,5,55 years 5 months,Statistical Price Anomaly (Grouped IQR Outlier),True,8800.0,4.139936486544669,True
2016-10,ANG MO KIO,4 ROOM,310B,ANG MO KIO AVE 1,07 TO 09,87.0,Model A,2012,660000.0,94.0,94,2,94 years 2 months,Statistical Price Anomaly (Grouped IQR Outlier),True,7586.206896551724,2.9016022874581076,False
2013-05,BUKIT MERAH,3 ROOM,41,KIM CHENG ST,04 TO 06,88.0,Standard,1973,660000.0,,58,7,58 years 7 months,Statistical Price Anomaly (Grouped IQR Outlier),True,7500.0,2.813652415363892,False
2016-04,CLEMENTI,3 ROOM,441B,CLEMENTI AVE 3,10 TO 12,70.0,Model A,2012,660000.0,95.0,94,8,94 years 8 months,Statistical Price Anomaly (Grouped IQR Outlier),True,9428.57142857143,4.781216696785925,True
2016-08,KALLANG/WHAMPOA,3 ROOM,38,JLN BAHAGIA,01 TO 03,83.0,Terrace,1972,660000.0,54.0,54,4,54 years 4 months,Statistical Price Anomaly (Grouped IQR Outlier),True,7951.807228915663,3.2745945160986385,True
2013-07,BEDOK,4 ROOM,220C,BEDOK CTRL,04 TO 06,87.0,Model A,2010,660000.0,,95,5,95 years 5 months,Statistical Price Anomaly (Grouped IQR Outlier),True,7586.206896551724,2.9016022874581076,False
2016-07,HOUGANG,5 ROOM,838,HOUGANG CTRL,13 TO 15,118.0,Improved,1997,660000.0,79.0,79,5,79 years 5 months,Statistical Price Anomaly (Grouped IQR Outlier),True,5593.220338983051,0.8683204987036913,False
2016-05,HOUGANG,5 ROOM,461,HOUGANG AVE 10,10 TO 12,124.0,Improved,1992,660000.0,75.0,74,7,74 years 7 months,Statistical Price Anomaly (Grouped IQR Outlier),True,5322.580645161291,0.5922088718228887,False
2012-10,JURONG WEST,5 ROOM,517E,JURONG WEST ST 52,07 TO 09,116.0,Improved,2000,660000.0,,86,2,86 years 2 months,Statistical Price Anomaly (Grouped IQR Outlier),True,5689.6551724137935,0.9667051013853568,False
2012-10,JURONG WEST,5 ROOM,517E,JURONG WEST ST 52,16 TO 18,116.0,Improved,2000,660000.0,,86,2,86 years 2 months,Statistical Price Anomaly (Grouped IQR Outlier),True,5689.6551724137935,0.9667051013853568,False
2012-05,HOUGANG,5 ROOM,231,HOUGANG ST 21,06 TO 10,142.0,Model A-Maisonette,1984,660000.0,,70,7,70 years 7 months,Statistical Price Anomaly (Grouped IQR Outlier),True,4647.887323943662,-0.09612574730249343,False
2015-02,HOUGANG,5 ROOM,837,HOUGANG CTRL,10 TO 12,117.0,Improved,1997,659000.0,81.0,80,10,80 years 10 months,Statistical Price Anomaly (Grouped IQR Outlier),True,5632.478632478633,0.9083725366459451,False
2014-06,HOUGANG,5 ROOM,373,HOUGANG ST 31,16 TO 18,123.0,Improved,2000,658000.0,,84,6,84 years 6 months,Statistical Price Anomaly (Grouped IQR Outlier),True,5349.59349593496,0.619767882360043,False
2013-11,PASIR RIS,5 ROOM,577,PASIR RIS ST 53,10 TO 12,124.0,Improved,1995,658000.0,,80,1,80 years 1 months,Statistical Price Anomaly (Grouped IQR Outlier),True,5306.451612903225,0.5757537344633249,False
2013-11,HOUGANG,5 ROOM,837,HOUGANG CTRL,04 TO 06,119.0,Improved,1997,656000.0,,82,1,82 years 1 months,Statistical Price Anomaly (Grouped IQR Outlier),True,5512.605042016807,0.7860752800422774,False
2016-01,BUKIT MERAH,3 ROOM,46,SENG POH RD,01 TO 03,88.0,Standard,1973,655000.0,56.0,55,11,55 years 11 months,Statistical Price Anomaly (Grouped IQR Outlier),True,7443.181818181818,2.755685454210886,False
2013-10,BUKIT BATOK,4 ROOM,621,BT BATOK CTRL,28 TO 30,90.0,Model A,2003,655000.0,,88,2,88 years 2 months,Statistical Price Anomaly (Grouped IQR Outlier),True,7277.777777777777,2.5869371895210236,False
2014-03,BEDOK,4 ROOM,220B,BEDOK CTRL,07 TO 09,87.0,Model A,2010,655000.0,,94,9,94 years 9 months,Statistical Price Anomaly (Grouped IQR Outlier),True,7528.735632183908,2.8429690393952973,False
2012-08,ANG MO KIO,4 ROOM,596A,ANG MO KIO ST 52,25 TO 27,91.0,Model A,2002,655000.0,,88,4,88 years 4 months,Statistical Price Anomaly (Grouped IQR Outlier),True,7197.802197802198,2.5053446219786735,False
2012-05,HOUGANG,5 ROOM,233,HOUGANG ST 21,01 TO 05,144.0,Model A-Maisonette,1984,655000.0,,70,7,70 years 7 months,Statistical Price Anomaly (Grouped IQR Outlier),True,4548.611111111111,-0.1974091778616966,False
2016-03,HOUGANG,5 ROOM,111,HOUGANG AVE 1,01 TO 03,137.0,Improved-Maisonette,1983,655000.0,66.0,65,9,65 years 9 months,Statistical Price Anomaly (Grouped IQR Outlier),True,4781.021897810219,0.039700610114934316,False
2014-06,BUKIT MERAH,3 ROOM,42,KIM CHENG ST,01 TO 03,88.0,Standard,1973,655000.0,,57,6,57 years 6 months,Statistical Price Anomaly (Grouped IQR Outlier),True,7443.181818181818,2.755685454210886,False
2015-03,BEDOK,4 ROOM,221A,BEDOK CTRL,04 TO 06,97.0,Model A,2010,655000.0,94.0,93,9,93 years 9 months,Statistical Price Anomaly (Grouped IQR Outlier),True,6752.577319587629,2.0511179573099168,False
2014-05,BEDOK,4 ROOM,219C,BEDOK CTRL,13 TO 15,87.0,Model A,2010,652000.0,,94,7,94 years 7 months,Statistical Price Anomaly (Grouped IQR Outlier),True,7494.252873563219,2.8077890905576113,False
2014-02,BEDOK,4 ROOM,221C,BEDOK CTRL,04 TO 06,94.0,Model A,2010,652000.0,,94,10,94 years 10 months,Statistical Price Anomaly (Grouped IQR Outlier),True,6936.170212765957,2.2384228263902326,False
2014-08,JURONG WEST,5 ROOM,517A,JURONG WEST ST 52,13 TO 15,116.0,Improved,2000,651000.0,,84,4,84 years 4 months,Statistical Price Anomaly (Grouped IQR Outlier),True,5612.068965517241,0.8875502165005615,False
2016-08,BEDOK,4 ROOM,220A,BEDOK CTRL,04 TO 06,97.0,Model A,2010,650888.0,92.0,92,4,92 years 4 months,Statistical Price Anomaly (Grouped IQR Outlier),True,6710.18556701031,2.0078691063924277,False
2013-09,ANG MO KIO,4 ROOM,700B,ANG MO KIO AVE 6,22 TO 24,90.0,Model A,2003,650000.0,,88,3,88 years 3 months,Statistical Price Anomaly (Grouped IQR Outlier),True,7222.222222222223,2.530258383060308,False
2014-06,BUKIT MERAH,3 ROOM,45,KIM CHENG ST,01 TO 03,75.0,Standard,1973,650000.0,,57,6,57 years 6 months,Statistical Price Anomaly (Grouped IQR Outlier),True,8666.666666666666,4.003907351038948,True
2012-11,BUKIT MERAH,3 ROOM,34,KIM CHENG ST,01 TO 03,88.0,Standard,1973,650000.0,,59,1,59 years 1 months,Statistical Price Anomaly (Grouped IQR Outlier),True,7386.363636363636,2.69771849305788,False
2013-06,HOUGANG,5 ROOM,137,LOR AH SOO,01 TO 03,144.0,Model A-Maisonette,1985,650000.0,,70,6,70 years 6 months,Statistical Price Anomaly (Grouped IQR Outlier),True,4513.888888888889,-0.23283343189964512,False
2014-01,BUKIT MERAH,3 ROOM,21,LIM LIAK ST,01 TO 03,88.0,Standard,1973,650000.0,,57,11,57 years 11 months,Statistical Price Anomaly (Grouped IQR Outlier),True,7386.363636363636,2.69771849305788,False
2014-08,BUKIT MERAH,3 ROOM,50,MOH GUAN TER,01 TO 03,88.0,Standard,1973,650000.0,,57,4,57 years 4 months,Statistical Price Anomaly (Grouped IQR Outlier),True,7386.363636363636,2.69771849305788,False
2013-03,SENGKANG,4 ROOM,277A,COMPASSVALE LINK,13 TO 15,90.0,Premium Apartment,2009,650000.0,,94,9,94 years 9 months,Statistical Price Anomaly (Grouped IQR Outlier),True,7222.222222222223,2.530258383060308,False
2015-02,BUKIT MERAH,3 ROOM,22,TIONG BAHRU RD,04 TO 06,88.0,Standard,1973,650000.0,56.0,56,10,56 years 10 months,Statistical Price Anomaly (Grouped IQR Outlier),True,7386.363636363636,2.69771849305788,False
2015-04,HOUGANG,5 ROOM,836,HOUGANG CTRL,04 TO 06,117.0,Improved,1997,650000.0,81.0,80,8,80 years 8 months,Statistical Price Anomaly (Grouped IQR Outlier),True,5555.555555555556,0.8298941892387983,False
2015-10,BUKIT MERAH,3 ROOM,41,KIM CHENG ST,01 TO 03,88.0,Standard,1973,650000.0,56.0,56,2,56 years 2 months,Statistical Price Anomaly (Grouped IQR Outlier),True,7386.363636363636,2.69771849305788,False
2014-06,MARINE PARADE,4 ROOM,18,MARINE TER,13 TO 15,88.0,Improved,1975,650000.0,,59,6,59 years 6 months,Statistical Price Anomaly (Grouped IQR Outlier),True,7386.363636363636,2.69771849305788,False
2016-02,ANG MO KIO,4 ROOM,307A,ANG MO KIO AVE 1,16 TO 18,88.0,Model A,2012,650000.0,95.0,94,10,94 years 10 months,Statistical Price Anomaly (Grouped IQR Outlier),True,7386.363636363636,2.69771849305788,False
2014-07,BUKIT MERAH,3 ROOM,17,TIONG BAHRU RD,04 TO 06,88.0,Standard,1973,650000.0,,57,5,57 years 5 months,Statistical Price Anomaly (Grouped IQR Outlier),True,7386.363636363636,2.69771849305788,False
2015-06,ANG MO KIO,4 ROOM,310B,ANG MO KIO AVE 1,16 TO 18,87.0,Model A,2012,650000.0,96.0,95,6,95 years 6 months,Statistical Price Anomaly (Grouped IQR Outlier),True,7471.264367816092,2.7843357913324867,False
2012-12,ANG MO KIO,4 ROOM,309A,ANG MO KIO ST 31,25 TO 27,95.0,Model A,2006,650000.0,,92,0,92 years 0 months,Statistical Price Anomaly (Grouped IQR Outlier),True,6842.105263157895,2.1424560230659284,False
2016-06,ANG MO KIO,4 ROOM,307C,ANG MO KIO AVE 1,13 TO 15,88.0,Model A,2012,650000.0,95.0,94,6,94 years 6 months,Statistical Price Anomaly (Grouped IQR Outlier),True,7386.363636363636,2.69771849305788,False
2013-09,HOUGANG,5 ROOM,464,UPP SERANGOON RD,07 TO 09,126.0,Improved,1992,649000.0,,77,3,77 years 3 months,Statistical Price Anomaly (Grouped IQR Outlier),True,5150.793650793651,0.41694859931071776,False
2014-06,BEDOK,4 ROOM,221A,BEDOK CTRL,10 TO 12,87.0,Model A,2010,648888.0,,94,6,94 years 6 months,Statistical Price Anomaly (Grouped IQR Outlier),True,7458.482758620689,2.771295756963317,False
2016-12,ANG MO KIO,4 ROOM,307A,ANG MO KIO AVE 1,10 TO 12,95.0,Model A,2012,648000.0,94.0,94,0,94 years 0 months,Statistical Price Anomaly (Grouped IQR Outlier),True,6821.0526315789475,2.1209777385123934,False
2013-01,ANG MO KIO,4 ROOM,315A,ANG MO KIO ST 31,13 TO 15,95.0,Model A,2006,648000.0,,91,11,91 years 11 months,Statistical Price Anomaly (Grouped IQR Outlier),True,6821.0526315789475,2.1209777385123934,False
2014-07,BEDOK,4 ROOM,221A,BEDOK CTRL,07 TO 09,87.0,Model A,2010,648000.0,,94,5,94 years 5 months,Statistical Price Anomaly (Grouped IQR Outlier),True,7448.275862068966,2.7608824921073625,False
2014-08,BUKIT MERAH,3 ROOM,22,TIONG BAHRU RD,04 TO 06,88.0,Standard,1973,648000.0,,57,4,57 years 4 months,Statistical Price Anomaly (Grouped IQR Outlier),True,7363.636363636364,2.6745317085966778,False
2016-05,ANG MO KIO,4 ROOM,596D,ANG MO KIO ST 52,19 TO 21,90.0,Model A,2003,648000.0,85.0,85,7,85 years 7 months,Statistical Price Anomaly (Grouped IQR Outlier),True,7200.0,2.5075868604760205,False
2012-01,PASIR RIS,5 ROOM,577,PASIR RIS ST 53,04 TO 06,135.0,Model A,1995,648000.0,,81,11,81 years 11 months,Statistical Price Anomaly (Grouped IQR Outlier),True,4800.0,0.05906242137304747,False
2012-09,SENGKANG,5 ROOM,269C,COMPASSVALE LINK,10 TO 12,110.0,Premium Apartment,2006,646000.0,,92,3,92 years 3 months,Statistical Price Anomaly (Grouped IQR Outlier),True,5872.727272727273,1.1534786479418009,False
2013-03,ANG MO KIO,4 ROOM,315A,ANG MO KIO ST 31,19 TO 21,95.0,Model A,2006,645000.0,,91,9,91 years 9 months,Statistical Price Anomaly (Grouped IQR Outlier),True,6789.473684210527,2.0887603116820914,False
2015-12,BEDOK,4 ROOM,220B,BEDOK CTRL,04 TO 06,94.0,Model A,2010,645000.0,93.0,93,0,93 years 0 months,Statistical Price Anomaly (Grouped IQR Outlier),True,6861.702127659574,2.1624491070918244,False
2016-02,BEDOK,4 ROOM,221A,BEDOK CTRL,07 TO 09,94.0,Model A,2010,645000.0,93.0,92,10,92 years 10 months,Statistical Price Anomaly (Grouped IQR Outlier),True,6861.702127659574,2.1624491070918244,False
2013-05,CHOA CHU KANG,5 ROOM,632,CHOA CHU KANG NTH 6,10 TO 12,127.0,Premium Apartment,1998,645000.0,,83,7,83 years 7 months,Statistical Price Anomaly (Grouped IQR Outlier),True,5078.740157480315,0.3434382912688655,False
2016-06,BEDOK,4 ROOM,219B,BEDOK CTRL,04 TO 06,97.0,Model A,2010,645000.0,92.0,92,6,92 years 6 months,Statistical Price Anomaly (Grouped IQR Outlier),True,6649.484536082474,1.9459407906817814,False
2016-06,BEDOK,4 ROOM,219D,BEDOK CTRL,04 TO 06,94.0,Model A,2010,645000.0,92.0,92,6,92 years 6 months,Statistical Price Anomaly (Grouped IQR Outlier),True,6861.702127659574,2.1624491070918244,False
2014-03,BUKIT MERAH,3 ROOM,23,LIM LIAK ST,01 TO 03,88.0,Standard,1973,645000.0,,57,9,57 years 9 months,Statistical Price Anomaly (Grouped IQR Outlier),True,7329.545454545455,2.6397515319048743,False
2016-06,BEDOK,4 ROOM,219D,BEDOK CTRL,07 TO 09,94.0,Model A,2010,645000.0,92.0,92,6,92 years 6 months,Statistical Price Anomaly (Grouped IQR Outlier),True,6861.702127659574,2.1624491070918244,False
2013-01,SENGKANG,4 ROOM,275B,COMPASSVALE LINK,10 TO 12,90.0,Premium Apartment,2009,645000.0,,94,11,94 years 11 months,Statistical Price Anomaly (Grouped IQR Outlier),True,7166.666666666667,2.4735795765995907,False
2012-02,SENGKANG,5 ROOM,269C,COMPASSVALE LINK,16 TO 18,110.0,Premium Apartment,2006,645000.0,,92,10,92 years 10 months,Statistical Price Anomaly (Grouped IQR Outlier),True,5863.636363636364,1.1442039341573198,False
2015-08,BEDOK,4 ROOM,219B,BEDOK CTRL,04 TO 06,97.0,Model A,2010,645000.0,93.0,93,4,93 years 4 months,Statistical Price Anomaly (Grouped IQR Outlier),True,6649.484536082474,1.9459407906817814,False
2013-05,SENGKANG,4 ROOM,273D,COMPASSVALE LINK,10 TO 12,90.0,Premium Apartment,2009,643000.0,,94,7,94 years 7 months,Statistical Price Anomaly (Grouped IQR Outlier),True,7144.444444444444,2.4509080540153034,False
2013-04,SENGKANG,4 ROOM,277C,COMPASSVALE LINK,10 TO 12,92.0,Premium Apartment,2009,643000.0,,94,8,94 years 8 months,Statistical Price Anomaly (Grouped IQR Outlier),True,6989.130434782609,2.2924538255186038,False
2014-03,BEDOK,4 ROOM,221A,BEDOK CTRL,04 TO 06,87.0,Model A,2010,643000.0,,94,9,94 years 9 months,Statistical Price Anomaly (Grouped IQR Outlier),True,7390.80459770115,2.7022492440445522,False
2013-04,SENGKANG,4 ROOM,273C,COMPASSVALE LINK,13 TO 15,90.0,Premium Apartment,2009,643000.0,,94,8,94 years 8 months,Statistical Price Anomaly (Grouped IQR Outlier),True,7144.444444444444,2.4509080540153034,False
2012-02,ANG MO KIO,4 ROOM,700A,ANG MO KIO AVE 6,22 TO 24,90.0,Model A,2003,642000.0,,89,10,89 years 10 months,Statistical Price Anomaly (Grouped IQR Outlier),True,7133.333333333333,2.4395722927231596,False
2013-11,BEDOK,4 ROOM,221C,BEDOK CTRL,01 TO 03,97.0,Model A,2010,642000.0,,95,1,95 years 1 months,Statistical Price Anomaly (Grouped IQR Outlier),True,6618.556701030928,1.9143876406933413,False
2013-01,JURONG WEST,5 ROOM,517A,JURONG WEST ST 52,01 TO 03,115.0,Improved,2000,642000.0,,85,11,85 years 11 months,Statistical Price Anomaly (Grouped IQR Outlier),True,5582.608695652174,0.8574943036892344,False
2015-08,ANG MO KIO,4 ROOM,310B,ANG MO KIO AVE 1,13 TO 15,94.0,Model A,2012,640000.0,96.0,95,4,95 years 4 months,Statistical Price Anomaly (Grouped IQR Outlier),True,6808.510638297872,2.108182164735819,False
2013-07,BEDOK,4 ROOM,220A,BEDOK CTRL,01 TO 03,97.0,Model A,2010,640000.0,,95,5,95 years 5 months,Statistical Price Anomaly (Grouped IQR Outlier),True,6597.938144329897,1.8933522073677147,False
2012-10,PASIR RIS,5 ROOM,575,PASIR RIS ST 53,10 TO 12,126.0,Improved,1995,640000.0,,81,2,81 years 2 months,Statistical Price Anomaly (Grouped IQR Outlier),True,5079.3650793650795,0.34407584814693865,False
2012-10,MARINE PARADE,4 ROOM,63,MARINE DR,13 TO 15,87.0,Improved,1976,640000.0,,62,2,62 years 2 months,Statistical Price Anomaly (Grouped IQR Outlier),True,7356.3218390804595,2.6670692952068653,False
2016-02,BEDOK,4 ROOM,219C,BEDOK CTRL,07 TO 09,97.0,Model A,2010,640000.0,93.0,92,10,92 years 10 months,Statistical Price Anomaly (Grouped IQR Outlier),True,6597.938144329897,1.8933522073677147,False
2013-01,SENGKANG,4 ROOM,275C,COMPASSVALE LINK,10 TO 12,92.0,Premium Apartment,2009,640000.0,,94,11,94 years 11 months,Statistical Price Anomaly (Grouped IQR Outlier),True,6956.521739130435,2.259185830422096,False
2015-06,ANG MO KIO,4 ROOM,310A,ANG MO KIO AVE 1,22 TO 24,95.0,Model A,2012,640000.0,96.0,95,6,95 years 6 months,Statistical Price Anomaly (Grouped IQR Outlier),True,6736.8421052631575,2.035064600298253,False
2016-03,KALLANG/WHAMPOA,3 ROOM,8,BOON KENG RD,07 TO 09,70.0,DBSS,2011,640000.0,93.0,93,9,93 years 9 months,Statistical Price Anomaly (Grouped IQR Outlier),True,9142.857142857143,4.489725692130809,True
2014-01,BEDOK,4 ROOM,220B,BEDOK CTRL,01 TO 03,94.0,Model A,2010,640000.0,,94,11,94 years 11 months,Statistical Price Anomaly (Grouped IQR Outlier),True,6808.510638297872,2.108182164735819,False
2012-05,JURONG WEST,5 ROOM,517D,JURONG WEST ST 52,11 TO 15,115.0,Improved,2000,640000.0,,86,7,86 years 7 months,Statistical Price Anomaly (Grouped IQR Outlier),True,5565.217391304348,0.839751372971097,False
2012-05,ANG MO KIO,4 ROOM,315A,ANG MO KIO ST 31,16 TO 20,95.0,Model A,2006,639888.0,,92,7,92 years 7 months,Statistical Price Anomaly (Grouped IQR Outlier),True,6735.663157894737,2.033861816363256,False
2013-04,SENGKANG,4 ROOM,277A,COMPASSVALE LINK,10 TO 12,90.0,Premium Apartment,2009,639000.0,,94,8,94 years 8 months,Statistical Price Anomaly (Grouped IQR Outlier),True,7100.0,2.4055650088467297,False
2014-02,SENGKANG,5 ROOM,268C,COMPASSVALE LINK,10 TO 12,110.0,Premium Apartment,2006,638000.0,,90,10,90 years 10 months,Statistical Price Anomaly (Grouped IQR Outlier),True,5800.0,1.079280937665953,False
2014-04,CHOA CHU KANG,5 ROOM,638,CHOA CHU KANG ST 64,04 TO 06,123.0,Premium Apartment,1998,638000.0,,82,8,82 years 8 months,Statistical Price Anomaly (Grouped IQR Outlier),True,5186.991869918699,0.4538786927189198,False
2013-05,SENGKANG,4 ROOM,277A,COMPASSVALE LINK,10 TO 12,90.0,Premium Apartment,2009,638000.0,,94,7,94 years 7 months,Statistical Price Anomaly (Grouped IQR Outlier),True,7088.888888888889,2.3942292475545863,False
2013-04,SENGKANG,4 ROOM,273C,COMPASSVALE LINK,16 TO 18,90.0,Premium Apartment,2009,638000.0,,94,8,94 years 8 months,Statistical Price Anomaly (Grouped IQR Outlier),True,7088.888888888889,2.3942292475545863,False
2012-06,ANG MO KIO,4 ROOM,596B,ANG MO KIO ST 52,22 TO 24,91.0,Model A,2002,638000.0,,88,6,88 years 6 months,Statistical Price Anomaly (Grouped IQR Outlier),True,7010.989010989011,2.3147543497041747,False
2013-01,SENGKANG,4 ROOM,277C,COMPASSVALE LINK,13 TO 15,90.0,Premium Apartment,2009,638000.0,,94,11,94 years 11 months,Statistical Price Anomaly (Grouped IQR Outlier),True,7088.888888888889,2.3942292475545863,False
2013-07,SENGKANG,5 ROOM,268C,COMPASSVALE LINK,13 TO 15,111.0,Premium Apartment,2006,638000.0,,91,5,91 years 5 months,Statistical Price Anomaly (Grouped IQR Outlier),True,5747.747747747748,1.0259722224001975,False
2012-12,MARINE PARADE,4 ROOM,45,MARINE CRES,13 TO 15,88.0,Improved,1975,638000.0,,61,0,61 years 0 months,Statistical Price Anomaly (Grouped IQR Outlier),True,7250.0,2.5585977862906657,False
2013-08,MARINE PARADE,4 ROOM,62,MARINE DR,10 TO 12,87.0,Improved,1976,638000.0,,61,4,61 years 4 months,Statistical Price Anomaly (Grouped IQR Outlier),True,7333.333333333333,2.6436159959817407,False
2013-10,BUKIT MERAH,3 ROOM,42,KIM CHENG ST,04 TO 06,88.0,Standard,1973,638000.0,,58,2,58 years 2 months,Statistical Price Anomaly (Grouped IQR Outlier),True,7250.0,2.5585977862906657,False
2015-02,BEDOK,4 ROOM,220C,BEDOK CTRL,10 TO 12,94.0,Model A,2010,637500.0,94.0,93,10,93 years 10 months,Statistical Price Anomaly (Grouped IQR Outlier),True,6781.914893617021,2.0810486935578165,False
2012-10,SENGKANG,4 ROOM,275A,COMPASSVALE LINK,13 TO 15,90.0,Premium Apartment,2009,637000.0,,95,2,95 years 2 months,Statistical Price Anomaly (Grouped IQR Outlier),True,7077.777777777777,2.3828934862624425,False
2013-01,BUKIT MERAH,3 ROOM,17,SENG POH RD,01 TO 03,88.0,Standard,1973,636300.0,,58,11,58 years 11 months,Statistical Price Anomaly (Grouped IQR Outlier),True,7230.681818181818,2.5388890194986433,False
2016-11,BEDOK,4 ROOM,221B,BEDOK CTRL,01 TO 03,94.0,Model A,2010,636000.0,92.0,92,1,92 years 1 months,Statistical Price Anomaly (Grouped IQR Outlier),True,6765.95744680851,2.064768610851014,False
2015-12,BUKIT MERAH,3 ROOM,20,TIONG BAHRU RD,01 TO 03,88.0,Standard,1973,635888.0,56.0,56,0,56 years 0 months,Statistical Price Anomaly (Grouped IQR Outlier),True,7226.0,2.5341125418996358,False
2016-10,BEDOK,4 ROOM,183,BEDOK NTH RD,16 TO 18,92.0,Model A,2005,635000.0,88.0,87,2,87 years 2 months,Statistical Price Anomaly (Grouped IQR Outlier),True,6902.173913043478,2.2037391719279156,False
2014-10,BUKIT MERAH,3 ROOM,27,LIM LIAK ST,01 TO 03,88.0,Standard,1973,635000.0,,57,2,57 years 2 months,Statistical Price Anomaly (Grouped IQR Outlier),True,7215.909090909091,2.5238176095988623,False
2012-07,BUKIT MERAH,3 ROOM,24,TIONG BAHRU RD,04 TO 06,88.0,Standard,1973,635000.0,,59,5,59 years 5 months,Statistical Price Anomaly (Grouped IQR Outlier),True,7215.909090909091,2.5238176095988623,False
2013-04,SENGKANG,4 ROOM,273D,COMPASSVALE LINK,13 TO 15,90.0,Premium Apartment,2009,635000.0,,94,8,94 years 8 months,Statistical Price Anomaly (Grouped IQR Outlier),True,7055.555555555556,2.3602219636781565,False
2013-04,BUKIT MERAH,3 ROOM,44,MOH GUAN TER,01 TO 03,77.0,Standard,1973,635000.0,,58,8,58 years 8 months,Statistical Price Anomaly (Grouped IQR Outlier),True,8246.753246753247,3.5755039048034,True
2016-11,BUKIT MERAH,3 ROOM,34,KIM CHENG ST,04 TO 06,88.0,Standard,1973,635000.0,55.0,55,1,55 years 1 months,Statistical Price Anomaly (Grouped IQR Outlier),True,7215.909090909091,2.5238176095988623,False
2014-07,BEDOK,4 ROOM,220B,BEDOK CTRL,04 TO 06,97.0,Model A,2010,635000.0,,94,5,94 years 5 months,Statistical Price Anomaly (Grouped IQR Outlier),True,6546.3917525773195,1.8407636240536471,False
2012-03,ANG MO KIO,4 ROOM,596C,ANG MO KIO ST 52,21 TO 25,91.0,Model A,2002,635000.0,,88,9,88 years 9 months,Statistical Price Anomaly (Grouped IQR Outlier),True,6978.021978021978,2.2811207722439684,False
2013-11,ANG MO KIO,4 ROOM,317,ANG MO KIO ST 31,04 TO 06,113.0,Model A,1994,635000.0,,79,1,79 years 1 months,Statistical Price Anomaly (Grouped IQR Outlier),True,5619.469026548672,0.8950998957865256,False
2014-11,BEDOK,4 ROOM,220A,BEDOK CTRL,04 TO 06,97.0,Model A,2010,635000.0,,94,1,94 years 1 months,Statistical Price Anomaly (Grouped IQR Outlier),True,6546.3917525773195,1.8407636240536471,False
2012-12,SENGKANG,4 ROOM,275D,COMPASSVALE LINK,10 TO 12,90.0,Premium Apartment,2009,633000.0,,95,0,95 years 0 months,Statistical Price Anomaly (Grouped IQR Outlier),True,7033.333333333333,2.3375504410938692,False
2015-05,ANG MO KIO,4 ROOM,596A,ANG MO KIO ST 52,22 TO 24,91.0,Model A,2002,633000.0,86.0,85,7,85 years 7 months,Statistical Price Anomaly (Grouped IQR Outlier),True,6956.043956043956,2.2586983872704987,False
2016-10,ANG MO KIO,4 ROOM,316A,ANG MO KIO ST 31,25 TO 27,95.0,Model A,2006,632888.0,88.0,88,2,88 years 2 months,Statistical Price Anomaly (Grouped IQR Outlier),True,6661.978947368421,1.9586878204258842,False
2013-09,JURONG WEST,5 ROOM,517A,JURONG WEST ST 52,04 TO 06,115.0,Improved,2000,632000.0,,85,3,85 years 3 months,Statistical Price Anomaly (Grouped IQR Outlier),True,5495.652173913043,0.7687796500985464,False
2013-09,SENGKANG,4 ROOM,272D,SENGKANG CTRL,13 TO 15,90.0,Premium Apartment,2009,631888.0,,94,3,94 years 3 months,Statistical Price Anomaly (Grouped IQR Outlier),True,7020.977777777778,2.3249450745370064,False
2015-01,BUKIT MERAH,3 ROOM,46,SENG POH RD,01 TO 03,88.0,Standard,1973,631000.0,57.0,56,11,56 years 11 months,Statistical Price Anomaly (Grouped IQR Outlier),True,7170.454545454545,2.477444040676457,False
2012-12,ANG MO KIO,4 ROOM,309A,ANG MO KIO ST 31,13 TO 15,95.0,Model A,2006,630888.0,,92,0,92 years 0 months,Statistical Price Anomaly (Grouped IQR Outlier),True,6640.926315789474,1.9372095358723491,False
2014-10,ANG MO KIO,4 ROOM,596B,ANG MO KIO ST 52,28 TO 30,90.0,Model A,2002,630000.0,,86,2,86 years 2 months,Statistical Price Anomaly (Grouped IQR Outlier),True,7000.0,2.3035431572174394,False
2013-01,SENGKANG,4 ROOM,277C,COMPASSVALE LINK,07 TO 09,92.0,Premium Apartment,2009,630000.0,,94,11,94 years 11 months,Statistical Price Anomaly (Grouped IQR Outlier),True,6847.826086956522,2.1482925134337365,False
2016-07,BUKIT MERAH,3 ROOM,48,MOH GUAN TER,01 TO 03,77.0,Standard,1973,630000.0,55.0,55,5,55 years 5 months,Statistical Price Anomaly (Grouped IQR Outlier),True,8181.818181818182,3.509255949199964,True
2015-07,BUKIT MERAH,3 ROOM,23,LIM LIAK ST,01 TO 03,88.0,Standard,1973,630000.0,56.0,56,5,56 years 5 months,Statistical Price Anomaly (Grouped IQR Outlier),True,7159.090909090909,2.465850648445856,False
2016-04,ANG MO KIO,4 ROOM,351,ANG MO KIO ST 32,28 TO 30,95.0,Model A,2001,630000.0,84.0,83,8,83 years 8 months,Statistical Price Anomaly (Grouped IQR Outlier),True,6631.578947368421,1.927673177530579,False
2013-04,PASIR RIS,5 ROOM,568,PASIR RIS ST 51,13 TO 15,122.0,Improved,1992,630000.0,,77,8,77 years 8 months,Statistical Price Anomaly (Grouped IQR Outlier),True,5163.934426229508,0.43035506172882604,False
2015-04,BEDOK,4 ROOM,221C,BEDOK CTRL,07 TO 09,94.0,Model A,2010,630000.0,94.0,93,8,93 years 8 months,Statistical Price Anomaly (Grouped IQR Outlier),True,6702.127659574468,1.9996482800238082,False
2016-02,ANG MO KIO,4 ROOM,596D,ANG MO KIO ST 52,22 TO 24,91.0,Model A,2003,630000.0,86.0,85,10,85 years 10 months,Statistical Price Anomaly (Grouped IQR Outlier),True,6923.076923076923,2.2250648098102928,False
2016-12,BUKIT MERAH,3 ROOM,34,KIM CHENG ST,01 TO 03,88.0,Standard,1973,630000.0,55.0,55,0,55 years 0 months,Statistical Price Anomaly (Grouped IQR Outlier),True,7159.090909090909,2.465850648445856,False
2015-01,BUKIT MERAH,3 ROOM,29,LIM LIAK ST,04 TO 06,88.0,Standard,1973,630000.0,57.0,56,11,56 years 11 months,Statistical Price Anomaly (Grouped IQR Outlier),True,7159.090909090909,2.465850648445856,False
2014-08,BEDOK,4 ROOM,219C,BEDOK CTRL,01 TO 03,97.0,Model A,2010,630000.0,,94,4,94 years 4 months,Statistical Price Anomaly (Grouped IQR Outlier),True,6494.845360824742,1.7881750407395796,False
2015-04,ANG MO KIO,4 ROOM,596D,ANG MO KIO ST 52,19 TO 21,91.0,Model A,2003,630000.0,86.0,86,8,86 years 8 months,Statistical Price Anomaly (Grouped IQR Outlier),True,6923.076923076923,2.2250648098102928,False
2016-02,BEDOK,4 ROOM,219D,BEDOK CTRL,01 TO 03,97.0,Model A,2010,630000.0,93.0,92,10,92 years 10 months,Statistical Price Anomaly (Grouped IQR Outlier),True,6494.845360824742,1.7881750407395796,False
2014-06,BUKIT MERAH,3 ROOM,45,KIM CHENG ST,04 TO 06,88.0,Standard,1973,630000.0,,57,6,57 years 6 months,Statistical Price Anomaly (Grouped IQR Outlier),True,7159.090909090909,2.465850648445856,False
2016-11,ANG MO KIO,EXECUTIVE,615,ANG MO KIO AVE 4,04 TO 06,152.0,Apartment,1996,630000.0,78.0,78,1,78 years 1 months,Statistical Price Anomaly (Grouped IQR Outlier),True,4144.736842105263,-0.6094491853557246,False
2013-04,CHOA CHU KANG,5 ROOM,633,CHOA CHU KANG NTH 6,01 TO 03,127.0,Premium Apartment,1998,630000.0,,83,8,83 years 8 months,Statistical Price Anomaly (Grouped IQR Outlier),True,4960.629921259842,0.2229400413130101,False
2013-05,PASIR RIS,5 ROOM,575,PASIR RIS ST 53,04 TO 06,126.0,Improved,1995,630000.0,,80,7,80 years 7 months,Statistical Price Anomaly (Grouped IQR Outlier),True,5000.0,0.2631061246316286,False
2014-03,BEDOK,4 ROOM,221C,BEDOK CTRL,04 TO 06,94.0,Model A,2010,630000.0,,94,9,94 years 9 months,Statistical Price Anomaly (Grouped IQR Outlier),True,6702.127659574468,1.9996482800238082,False
2013-07,SENGKANG,4 ROOM,273B,COMPASSVALE LINK,16 TO 18,90.0,Premium Apartment,2009,630000.0,,94,5,94 years 5 months,Statistical Price Anomaly (Grouped IQR Outlier),True,7000.0,2.3035431572174394,False
2015-09,BUKIT MERAH,3 ROOM,17,TIONG BAHRU RD,01 TO 03,88.0,Standard,1973,628888.0,56.0,56,3,56 years 3 months,Statistical Price Anomaly (Grouped IQR Outlier),True,7146.454545454545,2.452958796285427,False
2012-12,ANG MO KIO,4 ROOM,700B,ANG MO KIO AVE 6,22 TO 24,90.0,Model A,2003,628000.0,,89,0,89 years 0 months,Statistical Price Anomaly (Grouped IQR Outlier),True,6977.777777777777,2.280871634633152,False
2016-06,ANG MO KIO,EXECUTIVE,613,ANG MO KIO AVE 4,01 TO 03,149.0,Apartment,1996,628000.0,78.0,78,6,78 years 6 months,Statistical Price Anomaly (Grouped IQR Outlier),True,4214.765100671141,-0.5380050593030686,False
2016-01,ANG MO KIO,4 ROOM,700C,ANG MO KIO AVE 6,19 TO 21,85.0,Model A,2003,628000.0,86.0,85,11,85 years 11 months,Statistical Price Anomaly (Grouped IQR Outlier),True,7388.235294117647,2.6996279929546847,False
2014-08,BUKIT MERAH,3 ROOM,49,KIM PONG RD,01 TO 03,88.0,Standard,1973,628000.0,,57,4,57 years 4 months,Statistical Price Anomaly (Grouped IQR Outlier),True,7136.363636363636,2.442663863984653,False
2013-05,PASIR RIS,5 ROOM,576,PASIR RIS ST 53,07 TO 09,123.0,Improved,1995,628000.0,,80,7,80 years 7 months,Statistical Price Anomaly (Grouped IQR Outlier),True,5105.691056910569,0.3709340978983587,False
2014-06,BEDOK,4 ROOM,221C,BEDOK CTRL,10 TO 12,94.0,Model A,2010,628000.0,,94,6,94 years 6 months,Statistical Price Anomaly (Grouped IQR Outlier),True,6680.851063829788,1.977941503081406,False
2016-05,BUKIT MERAH,3 ROOM,33,LIM LIAK ST,01 TO 03,88.0,Standard,1973,627000.0,55.0,55,7,55 years 7 months,Statistical Price Anomaly (Grouped IQR Outlier),True,7125.0,2.4310704717540523,False
2013-05,BEDOK,4 ROOM,111,LENGKONG TIGA,10 TO 12,104.0,Model A,1989,627000.0,,74,7,74 years 7 months,Statistical Price Anomaly (Grouped IQR Outlier),True,6028.846153846154,1.3127540212022144,False
2013-04,JURONG WEST,5 ROOM,522,JURONG WEST ST 52,19 TO 21,118.0,Improved,1982,626800.0,,67,8,67 years 8 months,Statistical Price Anomaly (Grouped IQR Outlier),True,5311.864406779661,0.5812759670009418,False
2015-09,ANG MO KIO,4 ROOM,596C,ANG MO KIO ST 52,19 TO 21,91.0,Model A,2002,625600.0,86.0,85,3,85 years 3 months,Statistical Price Anomaly (Grouped IQR Outlier),True,6874.725274725275,2.1757355628686583,False
2014-12,BUKIT MERAH,3 ROOM,23,LIM LIAK ST,01 TO 03,88.0,Standard,1973,625000.0,,57,0,57 years 0 months,Statistical Price Anomaly (Grouped IQR Outlier),True,7102.272727272727,2.4078836872928497,False
2012-10,PASIR RIS,5 ROOM,576,PASIR RIS ST 53,01 TO 03,126.0,Improved,1995,625000.0,,81,2,81 years 2 months,Statistical Price Anomaly (Grouped IQR Outlier),True,4960.31746031746,0.2226212628739735,False
2015-07,ANG MO KIO,4 ROOM,307A,ANG MO KIO AVE 1,13 TO 15,95.0,Model A,2012,625000.0,96.0,95,5,95 years 5 months,Statistical Price Anomaly (Grouped IQR Outlier),True,6578.9473684210525,1.873977466146742,False
2016-11,ANG MO KIO,4 ROOM,700C,ANG MO KIO AVE 6,16 TO 18,85.0,Model A,2003,625000.0,85.0,85,1,85 years 1 months,Statistical Price Anomaly (Grouped IQR Outlier),True,7352.941176470588,2.6636202806149356,False
2015-06,BEDOK,4 ROOM,221A,BEDOK CTRL,10 TO 12,97.0,Model A,2010,625000.0,93.0,93,6,93 years 6 months,Statistical Price Anomaly (Grouped IQR Outlier),True,6443.298969072165,1.7355864574255129,False
2013-01,SENGKANG,4 ROOM,275B,COMPASSVALE LINK,13 TO 15,90.0,Premium Apartment,2009,625000.0,,94,11,94 years 11 months,Statistical Price Anomaly (Grouped IQR Outlier),True,6944.444444444444,2.2468643507567223,False
2015-01,BUKIT MERAH,3 ROOM,27,LIM LIAK ST,04 TO 06,88.0,Standard,1973,625000.0,57.0,56,11,56 years 11 months,Statistical Price Anomaly (Grouped IQR Outlier),True,7102.272727272727,2.4078836872928497,False
2013-04,BEDOK,4 ROOM,115,LENGKONG TIGA,07 TO 09,108.0,Model A,1989,625000.0,,74,8,74 years 8 months,Statistical Price Anomaly (Grouped IQR Outlier),True,5787.037037037037,1.0660558828251192,False
2012-11,BUKIT BATOK,4 ROOM,625,BT BATOK CTRL,07 TO 09,101.0,Model A,1997,625000.0,,83,1,83 years 1 months,Statistical Price Anomaly (Grouped IQR Outlier),True,6188.118811881188,1.4752469360687437,False
2013-04,ANG MO KIO,4 ROOM,309A,ANG MO KIO ST 31,10 TO 12,95.0,Model A,2006,625000.0,,91,8,91 years 8 months,Statistical Price Anomaly (Grouped IQR Outlier),True,6578.9473684210525,1.873977466146742,False
2014-10,BEDOK,4 ROOM,221A,BEDOK CTRL,07 TO 09,94.0,Model A,2010,625000.0,,94,2,94 years 2 months,Statistical Price Anomaly (Grouped IQR Outlier),True,6648.936170212766,1.9453813376678026,False
2013-06,SENGKANG,4 ROOM,273D,COMPASSVALE LINK,13 TO 15,90.0,Premium Apartment,2009,625000.0,,94,6,94 years 6 months,Statistical Price Anomaly (Grouped IQR Outlier),True,6944.444444444444,2.2468643507567223,False
2013-06,SENGKANG,4 ROOM,272D,SENGKANG CTRL,13 TO 15,90.0,Premium Apartment,2009,625000.0,,94,6,94 years 6 months,Statistical Price Anomaly (Grouped IQR Outlier),True,6944.444444444444,2.2468643507567223,False
2012-10,SENGKANG,4 ROOM,272C,SENGKANG CTRL,13 TO 15,90.0,Premium Apartment,2009,625000.0,,95,2,95 years 2 months,Statistical Price Anomaly (Grouped IQR Outlier),True,6944.444444444444,2.2468643507567223,False
2014-08,BUKIT BATOK,4 ROOM,621,BT BATOK CTRL,25 TO 27,90.0,Model A,2003,625000.0,,87,4,87 years 4 months,Statistical Price Anomaly (Grouped IQR Outlier),True,6944.444444444444,2.2468643507567223,False
2015-10,BEDOK,4 ROOM,221B,BEDOK CTRL,04 TO 06,94.0,Model A,2010,625000.0,93.0,93,2,93 years 2 months,Statistical Price Anomaly (Grouped IQR Outlier),True,6648.936170212766,1.9453813376678026,False
2016-07,ANG MO KIO,4 ROOM,307A,ANG MO KIO AVE 1,16 TO 18,88.0,Model A,2012,625000.0,95.0,94,5,94 years 5 months,Statistical Price Anomaly (Grouped IQR Outlier),True,7102.272727272727,2.4078836872928497,False
2016-10,QUEENSTOWN,5 ROOM,22,DOVER CRES,04 TO 06,133.0,Model A,1993,625000.0,75.0,75,2,75 years 2 months,Statistical Price Anomaly (Grouped IQR Outlier),True,4699.248120300752,-0.04372651184744071,False
2013-08,ANG MO KIO,4 ROOM,596C,ANG MO KIO ST 52,10 TO 12,91.0,Model A,2002,625000.0,,87,4,87 years 4 months,Statistical Price Anomaly (Grouped IQR Outlier),True,6868.131868131868,2.1690088473766167,False
2013-05,SENGKANG,4 ROOM,275C,COMPASSVALE LINK,13 TO 15,92.0,Premium Apartment,2009,624000.0,,94,7,94 years 7 months,Statistical Price Anomaly (Grouped IQR Outlier),True,6782.608695652174,2.081756523240721,False
2013-07,SENGKANG,4 ROOM,272C,SENGKANG CTRL,13 TO 15,90.0,Premium Apartment,2009,623000.0,,94,5,94 years 5 months,Statistical Price Anomaly (Grouped IQR Outlier),True,6922.222222222223,2.224192828172436,False
2014-06,PASIR RIS,5 ROOM,571,PASIR RIS ST 53,10 TO 12,126.0,Improved,1995,623000.0,,79,6,79 years 6 months,Statistical Price Anomaly (Grouped IQR Outlier),True,4944.444444444444,0.20642731817091148,False
2012-05,CHOA CHU KANG,5 ROOM,642,CHOA CHU KANG ST 64,06 TO 10,123.0,Premium Apartment,1998,623000.0,,84,7,84 years 7 months,Statistical Price Anomaly (Grouped IQR Outlier),True,5065.040650406504,0.32946180048807766,False
2013-05,SENGKANG,4 ROOM,275B,COMPASSVALE LINK,07 TO 09,90.0,Premium Apartment,2009,622500.0,,94,7,94 years 7 months,Statistical Price Anomaly (Grouped IQR Outlier),True,6916.666666666667,2.218524947526364,False
2012-12,SENGKANG,4 ROOM,275C,COMPASSVALE LINK,13 TO 15,90.0,Premium Apartment,2009,622000.0,,95,0,95 years 0 months,Statistical Price Anomaly (Grouped IQR Outlier),True,6911.111111111111,2.2128570668802925,False
2012-11,JURONG WEST,5 ROOM,517A,JURONG WEST ST 52,01 TO 03,115.0,Improved,2000,622000.0,,86,1,86 years 1 months,Statistical Price Anomaly (Grouped IQR Outlier),True,5408.695652173913,0.6800649965078595,False
2013-09,SENGKANG,4 ROOM,273B,COMPASSVALE LINK,13 TO 15,90.0,Premium Apartment,2009,620000.0,,94,3,94 years 3 months,Statistical Price Anomaly (Grouped IQR Outlier),True,6888.888888888889,2.190185544296005,False
2013-03,ANG MO KIO,4 ROOM,324,ANG MO KIO AVE 3,10 TO 12,98.0,New Generation,1978,620000.0,,63,9,63 years 9 months,Statistical Price Anomaly (Grouped IQR Outlier),True,6326.530612244898,1.6164572176732381,False
2014-09,BEDOK,4 ROOM,221A,BEDOK CTRL,10 TO 12,94.0,Model A,2010,620000.0,,94,3,94 years 3 months,Statistical Price Anomaly (Grouped IQR Outlier),True,6595.744680851064,1.8911143953117968,False
2014-12,BUKIT MERAH,3 ROOM,36,MOH GUAN TER,01 TO 03,88.0,Standard,1973,620000.0,,57,0,57 years 0 months,Statistical Price Anomaly (Grouped IQR Outlier),True,7045.454545454545,2.3499167261398437,False
2013-06,SENGKANG,4 ROOM,275B,COMPASSVALE LINK,13 TO 15,90.0,Premium Apartment,2009,620000.0,,94,6,94 years 6 months,Statistical Price Anomaly (Grouped IQR Outlier),True,6888.888888888889,2.190185544296005,False
2014-01,ANG MO KIO,4 ROOM,596C,ANG MO KIO ST 52,16 TO 18,91.0,Model A,2002,620000.0,,86,11,86 years 11 months,Statistical Price Anomaly (Grouped IQR Outlier),True,6813.186813186813,2.1129528849429406,False
2013-04,ANG MO KIO,4 ROOM,344,ANG MO KIO AVE 3,07 TO 09,98.0,New Generation,1978,620000.0,,63,8,63 years 8 months,Statistical Price Anomaly (Grouped IQR Outlier),True,6326.530612244898,1.6164572176732381,False
2013-06,ANG MO KIO,4 ROOM,596B,ANG MO KIO ST 52,04 TO 06,93.0,Model A,2002,620000.0,,87,6,87 years 6 months,Statistical Price Anomaly (Grouped IQR Outlier),True,6666.666666666667,1.963470318453138,False
2016-06,ANG MO KIO,4 ROOM,596D,ANG MO KIO ST 52,25 TO 27,85.0,Model A,2003,620000.0,85.0,85,6,85 years 6 months,Statistical Price Anomaly (Grouped IQR Outlier),True,7294.117647058823,2.6036074267153526,False
2013-07,SENGKANG,4 ROOM,275B,COMPASSVALE LINK,13 TO 15,90.0,Premium Apartment,2009,620000.0,,94,5,94 years 5 months,Statistical Price Anomaly (Grouped IQR Outlier),True,6888.888888888889,2.190185544296005,False
2015-07,BEDOK,4 ROOM,221A,BEDOK CTRL,07 TO 09,97.0,Model A,2010,620000.0,93.0,93,5,93 years 5 months,Statistical Price Anomaly (Grouped IQR Outlier),True,6391.7525773195875,1.6829978741114453,False
2016-11,QUEENSTOWN,5 ROOM,21,QUEEN'S CL,04 TO 06,125.0,Improved,1996,620000.0,78.0,78,1,78 years 1 months,Statistical Price Anomaly (Grouped IQR Outlier),True,4960.0,0.22229738397991233,False
2015-07,ANG MO KIO,4 ROOM,310C,ANG MO KIO AVE 1,10 TO 12,94.0,Model A,2012,620000.0,96.0,95,5,95 years 5 months,Statistical Price Anomaly (Grouped IQR Outlier),True,6595.744680851064,1.8911143953117968,False
2013-03,SENGKANG,4 ROOM,277B,COMPASSVALE LINK,13 TO 15,90.0,Premium Apartment,2009,620000.0,,94,9,94 years 9 months,Statistical Price Anomaly (Grouped IQR Outlier),True,6888.888888888889,2.190185544296005,False
2012-01,CHOA CHU KANG,5 ROOM,633,CHOA CHU KANG NTH 6,13 TO 15,127.0,Premium Apartment,1998,620000.0,,84,11,84 years 11 months,Statistical Price Anomaly (Grouped IQR Outlier),True,4881.889763779527,0.14260787467577316,False
2013-07,ANG MO KIO,4 ROOM,315B,ANG MO KIO ST 31,10 TO 12,95.0,Model A,2006,620000.0,,91,5,91 years 5 months,Statistical Price Anomaly (Grouped IQR Outlier),True,6526.315789473684,1.820281754762905,False
2014-05,BEDOK,4 ROOM,219A,BEDOK CTRL,07 TO 09,97.0,Model A,2010,620000.0,,94,7,94 years 7 months,Statistical Price Anomaly (Grouped IQR Outlier),True,6391.7525773195875,1.6829978741114453,False
2016-12,BEDOK,4 ROOM,221C,BEDOK CTRL,01 TO 03,94.0,Model A,2010,620000.0,92.0,92,0,92 years 0 months,Statistical Price Anomaly (Grouped IQR Outlier),True,6595.744680851064,1.8911143953117968,False
2015-07,BUKIT MERAH,3 ROOM,38,KIM PONG RD,01 TO 03,88.0,Standard,1974,620000.0,57.0,57,5,57 years 5 months,Statistical Price Anomaly (Grouped IQR Outlier),True,7045.454545454545,2.3499167261398437,False
2012-06,ANG MO KIO,4 ROOM,596B,ANG MO KIO ST 52,19 TO 21,90.0,Model A,2002,620000.0,,88,6,88 years 6 months,Statistical Price Anomaly (Grouped IQR Outlier),True,6888.888888888889,2.190185544296005,False
2015-12,BUKIT MERAH,3 ROOM,26,TIONG BAHRU RD,04 TO 06,88.0,Standard,1973,620000.0,56.0,56,0,56 years 0 months,Statistical Price Anomaly (Grouped IQR Outlier),True,7045.454545454545,2.3499167261398437,False
2013-04,SENGKANG,4 ROOM,275C,COMPASSVALE LINK,10 TO 12,90.0,Premium Apartment,2009,620000.0,,94,8,94 years 8 months,Statistical Price Anomaly (Grouped IQR Outlier),True,6888.888888888889,2.190185544296005,False
2016-09,TAMPINES,4 ROOM,168A,SIMEI LANE,10 TO 12,94.0,DBSS,2011,620000.0,93.0,93,3,93 years 3 months,Statistical Price Anomaly (Grouped IQR Outlier),True,6595.744680851064,1.8911143953117968,False
2013-10,SENGKANG,4 ROOM,275B,COMPASSVALE LINK,10 TO 12,90.0,Premium Apartment,2009,620000.0,,94,2,94 years 2 months,Statistical Price Anomaly (Grouped IQR Outlier),True,6888.888888888889,2.190185544296005,False
2015-11,ANG MO KIO,4 ROOM,315A,ANG MO KIO ST 31,25 TO 27,95.0,Model A,2006,620000.0,89.0,89,1,89 years 1 months,Statistical Price Anomaly (Grouped IQR Outlier),True,6526.315789473684,1.820281754762905,False
2016-12,ANG MO KIO,4 ROOM,307C,ANG MO KIO AVE 1,19 TO 21,88.0,Model A,2012,620000.0,94.0,94,0,94 years 0 months,Statistical Price Anomaly (Grouped IQR Outlier),True,7045.454545454545,2.3499167261398437,False
2015-03,BEDOK,4 ROOM,219D,BEDOK CTRL,04 TO 06,94.0,Model A,2010,620000.0,94.0,93,9,93 years 9 months,Statistical Price Anomaly (Grouped IQR Outlier),True,6595.744680851064,1.8911143953117968,False
2016-07,TAMPINES,4 ROOM,168B,SIMEI LANE,10 TO 12,94.0,DBSS,2011,618388.0,93.0,93,5,93 years 5 months,Statistical Price Anomaly (Grouped IQR Outlier),True,6578.595744680851,1.8736187330962202,False
2012-08,SENGKANG,4 ROOM,275A,COMPASSVALE LINK,13 TO 15,90.0,Premium Apartment,2009,618000.0,,95,4,95 years 4 months,Statistical Price Anomaly (Grouped IQR Outlier),True,6866.666666666667,2.167514021711719,False
2013-01,ANG MO KIO,4 ROOM,596C,ANG MO KIO ST 52,07 TO 09,91.0,Model A,2002,618000.0,,87,11,87 years 11 months,Statistical Price Anomaly (Grouped IQR Outlier),True,6791.208791208791,2.0905304999694696,False
2013-06,SENGKANG,4 ROOM,272B,SENGKANG CTRL,13 TO 15,90.0,Premium Apartment,2009,618000.0,,94,6,94 years 6 months,Statistical Price Anomaly (Grouped IQR Outlier),True,6866.666666666667,2.167514021711719,False
2016-05,ANG MO KIO,4 ROOM,315B,ANG MO KIO ST 31,13 TO 15,95.0,Model A,2006,618000.0,88.0,88,7,88 years 7 months,Statistical Price Anomaly (Grouped IQR Outlier),True,6505.263157894737,1.7988034702093703,False
2012-09,CHOA CHU KANG,5 ROOM,633,CHOA CHU KANG NTH 6,13 TO 15,127.0,Premium Apartment,1998,618000.0,,84,3,84 years 3 months,Statistical Price Anomaly (Grouped IQR Outlier),True,4866.141732283465,0.12654144134832668,False
2015-12,ANG MO KIO,4 ROOM,316A,ANG MO KIO ST 31,22 TO 24,95.0,Model A,2006,618000.0,89.0,89,0,89 years 0 months,Statistical Price Anomaly (Grouped IQR Outlier),True,6505.263157894737,1.7988034702093703,False
2016-08,TAMPINES,4 ROOM,168B,SIMEI LANE,10 TO 12,94.0,DBSS,2011,618000.0,93.0,93,4,93 years 4 months,Statistical Price Anomaly (Grouped IQR Outlier),True,6574.468085106383,1.8694076183693946,False
2016-07,KALLANG/WHAMPOA,3 ROOM,8,BOON KENG RD,10 TO 12,70.0,DBSS,2011,618000.0,93.0,93,5,93 years 5 months,Statistical Price Anomaly (Grouped IQR Outlier),True,8828.57142857143,4.169085587010182,True
2012-12,SENGKANG,4 ROOM,269A,COMPASSVALE LINK,16 TO 18,90.0,Premium Apartment,2006,618000.0,,92,0,92 years 0 months,Statistical Price Anomaly (Grouped IQR Outlier),True,6866.666666666667,2.167514021711719,False
2013-01,PASIR RIS,5 ROOM,571,PASIR RIS ST 53,07 TO 09,126.0,Improved,1995,618000.0,,80,11,80 years 11 months,Statistical Price Anomaly (Grouped IQR Outlier),True,4904.761904761905,0.16594245641325645,False
2016-08,BUKIT MERAH,3 ROOM,28,TIONG BAHRU RD,04 TO 06,88.0,Standard,1973,618000.0,55.0,55,4,55 years 4 months,Statistical Price Anomaly (Grouped IQR Outlier),True,7022.727272727273,2.326729941678642,False
2014-06,BEDOK,4 ROOM,220B,BEDOK CTRL,04 TO 06,87.0,Model A,2010,616000.0,,94,6,94 years 6 months,Statistical Price Anomaly (Grouped IQR Outlier),True,7080.459770114942,2.3856297045053743,False
2013-12,ANG MO KIO,4 ROOM,700B,ANG MO KIO AVE 6,07 TO 09,90.0,Model A,2003,616000.0,,88,0,88 years 0 months,Statistical Price Anomaly (Grouped IQR Outlier),True,6844.444444444444,2.1448424991274315,False
2016-04,KALLANG/WHAMPOA,3 ROOM,7,BOON KENG RD,10 TO 12,70.0,DBSS,2011,615000.0,93.0,93,8,93 years 8 months,Statistical Price Anomaly (Grouped IQR Outlier),True,8785.714285714286,4.125361936311914,True
2013-04,YISHUN,5 ROOM,810,YISHUN RING RD,07 TO 09,123.0,Improved,1987,615000.0,,72,8,72 years 8 months,Statistical Price Anomaly (Grouped IQR Outlier),True,5000.0,0.2631061246316286,False
2016-04,KALLANG/WHAMPOA,3 ROOM,9,BOON KENG RD,07 TO 09,70.0,DBSS,2011,615000.0,93.0,93,8,93 years 8 months,Statistical Price Anomaly (Grouped IQR Outlier),True,8785.714285714286,4.125361936311914,True
2016-11,BEDOK,4 ROOM,183,BEDOK NTH RD,10 TO 12,92.0,Model A,2005,615000.0,88.0,87,1,87 years 1 months,Statistical Price Anomaly (Grouped IQR Outlier),True,6684.782608695652,1.9819525379511973,False
2014-12,BUKIT MERAH,3 ROOM,25,LIM LIAK ST,01 TO 03,88.0,Standard,1973,615000.0,,57,0,57 years 0 months,Statistical Price Anomaly (Grouped IQR Outlier),True,6988.636363636364,2.2919497649868386,False
2015-04,BEDOK,4 ROOM,221A,BEDOK CTRL,07 TO 09,87.0,Model A,2010,615000.0,94.0,93,8,93 years 8 months,Statistical Price Anomaly (Grouped IQR Outlier),True,7068.9655172413795,2.3739030548928124,False
2013-11,CHOA CHU KANG,5 ROOM,643,CHOA CHU KANG ST 64,10 TO 12,123.0,Premium Apartment,1998,615000.0,,83,1,83 years 1 months,Statistical Price Anomaly (Grouped IQR Outlier),True,5000.0,0.2631061246316286,False
2015-11,ANG MO KIO,4 ROOM,596C,ANG MO KIO ST 52,13 TO 15,91.0,Model A,2002,615000.0,86.0,85,1,85 years 1 months,Statistical Price Anomaly (Grouped IQR Outlier),True,6758.241758241758,2.0568969225092646,False
2014-07,BUKIT BATOK,4 ROOM,622,BT BATOK CTRL,22 TO 24,90.0,Model A,2003,615000.0,,87,5,87 years 5 months,Statistical Price Anomaly (Grouped IQR Outlier),True,6833.333333333333,2.133506737835288,False
2013-06,ANG MO KIO,4 ROOM,351,ANG MO KIO ST 32,16 TO 18,95.0,Model A,2001,615000.0,,86,6,86 years 6 months,Statistical Price Anomaly (Grouped IQR Outlier),True,6473.684210526316,1.766586043379068,False
2012-07,CHOA CHU KANG,5 ROOM,643,CHOA CHU KANG ST 64,07 TO 09,123.0,Premium Apartment,1998,615000.0,,84,5,84 years 5 months,Statistical Price Anomaly (Grouped IQR Outlier),True,5000.0,0.2631061246316286,False
2015-08,BUKIT MERAH,3 ROOM,49,KIM PONG RD,01 TO 03,88.0,Standard,1973,615000.0,56.0,56,4,56 years 4 months,Statistical Price Anomaly (Grouped IQR Outlier),True,6988.636363636364,2.2919497649868386,False
2013-07,BEDOK,4 ROOM,111,LENGKONG TIGA,04 TO 06,104.0,Model A,1989,615000.0,,74,5,74 years 5 months,Statistical Price Anomaly (Grouped IQR Outlier),True,5913.461538461538,1.1950365000914938,False
2013-06,CHOA CHU KANG,5 ROOM,641,CHOA CHU KANG ST 64,04 TO 06,123.0,Premium Apartment,1998,615000.0,,83,6,83 years 6 months,Statistical Price Anomaly (Grouped IQR Outlier),True,5000.0,0.2631061246316286,False
2015-08,BEDOK,4 ROOM,221A,BEDOK CTRL,07 TO 09,94.0,Model A,2010,615000.0,93.0,93,4,93 years 4 months,Statistical Price Anomaly (Grouped IQR Outlier),True,6542.553191489362,1.8368474529557912,False
2016-09,TAMPINES,4 ROOM,167C,SIMEI LANE,10 TO 12,94.0,DBSS,2011,615000.0,93.0,93,3,93 years 3 months,Statistical Price Anomaly (Grouped IQR Outlier),True,6542.553191489362,1.8368474529557912,False
2013-05,BUKIT MERAH,3 ROOM,20,TIONG BAHRU RD,04 TO 06,88.0,Standard,1973,615000.0,,58,7,58 years 7 months,Statistical Price Anomaly (Grouped IQR Outlier),True,6988.636363636364,2.2919497649868386,False
2012-10,JURONG WEST,5 ROOM,532,JURONG WEST ST 52,22 TO 24,118.0,Improved,1982,615000.0,,68,2,68 years 2 months,Statistical Price Anomaly (Grouped IQR Outlier),True,5211.864406779661,0.4792541153716512,False
2016-03,KALLANG/WHAMPOA,3 ROOM,8,BOON KENG RD,10 TO 12,70.0,DBSS,2011,614000.0,93.0,93,9,93 years 9 months,Statistical Price Anomaly (Grouped IQR Outlier),True,8771.42857142857,4.110787386079156,True
2014-05,ANG MO KIO,4 ROOM,596C,ANG MO KIO ST 52,19 TO 21,91.0,Model A,2002,613000.0,,86,7,86 years 7 months,Statistical Price Anomaly (Grouped IQR Outlier),True,6736.263736263736,2.0344745375357935,False
2016-06,TAMPINES,4 ROOM,167D,SIMEI LANE,07 TO 09,94.0,DBSS,2011,613000.0,93.0,93,6,93 years 6 months,Statistical Price Anomaly (Grouped IQR Outlier),True,6521.276595744681,1.815140676013389,False
2013-02,CHOA CHU KANG,5 ROOM,638,CHOA CHU KANG ST 64,01 TO 03,123.0,Premium Apartment,1998,613000.0,,83,10,83 years 10 months,Statistical Price Anomaly (Grouped IQR Outlier),True,4983.739837398374,0.2465172056675165,False
2012-11,CHOA CHU KANG,5 ROOM,632,CHOA CHU KANG NTH 6,16 TO 18,127.0,Premium Apartment,1998,613000.0,,84,1,84 years 1 months,Statistical Price Anomaly (Grouped IQR Outlier),True,4826.771653543307,0.08637535802970822,False
2015-05,BUKIT MERAH,3 ROOM,48,MOH GUAN TER,01 TO 03,60.0,Standard,1973,613000.0,56.0,56,7,56 years 7 months,Statistical Price Anomaly (Grouped IQR Outlier),True,10216.666666666666,5.585246051292951,True
2013-08,BUKIT MERAH,3 ROOM,38,KIM PONG RD,01 TO 03,88.0,Standard,1974,613000.0,,59,4,59 years 4 months,Statistical Price Anomaly (Grouped IQR Outlier),True,6965.909090909091,2.268762980525636,False
2013-02,ANG MO KIO,4 ROOM,309A,ANG MO KIO ST 31,07 TO 09,95.0,Model A,2006,612000.0,,91,10,91 years 10 months,Statistical Price Anomaly (Grouped IQR Outlier),True,6442.105263157895,1.7343686165487662,False
2016-08,KALLANG/WHAMPOA,3 ROOM,9,BOON KENG RD,07 TO 09,69.0,DBSS,2011,612000.0,93.0,93,4,93 years 4 months,Statistical Price Anomaly (Grouped IQR Outlier),True,8869.565217391304,4.2109082094172186,True
2016-09,BUKIT MERAH,3 ROOM,58,HAVELOCK RD,34 TO 36,69.0,Model A,2013,612000.0,95.0,95,3,95 years 3 months,Statistical Price Anomaly (Grouped IQR Outlier),True,8869.565217391304,4.2109082094172186,True
2016-05,TAMPINES,4 ROOM,168A,SIMEI LANE,10 TO 12,94.0,DBSS,2011,610088.0,93.0,93,7,93 years 7 months,Statistical Price Anomaly (Grouped IQR Outlier),True,6490.297872340426,1.7835356087852514,False
2015-05,ANG MO KIO,4 ROOM,315A,ANG MO KIO ST 31,28 TO 30,95.0,Model A,2006,610000.0,89.0,89,7,89 years 7 months,Statistical Price Anomaly (Grouped IQR Outlier),True,6421.0526315789475,1.712890331995231,False
2016-10,BEDOK,4 ROOM,220B,BEDOK CTRL,13 TO 15,94.0,Model A,2010,610000.0,92.0,92,2,92 years 2 months,Statistical Price Anomaly (Grouped IQR Outlier),True,6489.36170212766,1.7825805105997854,False
2013-04,BEDOK,4 ROOM,181,BEDOK NTH RD,16 TO 18,92.0,Model A,2006,610000.0,,91,8,91 years 8 months,Statistical Price Anomaly (Grouped IQR Outlier),True,6630.434782608696,1.926505879457018,False
2013-04,BEDOK,4 ROOM,183,BEDOK NTH RD,13 TO 15,92.0,Model A,2005,610000.0,,90,8,90 years 8 months,Statistical Price Anomaly (Grouped IQR Outlier),True,6630.434782608696,1.926505879457018,False
2014-03,BUKIT MERAH,3 ROOM,17,TIONG BAHRU RD,01 TO 03,75.0,Standard,1973,610000.0,,57,9,57 years 9 months,Statistical Price Anomaly (Grouped IQR Outlier),True,8133.333333333333,3.459790809016065,True
2016-04,QUEENSTOWN,3 ROOM,18A,HOLLAND DR,31 TO 33,67.0,Model A,2012,610000.0,95.0,94,8,94 years 8 months,Statistical Price Anomaly (Grouped IQR Outlier),True,9104.477611940298,4.450570184042807,True
2015-08,BEDOK,4 ROOM,221C,BEDOK CTRL,01 TO 03,94.0,Model A,2010,610000.0,93.0,93,4,93 years 4 months,Statistical Price Anomaly (Grouped IQR Outlier),True,6489.36170212766,1.7825805105997854,False
2016-09,BUKIT MERAH,3 ROOM,58,HAVELOCK RD,22 TO 24,69.0,Model A,2013,610000.0,95.0,95,3,95 years 3 months,Statistical Price Anomaly (Grouped IQR Outlier),True,8840.579710144928,4.1813366582203235,True
2012-03,ANG MO KIO,4 ROOM,700B,ANG MO KIO AVE 6,11 TO 15,91.0,Model A,2003,610000.0,,89,9,89 years 9 months,Statistical Price Anomaly (Grouped IQR Outlier),True,6703.2967032967035,2.0008409600755885,False
2013-10,BUKIT BATOK,4 ROOM,622,BT BATOK CTRL,10 TO 12,90.0,Model A,2003,610000.0,,88,2,88 years 2 months,Statistical Price Anomaly (Grouped IQR Outlier),True,6777.777777777777,2.076827931374571,False
2012-10,BEDOK,4 ROOM,103,LENGKONG TIGA,10 TO 12,104.0,Model A,1989,610000.0,,75,2,75 years 2 months,Statistical Price Anomaly (Grouped IQR Outlier),True,5865.384615384615,1.1459875329620273,False
2013-04,BUKIT MERAH,3 ROOM,20,TIONG BAHRU RD,01 TO 03,88.0,Standard,1973,610000.0,,58,8,58 years 8 months,Statistical Price Anomaly (Grouped IQR Outlier),True,6931.818181818182,2.2339828038338325,False
2016-06,BEDOK,4 ROOM,112,LENGKONG TIGA,04 TO 06,104.0,Model A,1989,610000.0,71.0,71,6,71 years 6 months,Statistical Price Anomaly (Grouped IQR Outlier),True,5865.384615384615,1.1459875329620273,False
2012-06,BEDOK,4 ROOM,116,LENGKONG TIGA,07 TO 09,104.0,Model A,1989,608000.0,,75,6,75 years 6 months,Statistical Price Anomaly (Grouped IQR Outlier),True,5846.153846153846,1.1263679461102403,False
2016-04,KALLANG/WHAMPOA,3 ROOM,9,BOON KENG RD,01 TO 03,69.0,DBSS,2011,608000.0,93.0,93,8,93 years 8 months,Statistical Price Anomaly (Grouped IQR Outlier),True,8811.59420289855,4.151765107023427,True
2016-03,BUKIT MERAH,3 ROOM,126C,KIM TIAN RD,37 TO 39,62.0,Model A,2013,608000.0,95.0,95,9,95 years 9 months,Statistical Price Anomaly (Grouped IQR Outlier),True,9806.451612903225,5.1667370577814,True
2015-10,BUKIT MERAH,3 ROOM,38,KIM PONG RD,01 TO 03,88.0,Standard,1974,608000.0,57.0,57,2,57 years 2 months,Statistical Price Anomaly (Grouped IQR Outlier),True,6909.090909090909,2.2107960193726295,False
2016-11,BUKIT MERAH,3 ROOM,55,HAVELOCK RD,31 TO 33,69.0,Model A,2013,605000.0,95.0,95,1,95 years 1 months,Statistical Price Anomaly (Grouped IQR Outlier),True,8768.115942028986,4.107407780228084,True
2015-09,BEDOK,4 ROOM,112,LENGKONG TIGA,07 TO 09,104.0,Model A,1989,605000.0,72.0,72,3,72 years 3 months,Statistical Price Anomaly (Grouped IQR Outlier),True,5817.307692307692,1.096938565832561,False
2013-02,BUKIT BATOK,4 ROOM,625,BT BATOK CTRL,07 TO 09,101.0,Model A,1997,605000.0,,82,10,82 years 10 months,Statistical Price Anomaly (Grouped IQR Outlier),True,5990.0990099009905,1.2732234674958918,False
2012-03,BUKIT BATOK,4 ROOM,620,BT BATOK CTRL,16 TO 20,90.0,Model A,2003,602000.0,,89,9,89 years 9 months,Statistical Price Anomaly (Grouped IQR Outlier),True,6688.888888888889,1.986141841037424,False
2014-05,BUKIT MERAH,3 ROOM,19,LIM LIAK ST,01 TO 03,75.0,Standard,1973,601000.0,,57,7,57 years 7 months,Statistical Price Anomaly (Grouped IQR Outlier),True,8013.333333333333,3.3373645870609163,True
2016-05,TAMPINES,4 ROOM,167B,SIMEI LANE,10 TO 12,94.0,DBSS,2011,601000.0,93.0,93,7,93 years 7 months,Statistical Price Anomaly (Grouped IQR Outlier),True,6393.617021276596,1.6849000143589752,False
2016-10,BUKIT MERAH,3 ROOM,57,HAVELOCK RD,28 TO 30,69.0,Model A,2013,600000.0,95.0,95,2,95 years 2 months,Statistical Price Anomaly (Grouped IQR Outlier),True,8695.652173913044,4.033478902235845,True
2016-07,BUKIT MERAH,3 ROOM,22,TIONG BAHRU RD,01 TO 03,75.0,Standard,1973,600000.0,55.0,55,5,55 years 5 months,Statistical Price Anomaly (Grouped IQR Outlier),True,8000.0,3.3237616735103446,True
2013-10,BUKIT MERAH,3 ROOM,38,KIM PONG RD,01 TO 03,75.0,Standard,1974,600000.0,,59,2,59 years 2 months,Statistical Price Anomaly (Grouped IQR Outlier),True,8000.0,3.3237616735103446,True
2016-03,BEDOK,4 ROOM,183,BEDOK NTH RD,13 TO 15,92.0,Model A,2005,600000.0,88.0,87,9,87 years 9 months,Statistical Price Anomaly (Grouped IQR Outlier),True,6521.739130434783,1.8156125624686588,False
2012-08,QUEENSTOWN,5 ROOM,81,STRATHMORE AVE,19 TO 21,130.0,Model A,1993,600000.0,,79,4,79 years 4 months,Statistical Price Anomaly (Grouped IQR Outlier),True,4615.384615384615,-0.12928561240410444,False
2016-02,KALLANG/WHAMPOA,3 ROOM,9,BOON KENG RD,04 TO 06,69.0,DBSS,2011,600000.0,93.0,93,10,93 years 10 months,Statistical Price Anomaly (Grouped IQR Outlier),True,8695.652173913044,4.033478902235845,True
2013-07,YISHUN,5 ROOM,865,YISHUN ST 81,10 TO 12,122.0,Improved,1988,600000.0,,73,5,73 years 5 months,Statistical Price Anomaly (Grouped IQR Outlier),True,4918.0327868852455,0.17948165608302935,False
2015-12,BEDOK,4 ROOM,221A,BEDOK CTRL,01 TO 03,94.0,Model A,2010,600000.0,93.0,93,0,93 years 0 months,Statistical Price Anomaly (Grouped IQR Outlier),True,6382.978723404255,1.674046625887774,False
2013-04,YISHUN,5 ROOM,805,YISHUN RING RD,07 TO 09,122.0,Improved,1987,600000.0,,72,8,72 years 8 months,Statistical Price Anomaly (Grouped IQR Outlier),True,4918.0327868852455,0.17948165608302935,False
2014-02,HOUGANG,4 ROOM,830,HOUGANG CTRL,10 TO 12,104.0,Model A,1992,600000.0,,76,10,76 years 10 months,Statistical Price Anomaly (Grouped IQR Outlier),True,5769.2307692307695,1.0478895987030945,False
2013-05,BUKIT MERAH,3 ROOM,45,KIM CHENG ST,01 TO 03,88.0,Standard,1973,600000.0,,58,7,58 years 7 months,Statistical Price Anomaly (Grouped IQR Outlier),True,6818.181818181818,2.11804888152782,False
2012-08,BUKIT MERAH,3 ROOM,17,TIONG BAHRU RD,01 TO 03,75.0,Standard,1973,600000.0,,59,4,59 years 4 months,Statistical Price Anomaly (Grouped IQR Outlier),True,8000.0,3.3237616735103446,True
2013-08,BEDOK,4 ROOM,181,BEDOK NTH RD,10 TO 12,92.0,Model A,2006,600000.0,,91,4,91 years 4 months,Statistical Price Anomaly (Grouped IQR Outlier),True,6521.739130434783,1.8156125624686588,False
2016-08,BEDOK,4 ROOM,185,BEDOK NTH RD,10 TO 12,92.0,Model A,2005,600000.0,88.0,87,4,87 years 4 months,Statistical Price Anomaly (Grouped IQR Outlier),True,6521.739130434783,1.8156125624686588,False
2015-04,BUKIT MERAH,3 ROOM,43,MOH GUAN TER,01 TO 03,77.0,Standard,1973,600000.0,56.0,56,8,56 years 8 months,Statistical Price Anomaly (Grouped IQR Outlier),True,7792.207792207792,3.111768215579352,True
2012-12,BEDOK,4 ROOM,114,LENGKONG TIGA,04 TO 06,104.0,Model A,1989,600000.0,,75,0,75 years 0 months,Statistical Price Anomaly (Grouped IQR Outlier),True,5769.2307692307695,1.0478895987030945,False
2015-08,CENTRAL AREA,3 ROOM,5,TG PAGAR PLAZA,22 TO 24,70.0,Improved,1977,599000.0,60.0,60,4,60 years 4 months,Statistical Price Anomaly (Grouped IQR Outlier),True,8557.142857142857,3.8921691325878203,True
2016-12,BUKIT MERAH,3 ROOM,58,HAVELOCK RD,16 TO 18,69.0,Model A,2013,599000.0,95.0,95,0,95 years 0 months,Statistical Price Anomaly (Grouped IQR Outlier),True,8681.159420289856,4.018693126637397,True
2012-02,BEDOK,4 ROOM,180,BEDOK NTH RD,19 TO 21,85.0,Model A,2006,598000.0,,92,10,92 years 10 months,Statistical Price Anomaly (Grouped IQR Outlier),True,7035.294117647059,2.3395508695571885,False
2012-09,BUKIT MERAH,3 ROOM,17,TIONG BAHRU RD,01 TO 03,88.0,Standard,1973,598000.0,,59,3,59 years 3 months,Statistical Price Anomaly (Grouped IQR Outlier),True,6795.454545454545,2.0948620970666174,False
2013-10,BEDOK,4 ROOM,183,BEDOK NTH RD,10 TO 12,92.0,Model A,2005,598000.0,,90,2,90 years 2 months,Statistical Price Anomaly (Grouped IQR Outlier),True,6500.0,1.7934338990709866,False
2013-06,BEDOK,4 ROOM,180,BEDOK NTH RD,13 TO 15,92.0,Model A,2006,598000.0,,91,6,91 years 6 months,Statistical Price Anomaly (Grouped IQR Outlier),True,6500.0,1.7934338990709866,False
2016-10,BUKIT MERAH,3 ROOM,57,HAVELOCK RD,25 TO 27,69.0,Model A,2013,598000.0,95.0,95,2,95 years 2 months,Statistical Price Anomaly (Grouped IQR Outlier),True,8666.666666666666,4.003907351038948,True
2016-12,BEDOK,4 ROOM,182,BEDOK NTH RD,16 TO 18,92.0,Model A,2006,598000.0,88.0,88,0,88 years 0 months,Statistical Price Anomaly (Grouped IQR Outlier),True,6500.0,1.7934338990709866,False
2014-04,BEDOK,4 ROOM,112,LENGKONG TIGA,04 TO 06,104.0,Model A,1989,598000.0,,73,8,73 years 8 months,Statistical Price Anomaly (Grouped IQR Outlier),True,5750.0,1.0282700118513075,False
2015-12,TAMPINES,4 ROOM,518A,TAMPINES CTRL 7,16 TO 18,92.0,DBSS,2008,597000.0,92.0,91,0,91 years 0 months,Statistical Price Anomaly (Grouped IQR Outlier),True,6489.130434782609,1.782344567372151,False
2016-05,BEDOK,4 ROOM,183,BEDOK NTH RD,13 TO 15,92.0,Model A,2005,597000.0,88.0,87,7,87 years 7 months,Statistical Price Anomaly (Grouped IQR Outlier),True,6489.130434782609,1.782344567372151,False
2016-07,QUEENSTOWN,3 ROOM,18A,HOLLAND DR,25 TO 27,67.0,Model A,2012,596888.0,95.0,94,5,94 years 5 months,Statistical Price Anomaly (Grouped IQR Outlier),True,8908.776119402984,4.250911897690082,True
2016-02,BEDOK,4 ROOM,111,LENGKONG TIGA,04 TO 06,104.0,Model A,1989,595000.0,72.0,71,10,71 years 10 months,Statistical Price Anomaly (Grouped IQR Outlier),True,5721.153846153846,0.9988406315736272,False
2016-06,TAMPINES,4 ROOM,168B,SIMEI LANE,07 TO 09,94.0,DBSS,2011,595000.0,93.0,93,6,93 years 6 months,Statistical Price Anomaly (Grouped IQR Outlier),True,6329.787234042553,1.6197796835317684,False
2012-05,BUKIT MERAH,3 ROOM,25,LIM LIAK ST,01 TO 05,88.0,Standard,1973,595000.0,,59,7,59 years 7 months,Statistical Price Anomaly (Grouped IQR Outlier),True,6761.363636363636,2.060081920374814,False
2015-12,QUEENSTOWN,3 ROOM,18A,HOLLAND DR,34 TO 36,67.0,Model A,2012,595000.0,95.0,95,0,95 years 0 months,Statistical Price Anomaly (Grouped IQR Outlier),True,8880.597014925374,4.222163053529471,True
2013-03,BEDOK,4 ROOM,183,BEDOK NTH RD,13 TO 15,85.0,Model A,2005,595000.0,,90,9,90 years 9 months,Statistical Price Anomaly (Grouped IQR Outlier),True,7000.0,2.3035431572174394,False
2013-05,BEDOK,4 ROOM,183,BEDOK NTH RD,07 TO 09,92.0,Model A,2005,593000.0,,90,7,90 years 7 months,Statistical Price Anomaly (Grouped IQR Outlier),True,6445.652173913043,1.7379872405768066,False
2015-04,BEDOK,4 ROOM,221B,BEDOK CTRL,04 TO 06,94.0,Model A,2010,590000.0,94.0,93,8,93 years 8 months,Statistical Price Anomaly (Grouped IQR Outlier),True,6276.595744680851,1.5655127411757628,False
2012-10,BEDOK,4 ROOM,185,BEDOK NTH RD,13 TO 15,92.0,Model A,2005,590000.0,,91,2,91 years 2 months,Statistical Price Anomaly (Grouped IQR Outlier),True,6413.04347826087,1.7047192454802995,False
2016-04,BUKIT BATOK,4 ROOM,621,BT BATOK CTRL,19 TO 21,90.0,Model A,2003,590000.0,86.0,85,8,85 years 8 months,Statistical Price Anomaly (Grouped IQR Outlier),True,6555.555555555556,1.8501127055317037,False
2013-04,TAMPINES,4 ROOM,242,SIMEI ST 5,07 TO 09,105.0,Model A,1997,590000.0,,82,8,82 years 8 months,Statistical Price Anomaly (Grouped IQR Outlier),True,5619.047619047619,0.8946699680510464,False
2014-05,TAMPINES,4 ROOM,515A,TAMPINES CTRL 7,13 TO 15,92.0,DBSS,2008,590000.0,,92,7,92 years 7 months,Statistical Price Anomaly (Grouped IQR Outlier),True,6413.04347826087,1.7047192454802995,False
2012-04,BUKIT MERAH,3 ROOM,37,LIM LIAK ST,01 TO 05,88.0,Standard,1974,590000.0,,60,8,60 years 8 months,Statistical Price Anomaly (Grouped IQR Outlier),True,6704.545454545455,2.002114959221809,False
2015-08,BEDOK,4 ROOM,111,LENGKONG TIGA,01 TO 03,104.0,Model A,1989,590000.0,72.0,72,4,72 years 4 months,Statistical Price Anomaly (Grouped IQR Outlier),True,5673.076923076923,0.9497916644441609,False
2012-09,BUKIT MERAH,3 ROOM,37,LIM LIAK ST,01 TO 03,75.0,Standard,1974,590000.0,,60,3,60 years 3 months,Statistical Price Anomaly (Grouped IQR Outlier),True,7866.666666666667,3.1877325380046244,True
2014-01,HOUGANG,4 ROOM,832,HOUGANG CTRL,16 TO 18,107.0,Model A,1992,590000.0,,76,11,76 years 11 months,Statistical Price Anomaly (Grouped IQR Outlier),True,5514.018691588785,0.7875175115111596,False
2012-10,BEDOK,4 ROOM,181,BEDOK NTH RD,16 TO 18,92.0,Model A,2006,590000.0,,92,2,92 years 2 months,Statistical Price Anomaly (Grouped IQR Outlier),True,6413.04347826087,1.7047192454802995,False
2013-11,BUKIT MERAH,3 ROOM,41,KIM CHENG ST,01 TO 03,75.0,Standard,1973,590000.0,,58,1,58 years 1 months,Statistical Price Anomaly (Grouped IQR Outlier),True,7866.666666666667,3.1877325380046244,True
2014-12,BEDOK,4 ROOM,219A,BEDOK CTRL,01 TO 03,97.0,Model A,2010,590000.0,,94,0,94 years 0 months,Statistical Price Anomaly (Grouped IQR Outlier),True,6082.474226804124,1.3674663742270414,False
2016-08,KALLANG/WHAMPOA,3 ROOM,9,BOON KENG RD,04 TO 06,69.0,DBSS,2011,590000.0,93.0,93,4,93 years 4 months,Statistical Price Anomaly (Grouped IQR Outlier),True,8550.72463768116,3.8856211462513657,True
2013-01,BEDOK,4 ROOM,185,BEDOK NTH RD,04 TO 06,92.0,Model A,2005,590000.0,,90,11,90 years 11 months,Statistical Price Anomaly (Grouped IQR Outlier),True,6413.04347826087,1.7047192454802995,False
2016-07,QUEENSTOWN,3 ROOM,18A,HOLLAND DR,16 TO 18,67.0,Model A,2012,590000.0,95.0,94,5,94 years 5 months,Statistical Price Anomaly (Grouped IQR Outlier),True,8805.970149253732,4.146027343358358,True
2016-02,KALLANG/WHAMPOA,3 ROOM,7,BOON KENG RD,04 TO 06,69.0,DBSS,2011,590000.0,94.0,93,10,93 years 10 months,Statistical Price Anomaly (Grouped IQR Outlier),True,8550.72463768116,3.8856211462513657,True
2012-07,BEDOK,4 ROOM,182,BEDOK NTH RD,16 TO 18,92.0,Model A,2006,590000.0,,92,5,92 years 5 months,Statistical Price Anomaly (Grouped IQR Outlier),True,6413.04347826087,1.7047192454802995,False
2013-06,BEDOK,4 ROOM,180,BEDOK NTH RD,10 TO 12,92.0,Model A,2006,590000.0,,91,6,91 years 6 months,Statistical Price Anomaly (Grouped IQR Outlier),True,6413.04347826087,1.7047192454802995,False
2016-09,BEDOK,4 ROOM,183,BEDOK NTH RD,07 TO 09,92.0,Model A,2005,588888.0,88.0,87,3,87 years 3 months,Statistical Price Anomaly (Grouped IQR Outlier),True,6400.95652173913,1.6923879086311933,False
2015-10,TAMPINES,4 ROOM,518A,TAMPINES CTRL 7,10 TO 12,92.0,DBSS,2008,588000.0,92.0,91,2,91 years 2 months,Statistical Price Anomaly (Grouped IQR Outlier),True,6391.304347826087,1.6825405820826274,False
2016-11,BUKIT MERAH,3 ROOM,52,HAVELOCK RD,31 TO 33,69.0,Model A,2013,588000.0,95.0,95,1,95 years 1 months,Statistical Price Anomaly (Grouped IQR Outlier),True,8521.739130434782,3.856049595054469,True
2013-02,WOODLANDS,5 ROOM,363,WOODLANDS AVE 5,07 TO 09,121.0,Improved,1996,585500.0,,81,10,81 years 10 months,Statistical Price Anomaly (Grouped IQR Outlier),True,4838.842975206611,0.09869074390673857,False
2012-11,JURONG EAST,4 ROOM,276,TOH GUAN RD,13 TO 15,101.0,Model A,1998,585000.0,,84,1,84 years 1 months,Statistical Price Anomaly (Grouped IQR Outlier),True,5792.079207920792,1.071199998923039,False
2013-06,HOUGANG,4 ROOM,830,HOUGANG CTRL,10 TO 12,106.0,Model A,1992,585000.0,,77,6,77 years 6 months,Statistical Price Anomaly (Grouped IQR Outlier),True,5518.867924528302,0.792464788745872,False
2016-06,TAMPINES,4 ROOM,168C,SIMEI LANE,07 TO 09,94.0,DBSS,2011,585000.0,93.0,93,6,93 years 6 months,Statistical Price Anomaly (Grouped IQR Outlier),True,6223.404255319149,1.5112457988197578,False
2014-05,BEDOK,4 ROOM,181,BEDOK NTH RD,19 TO 21,92.0,Model A,2006,585000.0,,90,7,90 years 7 months,Statistical Price Anomaly (Grouped IQR Outlier),True,6358.695652173913,1.6492725869861196,False
2016-04,TAMPINES,4 ROOM,167C,SIMEI LANE,07 TO 09,94.0,DBSS,2011,585000.0,93.0,93,8,93 years 8 months,Statistical Price Anomaly (Grouped IQR Outlier),True,6223.404255319149,1.5112457988197578,False
2014-02,BEDOK,4 ROOM,183,BEDOK NTH RD,13 TO 15,92.0,Model A,2005,585000.0,,89,10,89 years 10 months,Statistical Price Anomaly (Grouped IQR Outlier),True,6358.695652173913,1.6492725869861196,False
2015-10,BEDOK,4 ROOM,183,BEDOK NTH RD,16 TO 18,92.0,Model A,2005,585000.0,89.0,88,2,88 years 2 months,Statistical Price Anomaly (Grouped IQR Outlier),True,6358.695652173913,1.6492725869861196,False
2013-01,CENTRAL AREA,3 ROOM,3,TG PAGAR PLAZA,13 TO 15,70.0,Improved,1977,585000.0,,62,11,62 years 11 months,Statistical Price Anomaly (Grouped IQR Outlier),True,8357.142857142857,3.688125429329239,True
2016-06,QUEENSTOWN,5 ROOM,21,QUEEN'S CL,01 TO 03,125.0,Improved,1996,585000.0,79.0,78,6,78 years 6 months,Statistical Price Anomaly (Grouped IQR Outlier),True,4680.0,-0.06336380058210117,False
2016-05,TAMPINES,4 ROOM,167B,SIMEI LANE,04 TO 06,94.0,DBSS,2011,585000.0,93.0,93,7,93 years 7 months,Statistical Price Anomaly (Grouped IQR Outlier),True,6223.404255319149,1.5112457988197578,False
2014-04,HOUGANG,4 ROOM,830,HOUGANG CTRL,13 TO 15,106.0,Model A,1992,585000.0,,76,8,76 years 8 months,Statistical Price Anomaly (Grouped IQR Outlier),True,5518.867924528302,0.792464788745872,False
2012-07,BUKIT MERAH,3 ROOM,42,KIM CHENG ST,01 TO 03,75.0,Standard,1973,585000.0,,59,5,59 years 5 months,Statistical Price Anomaly (Grouped IQR Outlier),True,7800.0,3.1197179702517635,True
2013-05,BEDOK,4 ROOM,180,BEDOK NTH RD,10 TO 12,92.0,Model A,2006,583000.0,,91,7,91 years 7 months,Statistical Price Anomaly (Grouped IQR Outlier),True,6336.95652173913,1.6270939235884474,False
2015-08,BEDOK,4 ROOM,180,BEDOK NTH RD,19 TO 21,92.0,Model A,2006,583000.0,89.0,89,4,89 years 4 months,Statistical Price Anomaly (Grouped IQR Outlier),True,6336.95652173913,1.6270939235884474,False
2014-03,TAMPINES,4 ROOM,515B,TAMPINES CTRL 7,01 TO 03,95.0,DBSS,2008,582000.0,,92,9,92 years 9 months,Statistical Price Anomaly (Grouped IQR Outlier),True,6126.315789473684,1.412194348245743,False
2013-02,BUKIT BATOK,4 ROOM,625,BT BATOK CTRL,04 TO 06,102.0,Model A,1997,582000.0,,82,10,82 years 10 months,Statistical Price Anomaly (Grouped IQR Outlier),True,5705.882352941177,0.9832603714266207,False
2015-11,BEDOK,4 ROOM,181,BEDOK NTH RD,16 TO 18,92.0,Model A,2006,580000.0,89.0,89,1,89 years 1 months,Statistical Price Anomaly (Grouped IQR Outlier),True,6304.347826086957,1.5938259284919403,False
2012-07,BUKIT MERAH,3 ROOM,26,TIONG BAHRU RD,01 TO 03,75.0,Standard,1973,580000.0,,59,5,59 years 5 months,Statistical Price Anomaly (Grouped IQR Outlier),True,7733.333333333333,3.051703402498903,True
2012-07,BUKIT MERAH,3 ROOM,43,MOH GUAN TER,01 TO 03,77.0,Standard,1973,580000.0,,59,5,59 years 5 months,Statistical Price Anomaly (Grouped IQR Outlier),True,7532.467532467533,2.84677639316561,False
2012-10,BUKIT MERAH,3 ROOM,20,TIONG BAHRU RD,04 TO 06,88.0,Standard,1973,580000.0,,59,2,59 years 2 months,Statistical Price Anomaly (Grouped IQR Outlier),True,6590.909090909091,1.8861810369157963,False
2013-05,TAMPINES,4 ROOM,842B,TAMPINES ST 82,16 TO 18,107.0,Model A,1995,580000.0,,80,7,80 years 7 months,Statistical Price Anomaly (Grouped IQR Outlier),True,5420.560747663551,0.692169986623972,False
2016-02,QUEENSTOWN,5 ROOM,21,QUEEN'S CL,01 TO 03,124.0,Improved,1996,580000.0,79.0,78,10,78 years 10 months,Statistical Price Anomaly (Grouped IQR Outlier),True,4677.419354838709,-0.06599662255963164,False
2012-05,BEDOK,4 ROOM,182,BEDOK NTH RD,16 TO 20,92.0,Model A,2006,580000.0,,92,7,92 years 7 months,Statistical Price Anomaly (Grouped IQR Outlier),True,6304.347826086957,1.5938259284919403,False
2016-07,BEDOK,4 ROOM,180,BEDOK NTH RD,10 TO 12,92.0,Model A,2006,580000.0,88.0,88,5,88 years 5 months,Statistical Price Anomaly (Grouped IQR Outlier),True,6304.347826086957,1.5938259284919403,False
2016-04,TAMPINES,4 ROOM,168C,SIMEI LANE,07 TO 09,94.0,DBSS,2011,580000.0,93.0,93,8,93 years 8 months,Statistical Price Anomaly (Grouped IQR Outlier),True,6170.212765957447,1.4569788564637522,False
2015-10,BUKIT BATOK,4 ROOM,621,BT BATOK CTRL,19 TO 21,90.0,Model A,2003,580000.0,87.0,86,2,86 years 2 months,Statistical Price Anomaly (Grouped IQR Outlier),True,6444.444444444444,1.7367550926102695,False
2016-05,TAMPINES,4 ROOM,168B,SIMEI LANE,04 TO 06,94.0,DBSS,2011,580000.0,93.0,93,7,93 years 7 months,Statistical Price Anomaly (Grouped IQR Outlier),True,6170.212765957447,1.4569788564637522,False
2012-12,SEMBAWANG,5 ROOM,353B,ADMIRALTY DR,13 TO 15,113.0,Improved,2002,580000.0,,88,0,88 years 0 months,Statistical Price Anomaly (Grouped IQR Outlier),True,5132.743362831859,0.39853336130767814,False
2015-09,BEDOK,4 ROOM,185,BEDOK NTH RD,16 TO 18,92.0,Model A,2005,580000.0,89.0,88,3,88 years 3 months,Statistical Price Anomaly (Grouped IQR Outlier),True,6304.347826086957,1.5938259284919403,False
2015-09,BEDOK,4 ROOM,115,LENGKONG TIGA,01 TO 03,108.0,Model A,1989,580000.0,72.0,72,3,72 years 3 months,Statistical Price Anomaly (Grouped IQR Outlier),True,5370.37037037037,0.6409648343697417,False
2016-12,BEDOK,4 ROOM,182,BEDOK NTH RD,07 TO 09,92.0,Model A,2006,580000.0,88.0,88,0,88 years 0 months,Statistical Price Anomaly (Grouped IQR Outlier),True,6304.347826086957,1.5938259284919403,False
2013-11,HOUGANG,4 ROOM,838,HOUGANG CTRL,10 TO 12,100.0,Model A,1997,580000.0,,82,1,82 years 1 months,Statistical Price Anomaly (Grouped IQR Outlier),True,5800.0,1.079280937665953,False
2015-11,QUEENSTOWN,3 ROOM,18A,HOLLAND DR,16 TO 18,67.0,Model A,2012,580000.0,95.0,95,1,95 years 1 months,Statistical Price Anomaly (Grouped IQR Outlier),True,8656.716417910447,3.993755923016133,True
2015-04,BEDOK,4 ROOM,183,BEDOK NTH RD,16 TO 18,92.0,Model A,2005,580000.0,89.0,88,8,88 years 8 months,Statistical Price Anomaly (Grouped IQR Outlier),True,6304.347826086957,1.5938259284919403,False
2015-11,BEDOK,4 ROOM,183,BEDOK NTH RD,16 TO 18,92.0,Model A,2005,580000.0,89.0,88,1,88 years 1 months,Statistical Price Anomaly (Grouped IQR Outlier),True,6304.347826086957,1.5938259284919403,False
2015-04,BUKIT MERAH,3 ROOM,36,MOH GUAN TER,01 TO 03,75.0,Standard,1973,580000.0,56.0,56,8,56 years 8 months,Statistical Price Anomaly (Grouped IQR Outlier),True,7733.333333333333,3.051703402498903,True
2013-01,HOUGANG,4 ROOM,832,HOUGANG CTRL,04 TO 06,107.0,Model A,1992,580000.0,,77,11,77 years 11 months,Statistical Price Anomaly (Grouped IQR Outlier),True,5420.560747663551,0.692169986623972,False
2013-11,QUEENSTOWN,3 ROOM,89,TANGLIN HALT RD,40 TO 42,60.0,Model A,2008,580000.0,,93,1,93 years 1 months,Statistical Price Anomaly (Grouped IQR Outlier),True,9666.666666666666,5.024125867331853,True
2016-05,BUKIT MERAH,3 ROOM,127C,KIM TIAN RD,25 TO 27,62.0,Model A,2013,580000.0,95.0,95,7,95 years 7 months,Statistical Price Anomaly (Grouped IQR Outlier),True,9354.838709677419,4.705993211713635,True
2015-11,BUKIT MERAH,3 ROOM,54,HAVELOCK RD,25 TO 27,69.0,Model A,2013,580000.0,96.0,96,1,96 years 1 months,Statistical Price Anomaly (Grouped IQR Outlier),True,8405.797101449276,3.7377633902668865,True
2013-04,WOODLANDS,5 ROOM,511,WOODLANDS DR 14,10 TO 12,128.0,Premium Apartment,1999,580000.0,,84,8,84 years 8 months,Statistical Price Anomaly (Grouped IQR Outlier),True,4531.25,-0.21512130488067085,False
2013-06,BUKIT BATOK,4 ROOM,383,BT BATOK WEST AVE 5,22 TO 24,90.0,Model A,2005,579000.0,,90,6,90 years 6 months,Statistical Price Anomaly (Grouped IQR Outlier),True,6433.333333333333,1.7254193313181259,False
2015-06,QUEENSTOWN,3 ROOM,18B,HOLLAND DR,25 TO 27,67.0,Model A,2012,578888.0,96.0,95,6,95 years 6 months,Statistical Price Anomaly (Grouped IQR Outlier),True,8640.119402985074,3.9768233410740774,True
2013-05,WOODLANDS,5 ROOM,302,WOODLANDS ST 31,04 TO 06,132.0,Model A,1993,578000.0,,78,7,78 years 7 months,Statistical Price Anomaly (Grouped IQR Outlier),True,4378.787878787879,-0.37066598397457007,False
2013-01,BEDOK,4 ROOM,181,BEDOK NTH RD,01 TO 03,92.0,Model A,2006,578000.0,,91,11,91 years 11 months,Statistical Price Anomaly (Grouped IQR Outlier),True,6282.608695652174,1.571647265094268,False
2013-05,CHOA CHU KANG,4 ROOM,640,CHOA CHU KANG ST 64,16 TO 18,100.0,Premium Apartment,1998,578000.0,,83,7,83 years 7 months,Statistical Price Anomaly (Grouped IQR Outlier),True,5780.0,1.0588765673400948,False
2014-03,TAMPINES,4 ROOM,515A,TAMPINES CTRL 7,07 TO 09,92.0,DBSS,2008,578000.0,,92,9,92 years 9 months,Statistical Price Anomaly (Grouped IQR Outlier),True,6282.608695652174,1.571647265094268,False
2012-03,BEDOK,4 ROOM,116,LENGKONG TIGA,06 TO 10,104.0,Model A,1989,577800.0,,75,9,75 years 9 months,Statistical Price Anomaly (Grouped IQR Outlier),True,5555.7692307692305,0.8301121846482622,False
2013-03,SEMBAWANG,5 ROOM,353C,ADMIRALTY DR,10 TO 12,110.0,Improved,2002,576000.0,,87,9,87 years 9 months,Statistical Price Anomaly (Grouped IQR Outlier),True,5236.363636363636,0.5042486830281331,False
2016-05,BEDOK,4 ROOM,183,BEDOK NTH RD,07 TO 09,92.0,Model A,2005,575000.0,88.0,87,7,87 years 7 months,Statistical Price Anomaly (Grouped IQR Outlier),True,6250.0,1.5383792699977603,False
2012-04,BEDOK,4 ROOM,115,LENGKONG TIGA,01 TO 05,104.0,Model A,1989,575000.0,,75,8,75 years 8 months,Statistical Price Anomaly (Grouped IQR Outlier),True,5528.846153846154,0.8026447630557616,False
2013-12,BEDOK,4 ROOM,182,BEDOK NTH RD,13 TO 15,92.0,Model A,2006,575000.0,,91,0,91 years 0 months,Statistical Price Anomaly (Grouped IQR Outlier),True,6250.0,1.5383792699977603,False
2015-11,BEDOK,4 ROOM,185,BEDOK NTH RD,13 TO 15,85.0,Model A,2005,575000.0,89.0,88,1,88 years 1 months,Statistical Price Anomaly (Grouped IQR Outlier),True,6764.705882352941,2.0634917416191088,False
2016-03,BEDOK,4 ROOM,180,BEDOK NTH RD,04 TO 06,92.0,Model A,2006,575000.0,88.0,88,9,88 years 9 months,Statistical Price Anomaly (Grouped IQR Outlier),True,6250.0,1.5383792699977603,False
2013-10,BEDOK,4 ROOM,180,BEDOK NTH RD,04 TO 06,85.0,Model A,2006,575000.0,,91,2,91 years 2 months,Statistical Price Anomaly (Grouped IQR Outlier),True,6764.705882352941,2.0634917416191088,False
2013-02,BEDOK,4 ROOM,183,BEDOK NTH RD,07 TO 09,92.0,Model A,2005,575000.0,,90,10,90 years 10 months,Statistical Price Anomaly (Grouped IQR Outlier),True,6250.0,1.5383792699977603,False
2013-04,HOUGANG,4 ROOM,835,HOUGANG CTRL,07 TO 09,104.0,Model A,1992,575000.0,,77,8,77 years 8 months,Statistical Price Anomaly (Grouped IQR Outlier),True,5528.846153846154,0.8026447630557616,False
2012-01,BUKIT MERAH,3 ROOM,24,TIONG BAHRU RD,01 TO 03,88.0,Standard,1973,575000.0,,59,11,59 years 11 months,Statistical Price Anomaly (Grouped IQR Outlier),True,6534.090909090909,1.82821407576279,False
2013-08,BUKIT MERAH,3 ROOM,26A,JLN MEMBINA,22 TO 24,60.0,Model A,2008,575000.0,,93,4,93 years 4 months,Statistical Price Anomaly (Grouped IQR Outlier),True,9583.333333333334,4.939107657640779,True
2016-05,BUKIT MERAH,3 ROOM,127C,KIM TIAN RD,40 TO 42,62.0,Model A,2013,575000.0,95.0,95,7,95 years 7 months,Statistical Price Anomaly (Grouped IQR Outlier),True,9274.193548387097,4.623717524915821,True
2015-04,BEDOK,4 ROOM,219B,BEDOK CTRL,01 TO 03,94.0,Model A,2010,575000.0,94.0,93,8,93 years 8 months,Statistical Price Anomaly (Grouped IQR Outlier),True,6117.021276595745,1.4027119141077464,False
2012-12,CHOA CHU KANG,4 ROOM,636,CHOA CHU KANG NTH 6,10 TO 12,113.0,Premium Apartment,1998,575000.0,,84,0,84 years 0 months,Statistical Price Anomaly (Grouped IQR Outlier),True,5088.495575221239,0.35339094908232827,False
2014-11,BEDOK,4 ROOM,185,BEDOK NTH RD,07 TO 09,92.0,Model A,2005,575000.0,,89,1,89 years 1 months,Statistical Price Anomaly (Grouped IQR Outlier),True,6250.0,1.5383792699977603,False
2013-01,CHOA CHU KANG,4 ROOM,641,CHOA CHU KANG ST 64,13 TO 15,100.0,Premium Apartment,1998,574000.0,,83,11,83 years 11 months,Statistical Price Anomaly (Grouped IQR Outlier),True,5740.0,1.0180678266883785,False
2013-03,BEDOK,4 ROOM,115,LENGKONG TIGA,01 TO 03,104.0,Model A,1989,573000.0,,74,9,74 years 9 months,Statistical Price Anomaly (Grouped IQR Outlier),True,5509.615384615385,0.7830251762039747,False
2013-10,HOUGANG,4 ROOM,830,HOUGANG CTRL,13 TO 15,111.0,Model A,1992,573000.0,,77,2,77 years 2 months,Statistical Price Anomaly (Grouped IQR Outlier),True,5162.1621621621625,0.42854696511155954,False
2016-12,BUKIT MERAH,3 ROOM,127C,KIM TIAN RD,37 TO 39,62.0,Model A,2013,573000.0,95.0,95,0,95 years 0 months,Statistical Price Anomaly (Grouped IQR Outlier),True,9241.935483870968,4.590807250196695,True
2012-11,TAMPINES,4 ROOM,255,SIMEI ST 1,07 TO 09,99.0,Model A,1996,573000.0,,82,1,82 years 1 months,Statistical Price Anomaly (Grouped IQR Outlier),True,5787.878787878788,1.0669146526199784,False
2012-04,BUKIT MERAH,3 ROOM,29,LIM LIAK ST,01 TO 05,88.0,Standard,1973,573000.0,,59,8,59 years 8 months,Statistical Price Anomaly (Grouped IQR Outlier),True,6511.363636363636,1.8050272913015875,False
2013-07,BUKIT MERAH,3 ROOM,26A,JLN MEMBINA,25 TO 27,60.0,Model A,2008,572000.0,,93,5,93 years 5 months,Statistical Price Anomaly (Grouped IQR Outlier),True,9533.333333333334,4.888096731826134,True
2013-08,BEDOK,4 ROOM,183,BEDOK NTH RD,04 TO 06,92.0,Model A,2005,571000.0,,90,4,90 years 4 months,Statistical Price Anomaly (Grouped IQR Outlier),True,6206.521739130435,1.4940219432024169,False
2013-02,WOODLANDS,5 ROOM,680,WOODLANDS AVE 6,13 TO 15,121.0,Improved,1998,570000.0,,83,10,83 years 10 months,Statistical Price Anomaly (Grouped IQR Outlier),True,4710.743801652892,-0.0319984048745841,False
2014-11,BUKIT MERAH,3 ROOM,38,KIM PONG RD,01 TO 03,75.0,Standard,1974,570000.0,,58,1,58 years 1 months,Statistical Price Anomaly (Grouped IQR Outlier),True,7600.0,2.9156742669931828,False
2012-10,BEDOK,4 ROOM,182,BEDOK NTH RD,04 TO 06,85.0,Model A,2006,570000.0,,92,2,92 years 2 months,Statistical Price Anomaly (Grouped IQR Outlier),True,6705.882352941177,2.003478887719526,False
2012-10,JURONG WEST,4 ROOM,517A,JURONG WEST ST 52,04 TO 06,95.0,Model A,2000,570000.0,,86,2,86 years 2 months,Statistical Price Anomaly (Grouped IQR Outlier),True,6000.0,1.283324640924534,False
2016-09,ANG MO KIO,3 ROOM,310C,ANG MO KIO AVE 1,28 TO 30,70.0,Model A,2012,570000.0,95.0,94,3,94 years 3 months,Statistical Price Anomaly (Grouped IQR Outlier),True,8142.857142857143,3.469507175837903,True
2014-04,QUEENSTOWN,3 ROOM,18A,HOLLAND DR,37 TO 39,67.0,Model A,2012,570000.0,,96,8,96 years 8 months,Statistical Price Anomaly (Grouped IQR Outlier),True,8507.462686567163,3.8414845026739077,True
2014-08,TAMPINES,4 ROOM,518A,TAMPINES CTRL 7,04 TO 06,92.0,DBSS,2008,570000.0,,92,4,92 years 4 months,Statistical Price Anomaly (Grouped IQR Outlier),True,6195.652173913043,1.4829326115035801,False
2012-11,TAMPINES,4 ROOM,116,SIMEI ST 1,07 TO 09,104.0,Model A,1988,570000.0,,74,1,74 years 1 months,Statistical Price Anomaly (Grouped IQR Outlier),True,5480.7692307692305,0.7535957959262943,False
2016-08,BUKIT MERAH,3 ROOM,46,SENG POH RD,04 TO 06,88.0,Standard,1973,570000.0,55.0,55,4,55 years 4 months,Statistical Price Anomaly (Grouped IQR Outlier),True,6477.272727272727,1.770247114609784,False
2014-05,BUKIT MERAH,3 ROOM,43,MOH GUAN TER,01 TO 03,77.0,Standard,1973,570000.0,,57,7,57 years 7 months,Statistical Price Anomaly (Grouped IQR Outlier),True,7402.597402597403,2.714280481958739,False
2012-08,BUKIT BATOK,4 ROOM,107,BT BATOK WEST AVE 6,07 TO 09,128.0,Model A,1985,570000.0,,71,4,71 years 4 months,Statistical Price Anomaly (Grouped IQR Outlier),True,4453.125,-0.29482587646605407,False
2015-08,BEDOK,4 ROOM,182,BEDOK NTH RD,13 TO 15,92.0,Model A,2006,570000.0,89.0,89,4,89 years 4 months,Statistical Price Anomaly (Grouped IQR Outlier),True,6195.652173913043,1.4829326115035801,False
2015-10,BUKIT MERAH,3 ROOM,58,HAVELOCK RD,19 TO 21,69.0,Model A,2013,570000.0,96.0,96,2,96 years 2 months,Statistical Price Anomaly (Grouped IQR Outlier),True,8260.869565217392,3.589905634282408,True
2014-05,BEDOK,4 ROOM,180,BEDOK NTH RD,13 TO 15,92.0,Model A,2006,570000.0,,90,7,90 years 7 months,Statistical Price Anomaly (Grouped IQR Outlier),True,6195.652173913043,1.4829326115035801,False
2016-12,BUKIT PANJANG,4 ROOM,185,JELEBU RD,28 TO 30,91.0,Premium Apartment,2003,570000.0,85.0,85,0,85 years 0 months,Statistical Price Anomaly (Grouped IQR Outlier),True,6263.736263736264,1.5523932606061794,False
2016-12,CLEMENTI,3 ROOM,423,CLEMENTI AVE 1,22 TO 24,70.0,Model A,2013,570000.0,95.0,95,0,95 years 0 months,Statistical Price Anomaly (Grouped IQR Outlier),True,8142.857142857143,3.469507175837903,True
2016-09,BUKIT MERAH,3 ROOM,52,HAVELOCK RD,34 TO 36,69.0,Model A,2013,570000.0,95.0,95,3,95 years 3 months,Statistical Price Anomaly (Grouped IQR Outlier),True,8260.869565217392,3.589905634282408,True
2016-04,TAMPINES,4 ROOM,167B,SIMEI LANE,07 TO 09,94.0,DBSS,2011,570000.0,93.0,93,8,93 years 8 months,Statistical Price Anomaly (Grouped IQR Outlier),True,6063.829787234043,1.3484449717517408,False
2012-05,HOUGANG,4 ROOM,220,HOUGANG ST 21,11 TO 15,104.0,Model A,1992,570000.0,,78,7,78 years 7 months,Statistical Price Anomaly (Grouped IQR Outlier),True,5480.7692307692305,0.7535957959262943,False
2013-09,BEDOK,4 ROOM,774,BEDOK RESERVOIR VIEW,19 TO 21,107.0,Premium Apartment,2000,570000.0,,85,3,85 years 3 months,Statistical Price Anomaly (Grouped IQR Outlier),True,5327.102803738318,0.5968224617367843,False
2015-11,QUEENSTOWN,3 ROOM,61B,STRATHMORE AVE,07 TO 09,70.0,Model A,2011,570000.0,94.0,94,1,94 years 1 months,Statistical Price Anomaly (Grouped IQR Outlier),True,8142.857142857143,3.469507175837903,True
2016-12,QUEENSTOWN,3 ROOM,18A,HOLLAND DR,16 TO 18,67.0,Model A,2012,570000.0,94.0,94,0,94 years 0 months,Statistical Price Anomaly (Grouped IQR Outlier),True,8507.462686567163,3.8414845026739077,True
2013-09,BUKIT MERAH,3 ROOM,26A,JLN MEMBINA,22 TO 24,60.0,Model A,2008,570000.0,,93,3,93 years 3 months,Statistical Price Anomaly (Grouped IQR Outlier),True,9500.0,4.854089447949703,True
2014-01,HOUGANG,4 ROOM,220,HOUGANG ST 21,13 TO 15,104.0,Model A,1992,569000.0,,76,11,76 years 11 months,Statistical Price Anomaly (Grouped IQR Outlier),True,5471.153846153846,0.7437860025004008,False
2012-12,BUKIT BATOK,4 ROOM,383,BT BATOK WEST AVE 5,25 TO 27,90.0,Model A,2005,568888.0,,91,0,91 years 0 months,Statistical Price Anomaly (Grouped IQR Outlier),True,6320.977777777778,1.6107921131319727,False
2015-03,BEDOK,4 ROOM,180,BEDOK NTH RD,19 TO 21,85.0,Model A,2006,568000.0,89.0,89,9,89 years 9 months,Statistical Price Anomaly (Grouped IQR Outlier),True,6682.35294117647,1.9794737461596925,False
2014-05,BEDOK,4 ROOM,180,BEDOK NTH RD,19 TO 21,92.0,Model A,2006,568000.0,,90,7,90 years 7 months,Statistical Price Anomaly (Grouped IQR Outlier),True,6173.913043478261,1.4607539481059089,False
2014-09,BEDOK,4 ROOM,182,BEDOK NTH RD,19 TO 21,85.0,Model A,2006,568000.0,,90,3,90 years 3 months,Statistical Price Anomaly (Grouped IQR Outlier),True,6682.35294117647,1.9794737461596925,False
2016-06,KALLANG/WHAMPOA,3 ROOM,7,BOON KENG RD,04 TO 06,69.0,DBSS,2011,568000.0,93.0,93,6,93 years 6 months,Statistical Price Anomaly (Grouped IQR Outlier),True,8231.884057971014,3.5603340830855106,True
2015-05,KALLANG/WHAMPOA,3 ROOM,5A,UPP BOON KENG RD,25 TO 27,67.0,Model A,2012,568000.0,96.0,95,7,95 years 7 months,Statistical Price Anomaly (Grouped IQR Outlier),True,8477.611940298508,3.811030218605464,True
2013-10,JURONG WEST,4 ROOM,517D,JURONG WEST ST 52,13 TO 15,95.0,Model A,2000,565000.0,,85,2,85 years 2 months,Statistical Price Anomaly (Grouped IQR Outlier),True,5947.368421052632,1.2296289295406968,False
2015-12,QUEENSTOWN,3 ROOM,18A,HOLLAND DR,25 TO 27,67.0,Model A,2012,565000.0,95.0,95,0,95 years 0 months,Statistical Price Anomaly (Grouped IQR Outlier),True,8432.835820895523,3.765348792502797,True
2016-06,BUKIT BATOK,4 ROOM,622,BT BATOK CTRL,07 TO 09,90.0,Model A,2003,565000.0,86.0,85,6,85 years 6 months,Statistical Price Anomaly (Grouped IQR Outlier),True,6277.777777777777,1.5667186732281184,False
2012-04,KALLANG/WHAMPOA,3 ROOM,12,FARRER PK RD,26 TO 30,62.0,Model A,2004,565000.0,,90,8,90 years 8 months,Statistical Price Anomaly (Grouped IQR Outlier),True,9112.90322580645,4.45916615132019,True
2015-09,JURONG EAST,4 ROOM,288D,JURONG EAST ST 21,22 TO 24,100.0,Model A,2000,565000.0,83.0,83,3,83 years 3 months,Statistical Price Anomaly (Grouped IQR Outlier),True,5650.0,0.9262481602220171,False
2016-06,BUKIT MERAH,3 ROOM,127A,KIM TIAN RD,37 TO 39,62.0,Model A,2013,565000.0,95.0,95,6,95 years 6 months,Statistical Price Anomaly (Grouped IQR Outlier),True,9112.90322580645,4.45916615132019,True
2016-10,BUKIT PANJANG,4 ROOM,181,JELEBU RD,28 TO 30,93.0,Premium Apartment,2003,565000.0,85.0,85,2,85 years 2 months,Statistical Price Anomaly (Grouped IQR Outlier),True,6075.268817204301,1.3601152819358275,False
2013-01,BUKIT PANJANG,4 ROOM,182,JELEBU RD,28 TO 30,91.0,Premium Apartment,2003,565000.0,,88,11,88 years 11 months,Statistical Price Anomaly (Grouped IQR Outlier),True,6208.791208791209,1.4963372981725036,False
2013-11,BUKIT PANJANG,4 ROOM,182,JELEBU RD,19 TO 21,94.0,Premium Apartment,2003,565000.0,,88,1,88 years 1 months,Statistical Price Anomaly (Grouped IQR Outlier),True,6010.63829787234,1.294178029395735,False
2015-11,BUKIT BATOK,4 ROOM,621,BT BATOK CTRL,10 TO 12,90.0,Model A,2003,565000.0,87.0,86,1,86 years 1 months,Statistical Price Anomaly (Grouped IQR Outlier),True,6277.777777777777,1.5667186732281184,False
2016-08,BUKIT PANJANG,4 ROOM,184,JELEBU RD,28 TO 30,91.0,Premium Apartment,2003,565000.0,85.0,85,4,85 years 4 months,Statistical Price Anomaly (Grouped IQR Outlier),True,6208.791208791209,1.4963372981725036,False
2012-10,BUKIT PANJANG,4 ROOM,182,JELEBU RD,13 TO 15,94.0,Premium Apartment,2003,563800.0,,89,2,89 years 2 months,Statistical Price Anomaly (Grouped IQR Outlier),True,5997.872340425532,1.2811539632302933,False
2013-04,BUKIT PANJANG,4 ROOM,603,SENJA RD,13 TO 15,99.0,Model A,1999,563500.0,,84,8,84 years 8 months,Statistical Price Anomaly (Grouped IQR Outlier),True,5691.919191919192,0.9690148960060123,False
2012-10,WOODLANDS,5 ROOM,365,WOODLANDS AVE 5,07 TO 09,126.0,Improved,1996,563000.0,,82,2,82 years 2 months,Statistical Price Anomaly (Grouped IQR Outlier),True,4468.253968253968,-0.2793910229209482,False
2013-04,HOUGANG,4 ROOM,831,HOUGANG CTRL,04 TO 06,104.0,Model A,1992,562000.0,,77,8,77 years 8 months,Statistical Price Anomaly (Grouped IQR Outlier),True,5403.846153846154,0.6751174485191485,False
2014-07,JURONG EAST,4 ROOM,288A,JURONG EAST ST 21,22 TO 24,102.0,Model A,2000,562000.0,,84,5,84 years 5 months,Statistical Price Anomaly (Grouped IQR Outlier),True,5509.803921568628,0.7832175250946786,False
2016-07,KALLANG/WHAMPOA,3 ROOM,9,BOON KENG RD,01 TO 03,70.0,DBSS,2011,560000.0,93.0,93,5,93 years 5 months,Statistical Price Anomaly (Grouped IQR Outlier),True,8000.0,3.3237616735103446,True
2014-04,BUKIT PANJANG,4 ROOM,182,JELEBU RD,25 TO 27,90.0,Premium Apartment,2003,560000.0,,87,8,87 years 8 months,Statistical Price Anomaly (Grouped IQR Outlier),True,6222.222222222223,1.5100398667674022,False
2014-08,JURONG WEST,4 ROOM,517E,JURONG WEST ST 52,04 TO 06,95.0,Model A,2000,560000.0,,84,4,84 years 4 months,Statistical Price Anomaly (Grouped IQR Outlier),True,5894.736842105263,1.1759332181568598,False
2016-04,KALLANG/WHAMPOA,3 ROOM,12,KG ARANG RD,10 TO 12,103.0,New Generation,1982,560000.0,65.0,64,8,64 years 8 months,Statistical Price Anomaly (Grouped IQR Outlier),True,5436.8932038834955,0.7088326608761022,False
2016-11,BUKIT MERAH,3 ROOM,52,HAVELOCK RD,16 TO 18,69.0,Model A,2013,560000.0,95.0,95,1,95 years 1 months,Statistical Price Anomaly (Grouped IQR Outlier),True,8115.942028985507,3.442047878297928,True
2013-07,HOUGANG,4 ROOM,837,HOUGANG CTRL,07 TO 09,100.0,Model A,1997,560000.0,,82,5,82 years 5 months,Statistical Price Anomaly (Grouped IQR Outlier),True,5600.0,0.8752372344073718,False
2013-06,BUKIT PANJANG,4 ROOM,183,JELEBU RD,10 TO 12,91.0,Premium Apartment,2003,560000.0,,88,6,88 years 6 months,Statistical Price Anomaly (Grouped IQR Outlier),True,6153.846153846154,1.4402813357388276,False
2016-08,CLEMENTI,3 ROOM,424,CLEMENTI AVE 1,10 TO 12,75.0,Model A,2013,560000.0,96.0,95,4,95 years 4 months,Statistical Price Anomaly (Grouped IQR Outlier),True,7466.666666666667,2.779645131487462,False
2013-03,CHOA CHU KANG,4 ROOM,631,CHOA CHU KANG NTH 6,04 TO 06,113.0,Premium Apartment,1998,560000.0,,83,9,83 years 9 months,Statistical Price Anomaly (Grouped IQR Outlier),True,4955.7522123893805,0.2179637124062787,False
2015-12,BUKIT PANJANG,4 ROOM,184,JELEBU RD,19 TO 21,91.0,Premium Apartment,2003,560000.0,86.0,86,0,86 years 0 months,Statistical Price Anomaly (Grouped IQR Outlier),True,6153.846153846154,1.4402813357388276,False
2013-09,WOODLANDS,5 ROOM,368,WOODLANDS AVE 1,07 TO 09,123.0,Improved,1997,560000.0,,82,3,82 years 3 months,Statistical Price Anomaly (Grouped IQR Outlier),True,4552.845528455285,-0.1930891468814591,False
2015-12,BUKIT MERAH,3 ROOM,26B,JLN MEMBINA,28 TO 30,60.0,Model A,2009,558500.0,92.0,92,0,92 years 0 months,Statistical Price Anomaly (Grouped IQR Outlier),True,9308.333333333334,4.65854756566023,True
2012-12,CHOA CHU KANG,4 ROOM,640,CHOA CHU KANG ST 64,07 TO 09,100.0,Premium Apartment,1998,558000.0,,84,0,84 years 0 months,Statistical Price Anomaly (Grouped IQR Outlier),True,5580.0,0.8548328640815137,False
2015-08,BUKIT MERAH,3 ROOM,58,HAVELOCK RD,19 TO 21,69.0,Model A,2013,558000.0,96.0,96,4,96 years 4 months,Statistical Price Anomaly (Grouped IQR Outlier),True,8086.95652173913,3.412476327101032,True
2013-04,CHOA CHU KANG,4 ROOM,637,CHOA CHU KANG NTH 6,07 TO 09,113.0,Premium Apartment,1998,555500.0,,83,8,83 years 8 months,Statistical Price Anomaly (Grouped IQR Outlier),True,4915.929203539823,0.17733554140346391,False
2012-03,BUKIT MERAH,3 ROOM,44,MOH GUAN TER,01 TO 05,77.0,Standard,1973,555000.0,,59,9,59 years 9 months,Statistical Price Anomaly (Grouped IQR Outlier),True,7207.792207792208,2.5155366151484326,False
2013-04,WOODLANDS,5 ROOM,351,WOODLANDS AVE 1,07 TO 09,124.0,Improved,1996,555000.0,,81,8,81 years 8 months,Statistical Price Anomaly (Grouped IQR Outlier),True,4475.806451612903,-0.2716858395541685,False
2012-09,MARINE PARADE,3 ROOM,64,MARINE DR,10 TO 12,79.0,Improved,1976,555000.0,,62,3,62 years 3 months,Statistical Price Anomaly (Grouped IQR Outlier),True,7025.316455696203,2.3293714740856144,False
2015-06,HOUGANG,4 ROOM,838,HOUGANG CTRL,13 TO 15,98.0,Model A,1997,553888.0,80.0,80,6,80 years 6 months,Statistical Price Anomaly (Grouped IQR Outlier),True,5651.918367346939,0.9282053141104157,False
2012-10,WOODLANDS,5 ROOM,513,WOODLANDS DR 14,10 TO 12,128.0,Premium Apartment,1999,553000.0,,85,2,85 years 2 months,Statistical Price Anomaly (Grouped IQR Outlier),True,4320.3125,-0.43032364816120555,False
2016-08,JURONG WEST,4 ROOM,517D,JURONG WEST ST 52,13 TO 15,95.0,Model A,2000,553000.0,82.0,82,4,82 years 4 months,Statistical Price Anomaly (Grouped IQR Outlier),True,5821.0526315789475,1.100759222219488,False
2016-10,HOUGANG,4 ROOM,220,HOUGANG ST 21,10 TO 12,105.0,Model A,1992,552000.0,75.0,74,2,74 years 2 months,Statistical Price Anomaly (Grouped IQR Outlier),True,5257.142857142857,0.5254480288212325,False
2014-10,JURONG WEST,4 ROOM,517C,JURONG WEST ST 52,16 TO 18,95.0,Model A,2000,552000.0,,84,2,84 years 2 months,Statistical Price Anomaly (Grouped IQR Outlier),True,5810.526315789473,1.09002007994272,False
2012-07,WOODLANDS,5 ROOM,363,WOODLANDS AVE 5,07 TO 09,120.0,Improved,1996,552000.0,,82,5,82 years 5 months,Statistical Price Anomaly (Grouped IQR Outlier),True,4600.0,-0.1449812818855336,False
2016-01,JURONG WEST,4 ROOM,517C,JURONG WEST ST 52,10 TO 12,95.0,Model A,2000,552000.0,83.0,82,11,82 years 11 months,Statistical Price Anomaly (Grouped IQR Outlier),True,5810.526315789473,1.09002007994272,False
2013-02,WOODLANDS,5 ROOM,370,WOODLANDS AVE 1,07 TO 09,123.0,Improved,1996,551000.0,,81,10,81 years 10 months,Statistical Price Anomaly (Grouped IQR Outlier),True,4479.674796747968,-0.2677392822199642,False
2013-06,HOUGANG,4 ROOM,462,HOUGANG AVE 10,10 TO 12,105.0,Model A,1992,550000.0,,77,6,77 years 6 months,Statistical Price Anomaly (Grouped IQR Outlier),True,5238.0952380952385,0.5060152951775588,False
2013-10,BUKIT MERAH,3 ROOM,26C,JLN MEMBINA,22 TO 24,60.0,Model A,2009,550000.0,,94,2,94 years 2 months,Statistical Price Anomaly (Grouped IQR Outlier),True,9166.666666666666,4.514016609185401,True
2014-06,JURONG WEST,4 ROOM,517C,JURONG WEST ST 52,10 TO 12,95.0,Model A,2000,550000.0,,84,6,84 years 6 months,Statistical Price Anomaly (Grouped IQR Outlier),True,5789.473684210527,1.0685417953891858,False
2015-04,JURONG WEST,4 ROOM,517E,JURONG WEST ST 52,04 TO 06,95.0,Model A,2000,550000.0,84.0,83,8,83 years 8 months,Statistical Price Anomaly (Grouped IQR Outlier),True,5789.473684210527,1.0685417953891858,False
2013-01,CHOA CHU KANG,4 ROOM,639,CHOA CHU KANG ST 64,10 TO 12,100.0,Premium Apartment,1998,550000.0,,83,11,83 years 11 months,Statistical Price Anomaly (Grouped IQR Outlier),True,5500.0,0.7732153827780812,False
2013-07,CHOA CHU KANG,4 ROOM,635,CHOA CHU KANG NTH 6,07 TO 09,113.0,Premium Apartment,1998,550000.0,,83,5,83 years 5 months,Statistical Price Anomaly (Grouped IQR Outlier),True,4867.256637168141,0.127678887955579,False
2013-03,CHOA CHU KANG,4 ROOM,642,CHOA CHU KANG ST 64,07 TO 09,100.0,Premium Apartment,1998,550000.0,,83,9,83 years 9 months,Statistical Price Anomaly (Grouped IQR Outlier),True,5500.0,0.7732153827780812,False
2016-11,BUKIT MERAH,3 ROOM,52,HAVELOCK RD,10 TO 12,69.0,Model A,2013,550000.0,95.0,95,1,95 years 1 months,Statistical Price Anomaly (Grouped IQR Outlier),True,7971.014492753623,3.2941901223134487,True
2014-11,BUKIT MERAH,3 ROOM,26C,JLN MEMBINA,25 TO 27,60.0,Model A,2009,550000.0,,93,1,93 years 1 months,Statistical Price Anomaly (Grouped IQR Outlier),True,9166.666666666666,4.514016609185401,True
2012-11,HOUGANG,4 ROOM,461,HOUGANG AVE 10,04 TO 06,105.0,Model A,1992,550000.0,,78,1,78 years 1 months,Statistical Price Anomaly (Grouped IQR Outlier),True,5238.0952380952385,0.5060152951775588,False
2012-07,CHOA CHU KANG,4 ROOM,634,CHOA CHU KANG NTH 6,10 TO 12,113.0,Premium Apartment,1998,550000.0,,84,5,84 years 5 months,Statistical Price Anomaly (Grouped IQR Outlier),True,4867.256637168141,0.127678887955579,False
2016-06,KALLANG/WHAMPOA,3 ROOM,8,BOON KENG RD,01 TO 03,70.0,DBSS,2011,550000.0,93.0,93,6,93 years 6 months,Statistical Price Anomaly (Grouped IQR Outlier),True,7857.142857142857,3.1780161711827866,True
2016-06,BUKIT MERAH,3 ROOM,52,HAVELOCK RD,16 TO 18,69.0,Model A,2013,550000.0,95.0,95,6,95 years 6 months,Statistical Price Anomaly (Grouped IQR Outlier),True,7971.014492753623,3.2941901223134487,True
2013-09,BUKIT PANJANG,4 ROOM,626,SENJA RD,28 TO 30,93.0,Premium Apartment,2005,548000.0,,90,3,90 years 3 months,Statistical Price Anomaly (Grouped IQR Outlier),True,5892.4731182795695,1.1736237251941135,False
2012-12,MARINE PARADE,3 ROOM,67,MARINE DR,16 TO 18,76.0,Improved,1976,547500.0,,62,0,62 years 0 months,Statistical Price Anomaly (Grouped IQR Outlier),True,7203.9473684210525,2.511614038829808,False
2013-09,BUKIT PANJANG,4 ROOM,170,GANGSA RD,19 TO 21,101.0,Model A,1997,547000.0,,82,3,82 years 3 months,Statistical Price Anomaly (Grouped IQR Outlier),True,5415.841584158416,0.6873554086346186,False
2015-05,BUKIT MERAH,3 ROOM,58,HAVELOCK RD,37 TO 39,69.0,Model A,2013,547000.0,97.0,96,7,96 years 7 months,Statistical Price Anomaly (Grouped IQR Outlier),True,7927.536231884058,3.249832795518105,True
2012-08,HOUGANG,4 ROOM,832,HOUGANG CTRL,04 TO 06,110.0,Model A,1992,546000.0,,78,4,78 years 4 months,Statistical Price Anomaly (Grouped IQR Outlier),True,4963.636363636364,0.22600726949370506,False
2016-04,BUKIT MERAH,3 ROOM,13,CANTONMENT CL,28 TO 30,60.0,Model A,2003,545000.0,85.0,85,8,85 years 8 months,Statistical Price Anomaly (Grouped IQR Outlier),True,9083.333333333334,4.4289983994943265,True
2013-05,JURONG WEST,4 ROOM,514,JURONG WEST ST 52,10 TO 12,108.0,Model A,1984,545000.0,,69,7,69 years 7 months,Statistical Price Anomaly (Grouped IQR Outlier),True,5046.2962962962965,0.3103384633488929,False
2012-01,HOUGANG,4 ROOM,220,HOUGANG ST 21,07 TO 09,107.0,Model A,1992,545000.0,,78,11,78 years 11 months,Statistical Price Anomaly (Grouped IQR Outlier),True,5093.457943925234,0.3584536495188162,False
2016-11,BUKIT MERAH,3 ROOM,127A,KIM TIAN RD,16 TO 18,62.0,Model A,2013,545000.0,95.0,95,1,95 years 1 months,Statistical Price Anomaly (Grouped IQR Outlier),True,8790.322580645161,4.130063404128931,True
2013-04,BUKIT MERAH,3 ROOM,26A,JLN MEMBINA,19 TO 21,60.0,Model A,2008,545000.0,,93,8,93 years 8 months,Statistical Price Anomaly (Grouped IQR Outlier),True,9083.333333333334,4.4289983994943265,True
2013-04,BUKIT MERAH,3 ROOM,26D,JLN MEMBINA,10 TO 12,60.0,Model A,2009,545000.0,,94,8,94 years 8 months,Statistical Price Anomaly (Grouped IQR Outlier),True,9083.333333333334,4.4289983994943265,True
2016-08,JURONG WEST,4 ROOM,517D,JURONG WEST ST 52,07 TO 09,95.0,Model A,2000,545000.0,82.0,82,4,82 years 4 months,Statistical Price Anomaly (Grouped IQR Outlier),True,5736.8421052631575,1.014846084005348,False
2015-12,HOUGANG,4 ROOM,220,HOUGANG ST 21,10 TO 12,104.0,Model A,1992,545000.0,75.0,75,0,75 years 0 months,Statistical Price Anomaly (Grouped IQR Outlier),True,5240.384615384615,0.5083509602789614,False
2013-09,BUKIT PANJANG,4 ROOM,172,GANGSA RD,19 TO 21,101.0,Model A,1997,545000.0,,82,3,82 years 3 months,Statistical Price Anomaly (Grouped IQR Outlier),True,5396.039603960396,0.6671530617773332,False
2012-12,BUKIT PANJANG,4 ROOM,176,LOMPANG RD,19 TO 21,101.0,Model A,1997,545000.0,,83,0,83 years 0 months,Statistical Price Anomaly (Grouped IQR Outlier),True,5396.039603960396,0.6671530617773332,False
2013-10,BUKIT PANJANG,4 ROOM,174,LOMPANG RD,10 TO 12,101.0,Model A,1997,544000.0,,82,2,82 years 2 months,Statistical Price Anomaly (Grouped IQR Outlier),True,5386.138613861386,0.657051888348691,False
2012-09,CHOA CHU KANG,4 ROOM,637,CHOA CHU KANG NTH 6,07 TO 09,113.0,Premium Apartment,1998,544000.0,,84,3,84 years 3 months,Statistical Price Anomaly (Grouped IQR Outlier),True,4814.159292035398,0.07350799328515899,False
2012-06,BUKIT PANJANG,4 ROOM,182,JELEBU RD,28 TO 30,90.0,Premium Apartment,2003,543000.0,,89,6,89 years 6 months,Statistical Price Anomaly (Grouped IQR Outlier),True,6033.333333333333,1.3173319248009638,False
2014-06,BUKIT PANJANG,4 ROOM,185,JELEBU RD,13 TO 15,91.0,Premium Apartment,2003,543000.0,,87,6,87 years 6 months,Statistical Price Anomaly (Grouped IQR Outlier),True,5967.0329670329675,1.2496910634643288,False
2014-04,BUKIT PANJANG,4 ROOM,603,SENJA RD,10 TO 12,99.0,Model A,1999,542000.0,,83,8,83 years 8 months,Statistical Price Anomaly (Grouped IQR Outlier),True,5474.747474747474,0.7474522889323004,False
2012-12,JURONG WEST,4 ROOM,513,JURONG WEST ST 52,10 TO 12,104.0,Model A,1984,542000.0,,70,0,70 years 0 months,Statistical Price Anomaly (Grouped IQR Outlier),True,5211.538461538462,0.478921580001282,False
2012-08,BUKIT PANJANG,4 ROOM,175,LOMPANG RD,25 TO 27,104.0,Model A,1997,541000.0,,83,4,83 years 4 months,Statistical Price Anomaly (Grouped IQR Outlier),True,5201.923076923077,0.4691117865753885,False
2012-01,HOUGANG,4 ROOM,835,HOUGANG CTRL,07 TO 09,110.0,Model A,1992,540000.0,,78,11,78 years 11 months,Statistical Price Anomaly (Grouped IQR Outlier),True,4909.090909090909,0.17035898678681888,False
2013-11,BUKIT MERAH,3 ROOM,26D,JLN MEMBINA,13 TO 15,60.0,Model A,2009,540000.0,,94,1,94 years 1 months,Statistical Price Anomaly (Grouped IQR Outlier),True,9000.0,4.34398018980325,True
2012-08,BUKIT PANJANG,4 ROOM,605,SENJA RD,25 TO 27,99.0,Model A,1999,540000.0,,85,4,85 years 4 months,Statistical Price Anomaly (Grouped IQR Outlier),True,5454.545454545455,0.7268418138556769,False
2016-08,JURONG WEST,4 ROOM,517C,JURONG WEST ST 52,13 TO 15,95.0,Model A,2000,540000.0,82.0,82,4,82 years 4 months,Statistical Price Anomaly (Grouped IQR Outlier),True,5684.210526315789,0.9611503726215108,False
2012-08,BUKIT PANJANG,4 ROOM,175,LOMPANG RD,25 TO 27,101.0,Model A,1997,540000.0,,83,4,83 years 4 months,Statistical Price Anomaly (Grouped IQR Outlier),True,5346.534653465346,0.6166471946341203,False
2013-04,PASIR RIS,4 ROOM,573,PASIR RIS ST 53,10 TO 12,110.0,Model A,1995,540000.0,,80,8,80 years 8 months,Statistical Price Anomaly (Grouped IQR Outlier),True,4909.090909090909,0.17035898678681888,False
2015-01,BUKIT MERAH,3 ROOM,26C,JLN MEMBINA,22 TO 24,60.0,Model A,2009,540000.0,93.0,92,11,92 years 11 months,Statistical Price Anomaly (Grouped IQR Outlier),True,9000.0,4.34398018980325,True
2014-07,HOUGANG,4 ROOM,433,HOUGANG AVE 8,13 TO 15,113.0,Model A,1989,540000.0,,73,5,73 years 5 months,Statistical Price Anomaly (Grouped IQR Outlier),True,4778.761061946902,0.03739406350487928,False
2013-03,BUKIT MERAH,3 ROOM,26A,JLN MEMBINA,13 TO 15,60.0,Model A,2008,540000.0,,93,9,93 years 9 months,Statistical Price Anomaly (Grouped IQR Outlier),True,9000.0,4.34398018980325,True
2014-06,BUKIT MERAH,3 ROOM,26C,JLN MEMBINA,22 TO 24,60.0,Model A,2009,540000.0,,93,6,93 years 6 months,Statistical Price Anomaly (Grouped IQR Outlier),True,9000.0,4.34398018980325,True
2013-04,HOUGANG,4 ROOM,837,HOUGANG CTRL,04 TO 06,100.0,Model A,1997,540000.0,,82,8,82 years 8 months,Statistical Price Anomaly (Grouped IQR Outlier),True,5400.0,0.6711935311487907,False
2016-03,BUKIT PANJANG,4 ROOM,182,JELEBU RD,22 TO 24,91.0,Premium Apartment,2003,540000.0,86.0,85,9,85 years 9 months,Statistical Price Anomaly (Grouped IQR Outlier),True,5934.065934065934,1.2160574860041224,False
2013-08,CHOA CHU KANG,4 ROOM,640,CHOA CHU KANG ST 64,07 TO 09,100.0,Premium Apartment,1998,538888.0,,83,4,83 years 4 months,Statistical Price Anomaly (Grouped IQR Outlier),True,5388.88,0.6598487012476137,False
2013-12,KALLANG/WHAMPOA,3 ROOM,12,FARRER PK RD,22 TO 24,62.0,Model A,2004,538888.0,,89,0,89 years 0 months,Statistical Price Anomaly (Grouped IQR Outlier),True,8691.741935483871,4.029489604587282,True
2015-09,HOUGANG,4 ROOM,835,HOUGANG CTRL,16 TO 18,104.0,Model A,1992,538888.0,76.0,75,3,75 years 3 months,Statistical Price Anomaly (Grouped IQR Outlier),True,5181.615384615385,0.44839350285990176,False
2013-02,BUKIT PANJANG,4 ROOM,176,LOMPANG RD,10 TO 12,101.0,Model A,1997,538500.0,,82,10,82 years 10 months,Statistical Price Anomaly (Grouped IQR Outlier),True,5331.683168316832,0.6014954344911569,False
2014-08,BUKIT PANJANG,4 ROOM,165,GANGSA RD,25 TO 27,101.0,Model A,1998,538000.0,,82,4,82 years 4 months,Statistical Price Anomaly (Grouped IQR Outlier),True,5326.732673267326,0.5964448477768349,False
2012-11,BUKIT PANJANG,4 ROOM,626,SENJA RD,19 TO 21,93.0,Premium Apartment,2005,538000.0,,91,1,91 years 1 months,Statistical Price Anomaly (Grouped IQR Outlier),True,5784.94623655914,1.063922809463694,False
2013-02,PASIR RIS,4 ROOM,570,PASIR RIS ST 53,04 TO 06,109.0,Model A,1995,535000.0,,80,10,80 years 10 months,Statistical Price Anomaly (Grouped IQR Outlier),True,4908.256880733945,0.1695080956139307,False
2013-04,KALLANG/WHAMPOA,3 ROOM,12,KG ARANG RD,07 TO 09,103.0,New Generation,1982,535000.0,,67,8,67 years 8 months,Statistical Price Anomaly (Grouped IQR Outlier),True,5194.174757281553,0.4612068074069495,False
2012-08,JURONG WEST,4 ROOM,987A,JURONG WEST ST 93,16 TO 18,93.0,Premium Apartment,2008,535000.0,,94,4,94 years 4 months,Statistical Price Anomaly (Grouped IQR Outlier),True,5752.688172043011,1.0310125347445684,False
2013-05,JURONG WEST,4 ROOM,516,JURONG WEST ST 52,07 TO 09,103.0,Model A,1984,535000.0,,69,7,69 years 7 months,Statistical Price Anomaly (Grouped IQR Outlier),True,5194.174757281553,0.4612068074069495,False
2013-07,CHOA CHU KANG,4 ROOM,635,CHOA CHU KANG NTH 6,04 TO 06,113.0,Premium Apartment,1998,533000.0,,83,5,83 years 5 months,Statistical Price Anomaly (Grouped IQR Outlier),True,4716.814159292036,-0.025805313610609955,False
2013-05,JURONG WEST,4 ROOM,348,KANG CHING RD,01 TO 03,102.0,Model A,1997,533000.0,,82,7,82 years 7 months,Statistical Price Anomaly (Grouped IQR Outlier),True,5225.490196078431,0.49315539791336166,False
2013-01,WOODLANDS,4 ROOM,510,WOODLANDS DR 14,04 TO 06,107.0,Premium Apartment,1999,533000.0,,84,11,84 years 11 months,Statistical Price Anomaly (Grouped IQR Outlier),True,4981.308411214954,0.2440366196541914,False
2012-08,PASIR RIS,4 ROOM,574,PASIR RIS ST 53,10 TO 12,112.0,Model A,1995,532000.0,,81,4,81 years 4 months,Statistical Price Anomaly (Grouped IQR Outlier),True,4750.0,0.008051495558402205,False
2013-06,PASIR RIS,4 ROOM,574,PASIR RIS ST 53,10 TO 12,112.0,Model A,1995,532000.0,,80,6,80 years 6 months,Statistical Price Anomaly (Grouped IQR Outlier),True,4750.0,0.008051495558402205,False
2013-08,CHOA CHU KANG,4 ROOM,635,CHOA CHU KANG NTH 6,04 TO 06,113.0,Premium Apartment,1998,532000.0,,83,4,83 years 4 months,Statistical Price Anomaly (Grouped IQR Outlier),True,4707.9646017699115,-0.03483379605568011,False
2015-02,KALLANG/WHAMPOA,3 ROOM,14,KG ARANG RD,01 TO 03,103.0,New Generation,1984,532000.0,68.0,67,10,67 years 10 months,Statistical Price Anomaly (Grouped IQR Outlier),True,5165.0485436893205,0.43149170499065187,False
2012-06,JURONG WEST,4 ROOM,517C,JURONG WEST ST 52,01 TO 03,95.0,Model A,2000,530000.0,,86,6,86 years 6 months,Statistical Price Anomaly (Grouped IQR Outlier),True,5578.9473684210525,0.8537589498538368,False
2012-05,PASIR RIS,4 ROOM,571,PASIR RIS ST 53,11 TO 15,108.0,Model A,1995,530000.0,,81,7,81 years 7 months,Statistical Price Anomaly (Grouped IQR Outlier),True,4907.407407407408,0.16864144719710072,False
2013-04,CHOA CHU KANG,4 ROOM,340,CHOA CHU KANG LOOP,04 TO 06,106.0,Model A,1993,530000.0,,78,8,78 years 8 months,Statistical Price Anomaly (Grouped IQR Outlier),True,5000.0,0.2631061246316286,False
2016-09,KALLANG/WHAMPOA,3 ROOM,38B,BENDEMEER RD,25 TO 27,69.0,Model A,2012,530000.0,94.0,94,3,94 years 3 months,Statistical Price Anomaly (Grouped IQR Outlier),True,7681.159420289855,2.998474610344491,False
2012-09,CHOA CHU KANG,4 ROOM,641,CHOA CHU KANG ST 64,13 TO 15,100.0,Premium Apartment,1998,528000.0,,84,3,84 years 3 months,Statistical Price Anomaly (Grouped IQR Outlier),True,5280.0,0.548767309193642,False
2016-04,KALLANG/WHAMPOA,3 ROOM,38B,BENDEMEER RD,22 TO 24,69.0,Model A,2012,528000.0,95.0,94,8,94 years 8 months,Statistical Price Anomaly (Grouped IQR Outlier),True,7652.173913043478,2.968903059147595,False
2013-02,JURONG WEST,4 ROOM,515,JURONG WEST ST 52,07 TO 09,103.0,Model A,1984,527500.0,,69,10,69 years 10 months,Statistical Price Anomaly (Grouped IQR Outlier),True,5121.359223300971,0.38691905136620486,False
2013-05,PASIR RIS,4 ROOM,477,PASIR RIS DR 6,04 TO 06,122.0,Model A,1989,527000.0,,74,7,74 years 7 months,Statistical Price Anomaly (Grouped IQR Outlier),True,4319.672131147541,-0.43097696432174126,False
2012-12,CHOA CHU KANG,4 ROOM,634,CHOA CHU KANG NTH 6,07 TO 09,113.0,Premium Apartment,1998,526000.0,,84,0,84 years 0 months,Statistical Price Anomaly (Grouped IQR Outlier),True,4654.867256637168,-0.08900469072610012,False
2013-06,PASIR RIS,4 ROOM,481,PASIR RIS DR 4,10 TO 12,114.0,Model A,1992,525000.0,,77,6,77 years 6 months,Statistical Price Anomaly (Grouped IQR Outlier),True,4605.263157894737,-0.1396117107471501,False
2012-05,JURONG WEST,4 ROOM,516,JURONG WEST ST 52,06 TO 10,104.0,Model A,1984,525000.0,,70,7,70 years 7 months,Statistical Price Anomaly (Grouped IQR Outlier),True,5048.076923076923,0.31215509176109496,False
2012-07,JURONG WEST,4 ROOM,518,JURONG WEST ST 52,10 TO 12,104.0,Model A,1984,525000.0,,70,5,70 years 5 months,Statistical Price Anomaly (Grouped IQR Outlier),True,5048.076923076923,0.31215509176109496,False
2016-07,KALLANG/WHAMPOA,3 ROOM,38D,BENDEMEER RD,13 TO 15,69.0,Model A,2012,525000.0,94.0,94,5,94 years 5 months,Statistical Price Anomaly (Grouped IQR Outlier),True,7608.695652173913,2.9245457323522515,False
2013-01,JURONG WEST,4 ROOM,691,JURONG WEST CTRL 1,10 TO 12,99.0,Premium Apartment,1998,522000.0,,83,11,83 years 11 months,Statistical Price Anomaly (Grouped IQR Outlier),True,5272.727272727273,0.5413475381660575,False
2013-07,JURONG WEST,4 ROOM,693,JURONG WEST CTRL 1,07 TO 09,102.0,Premium Apartment,1998,522000.0,,83,5,83 years 5 months,Statistical Price Anomaly (Grouped IQR Outlier),True,5117.64705882353,0.38313183243079424,False
2016-07,CLEMENTI,3 ROOM,420,CLEMENTI AVE 1,22 TO 24,74.0,Model A,2013,521000.0,96.0,95,5,95 years 5 months,Statistical Price Anomaly (Grouped IQR Outlier),True,7040.540540540541,2.344903367337422,False
2015-05,KALLANG/WHAMPOA,3 ROOM,14,KG ARANG RD,04 TO 06,103.0,New Generation,1984,520000.0,68.0,67,7,67 years 7 months,Statistical Price Anomaly (Grouped IQR Outlier),True,5048.543689320389,0.31263129532545925,False
2013-04,BEDOK,3 ROOM,221C,BEDOK CTRL,16 TO 18,69.0,Model A,2010,520000.0,,95,8,95 years 8 months,Statistical Price Anomaly (Grouped IQR Outlier),True,7536.231884057971,2.8506168543600117,False
2012-12,BEDOK,3 ROOM,219A,BEDOK CTRL,04 TO 06,69.0,Model A,2010,520000.0,,96,0,96 years 0 months,Statistical Price Anomaly (Grouped IQR Outlier),True,7536.231884057971,2.8506168543600117,False
2013-05,YISHUN,4 ROOM,808,YISHUN RING RD,10 TO 12,105.0,Model A,1987,520000.0,,72,7,72 years 7 months,Statistical Price Anomaly (Grouped IQR Outlier),True,4952.380952380952,0.21452429052244248,False
2015-10,KALLANG/WHAMPOA,3 ROOM,38D,BENDEMEER RD,13 TO 15,69.0,Model A,2012,518000.0,95.0,95,2,95 years 2 months,Statistical Price Anomaly (Grouped IQR Outlier),True,7507.246376811594,2.8210453031631157,False
2013-06,PASIR RIS,4 ROOM,411,PASIR RIS DR 6,07 TO 09,107.0,Model A,1990,518000.0,,75,6,75 years 6 months,Statistical Price Anomaly (Grouped IQR Outlier),True,4841.121495327103,0.10101533232340995,False
2014-11,PASIR RIS,4 ROOM,572,PASIR RIS ST 53,13 TO 15,113.0,Model A,1995,518000.0,,79,1,79 years 1 months,Statistical Price Anomaly (Grouped IQR Outlier),True,4584.070796460177,-0.1612325502866595,False
2016-05,KALLANG/WHAMPOA,3 ROOM,12,KG ARANG RD,01 TO 03,103.0,New Generation,1982,518000.0,65.0,64,7,64 years 7 months,Statistical Price Anomaly (Grouped IQR Outlier),True,5029.126213592233,0.2928212270479272,False
2013-04,CLEMENTI,3 ROOM,379,CLEMENTI AVE 5,10 TO 12,82.0,New Generation,1980,518000.0,,65,8,65 years 8 months,Statistical Price Anomaly (Grouped IQR Outlier),True,6317.073170731707,1.6068085607247233,False
2013-03,BEDOK,3 ROOM,220A,BEDOK CTRL,10 TO 12,69.0,Model A,2010,515000.0,,95,9,95 years 9 months,Statistical Price Anomaly (Grouped IQR Outlier),True,7463.768115942029,2.7766879763677723,False
2013-01,KALLANG/WHAMPOA,3 ROOM,105,TOWNER RD,07 TO 09,74.0,Model A,1984,515000.0,,69,11,69 years 11 months,Statistical Price Anomaly (Grouped IQR Outlier),True,6959.459459459459,2.262182947097456,False
2012-11,CLEMENTI,3 ROOM,327,CLEMENTI AVE 5,13 TO 15,82.0,New Generation,1978,515000.0,,64,1,64 years 1 months,Statistical Price Anomaly (Grouped IQR Outlier),True,6280.487804878048,1.5694834930554704,False
2012-11,YISHUN,4 ROOM,825,YISHUN ST 81,10 TO 12,103.0,Model A,1988,515000.0,,74,1,74 years 1 months,Statistical Price Anomaly (Grouped IQR Outlier),True,5000.0,0.2631061246316286,False
2016-09,KALLANG/WHAMPOA,3 ROOM,38C,BENDEMEER RD,16 TO 18,69.0,Model A,2012,512000.0,94.0,94,3,94 years 3 months,Statistical Price Anomaly (Grouped IQR Outlier),True,7420.289855072464,2.732330649572429,False
2013-05,YISHUN,4 ROOM,927,YISHUN CTRL 1,01 TO 03,104.0,Model A,1993,510000.0,,78,7,78 years 7 months,Statistical Price Anomaly (Grouped IQR Outlier),True,4903.846153846154,0.16500819037269576,False
2012-10,YISHUN,4 ROOM,800,YISHUN RING RD,10 TO 12,104.0,Model A,1987,510000.0,,73,2,73 years 2 months,Statistical Price Anomaly (Grouped IQR Outlier),True,4903.846153846154,0.16500819037269576,False
2013-04,WOODLANDS,4 ROOM,369,WOODLANDS AVE 1,10 TO 12,105.0,Model A,1996,510000.0,,81,8,81 years 8 months,Statistical Price Anomaly (Grouped IQR Outlier),True,4857.142857142857,0.11736062230407038,False
2013-04,CLEMENTI,3 ROOM,371,CLEMENTI AVE 4,07 TO 09,82.0,New Generation,1981,510000.0,,66,8,66 years 8 months,Statistical Price Anomaly (Grouped IQR Outlier),True,6219.512195121952,1.5072750469400502,False
2015-06,KALLANG/WHAMPOA,3 ROOM,12,KG ARANG RD,10 TO 12,103.0,New Generation,1982,510000.0,65.0,65,6,65 years 6 months,Statistical Price Anomaly (Grouped IQR Outlier),True,4951.456310679611,0.21358095393779783,False
2015-11,KALLANG/WHAMPOA,3 ROOM,12,KG ARANG RD,10 TO 12,103.0,New Generation,1982,509000.0,65.0,65,1,65 years 1 months,Statistical Price Anomaly (Grouped IQR Outlier),True,4941.747572815534,0.20367591979903227,False
2015-06,KALLANG/WHAMPOA,3 ROOM,5A,UPP BOON KENG RD,22 TO 24,67.0,Model A,2012,508000.0,95.0,95,6,95 years 6 months,Statistical Price Anomaly (Grouped IQR Outlier),True,7582.089552238806,2.897401696552116,False
2013-04,KALLANG/WHAMPOA,3 ROOM,50,DORSET RD,04 TO 06,82.0,New Generation,1979,508000.0,,64,8,64 years 8 months,Statistical Price Anomaly (Grouped IQR Outlier),True,6195.121951219512,1.4823916684938812,False
2016-05,KALLANG/WHAMPOA,3 ROOM,39A,BENDEMEER RD,13 TO 15,69.0,Model A,2012,507888.0,95.0,94,7,94 years 7 months,Statistical Price Anomaly (Grouped IQR Outlier),True,7360.695652173913,2.671531540311611,False
2013-05,CLEMENTI,3 ROOM,304,CLEMENTI AVE 4,01 TO 03,82.0,New Generation,1979,507000.0,,64,7,64 years 7 months,Statistical Price Anomaly (Grouped IQR Outlier),True,6182.926829268293,1.4699499792707973,False
2013-01,KALLANG/WHAMPOA,3 ROOM,12,FARRER PK RD,13 TO 15,62.0,Model A,2004,505000.0,,89,11,89 years 11 months,Statistical Price Anomaly (Grouped IQR Outlier),True,8145.1612903225805,3.4718579097464115,True
2012-02,BEDOK,EXECUTIVE,115,BEDOK RESERVOIR RD,04 TO 06,150.0,Maisonette,1985,505000.0,,71,10,71 years 10 months,Statistical Price Anomaly (Grouped IQR Outlier),True,3366.6666666666665,-1.4032507853134504,False
2013-06,CLEMENTI,3 ROOM,379,CLEMENTI AVE 5,10 TO 12,82.0,New Generation,1980,505000.0,,65,6,65 years 6 months,Statistical Price Anomaly (Grouped IQR Outlier),True,6158.536585365854,1.4450666008246291,False
2016-05,KALLANG/WHAMPOA,3 ROOM,12,KG ARANG RD,04 TO 06,107.0,New Generation,1982,505000.0,64.0,64,7,64 years 7 months,Statistical Price Anomaly (Grouped IQR Outlier),True,4719.626168224299,-0.022936450029933404,False
2012-05,KALLANG/WHAMPOA,3 ROOM,15,FARRER PK RD,26 TO 30,62.0,Model A,2004,503000.0,,90,7,90 years 7 months,Statistical Price Anomaly (Grouped IQR Outlier),True,8112.903225806452,3.4389476350272856,True
2015-07,KALLANG/WHAMPOA,3 ROOM,5A,UPP BOON KENG RD,13 TO 15,67.0,Model A,2012,503000.0,95.0,95,5,95 years 5 months,Statistical Price Anomaly (Grouped IQR Outlier),True,7507.462686567164,2.8212659863810035,False
2013-11,GEYLANG,3 ROOM,12,PINE CL,13 TO 15,82.0,New Generation,1981,500888.0,,66,1,66 years 1 months,Statistical Price Anomaly (Grouped IQR Outlier),True,6108.390243902439,1.3939063747393061,False
2015-01,BEDOK,3 ROOM,219A,BEDOK CTRL,16 TO 18,69.0,Model A,2010,500000.0,94.0,93,11,93 years 11 months,Statistical Price Anomaly (Grouped IQR Outlier),True,7246.376811594203,2.554901342391054,False
2013-04,WOODLANDS,4 ROOM,367,WOODLANDS AVE 5,10 TO 12,105.0,Model A,1996,500000.0,,81,8,81 years 8 months,Statistical Price Anomaly (Grouped IQR Outlier),True,4761.9047619047615,0.020196954085698257,False
2014-07,BEDOK,3 ROOM,221B,BEDOK CTRL,16 TO 18,69.0,Model A,2010,500000.0,,94,5,94 years 5 months,Statistical Price Anomaly (Grouped IQR Outlier),True,7246.376811594203,2.554901342391054,False
2013-09,BEDOK,3 ROOM,221C,BEDOK CTRL,07 TO 09,69.0,Model A,2010,500000.0,,95,3,95 years 3 months,Statistical Price Anomaly (Grouped IQR Outlier),True,7246.376811594203,2.554901342391054,False
2014-02,KALLANG/WHAMPOA,3 ROOM,12,FARRER PK RD,19 TO 21,62.0,Model A,2004,500000.0,,88,10,88 years 10 months,Statistical Price Anomaly (Grouped IQR Outlier),True,8064.5161290322585,3.3895822229485972,True
2013-10,BEDOK,3 ROOM,221B,BEDOK CTRL,10 TO 12,69.0,Model A,2010,500000.0,,95,2,95 years 2 months,Statistical Price Anomaly (Grouped IQR Outlier),True,7246.376811594203,2.554901342391054,False
2016-10,KALLANG/WHAMPOA,3 ROOM,7,BOON KENG RD,01 TO 03,68.0,DBSS,2011,500000.0,93.0,93,2,93 years 2 months,Statistical Price Anomaly (Grouped IQR Outlier),True,7352.941176470588,2.6636202806149356,False
2013-03,KALLANG/WHAMPOA,3 ROOM,15,FARRER PK RD,19 TO 21,62.0,Model A,2004,500000.0,,89,9,89 years 9 months,Statistical Price Anomaly (Grouped IQR Outlier),True,8064.5161290322585,3.3895822229485972,True
2016-09,BEDOK,3 ROOM,219A,BEDOK CTRL,16 TO 18,62.0,Model A,2010,498000.0,92.0,92,3,92 years 3 months,Statistical Price Anomaly (Grouped IQR Outlier),True,8032.258064516129,3.3566719482294705,True
2014-04,CLEMENTI,3 ROOM,376,CLEMENTI AVE 4,07 TO 09,81.0,New Generation,1980,498000.0,,64,8,64 years 8 months,Statistical Price Anomaly (Grouped IQR Outlier),True,6148.148148148148,1.4344681248197788,False
2013-09,CLEMENTI,3 ROOM,374,CLEMENTI AVE 4,10 TO 12,82.0,New Generation,1981,498000.0,,66,3,66 years 3 months,Statistical Price Anomaly (Grouped IQR Outlier),True,6073.170731707317,1.357974776263039,False
2016-04,BEDOK,3 ROOM,219A,BEDOK CTRL,10 TO 12,62.0,Model A,2010,498000.0,93.0,92,8,92 years 8 months,Statistical Price Anomaly (Grouped IQR Outlier),True,8032.258064516129,3.3566719482294705,True
2014-01,BEDOK,3 ROOM,219A,BEDOK CTRL,16 TO 18,69.0,Model A,2010,498000.0,,94,11,94 years 11 months,Statistical Price Anomaly (Grouped IQR Outlier),True,7217.391304347826,2.525329791194158,False
2013-01,CLEMENTI,3 ROOM,306,CLEMENTI AVE 4,10 TO 12,82.0,New Generation,1979,495000.0,,64,11,64 years 11 months,Statistical Price Anomaly (Grouped IQR Outlier),True,6036.585365853659,1.320649708593787,False
2016-09,ANG MO KIO,3 ROOM,308A,ANG MO KIO AVE 1,10 TO 12,70.0,Model A,2012,495000.0,95.0,94,3,94 years 3 months,Statistical Price Anomaly (Grouped IQR Outlier),True,7071.428571428572,2.3764159083812184,False
2013-09,GEYLANG,3 ROOM,31,EUNOS CRES,19 TO 21,60.0,Model A,2007,495000.0,,92,3,92 years 3 months,Statistical Price Anomaly (Grouped IQR Outlier),True,8250.0,3.578816302583571,True
2012-11,WOODLANDS,4 ROOM,365,WOODLANDS AVE 5,10 TO 12,105.0,Model A,1996,493000.0,,82,1,82 years 1 months,Statistical Price Anomaly (Grouped IQR Outlier),True,4695.238095238095,-0.04781761366716149,False
2012-08,ANG MO KIO,3 ROOM,345,ANG MO KIO AVE 3,10 TO 12,88.0,New Generation,1978,490000.0,,64,4,64 years 4 months,Statistical Price Anomaly (Grouped IQR Outlier),True,5568.181818181818,0.8427757361616882,False
2015-05,BEDOK,3 ROOM,219D,BEDOK CTRL,16 TO 18,69.0,Model A,2010,490000.0,94.0,93,7,93 years 7 months,Statistical Price Anomaly (Grouped IQR Outlier),True,7101.449275362319,2.4070435864065747,False
2015-07,ANG MO KIO,3 ROOM,308B,ANG MO KIO AVE 1,28 TO 30,70.0,Model A,2012,488000.0,96.0,95,5,95 years 5 months,Statistical Price Anomaly (Grouped IQR Outlier),True,6971.428571428572,2.274394056751928,False
2014-09,BEDOK,3 ROOM,220A,BEDOK CTRL,10 TO 12,69.0,Model A,2010,488000.0,,94,3,94 years 3 months,Statistical Price Anomaly (Grouped IQR Outlier),True,7072.463768115942,2.3774720352096788,False
2016-01,GEYLANG,3 ROOM,10,PINE CL,13 TO 15,82.0,New Generation,1981,485000.0,64.0,63,11,63 years 11 months,Statistical Price Anomaly (Grouped IQR Outlier),True,5914.634146341464,1.1962328163629448,False
2013-04,ANG MO KIO,3 ROOM,301,ANG MO KIO AVE 3,04 TO 06,88.0,New Generation,1978,485000.0,,63,8,63 years 8 months,Statistical Price Anomaly (Grouped IQR Outlier),True,5511.363636363636,0.7848087750086821,False
2014-01,BEDOK,3 ROOM,221B,BEDOK CTRL,07 TO 09,69.0,Model A,2010,485000.0,,94,11,94 years 11 months,Statistical Price Anomaly (Grouped IQR Outlier),True,7028.985507246377,2.3331147084143353,False
2013-02,GEYLANG,3 ROOM,31,EUNOS CRES,16 TO 18,60.0,Model A,2007,485000.0,,92,10,92 years 10 months,Statistical Price Anomaly (Grouped IQR Outlier),True,8083.333333333333,3.40877988320142,True
2012-09,GEYLANG,3 ROOM,4,JOO CHIAT RD,16 TO 18,90.0,Model A,1985,483000.0,,71,3,71 years 3 months,Statistical Price Anomaly (Grouped IQR Outlier),True,5366.666666666667,0.6371862472723608,False
2016-04,CHOA CHU KANG,EXECUTIVE,680,CHOA CHU KANG CRES,01 TO 03,144.0,Premium Apartment,1999,480168.0,82.0,81,8,81 years 8 months,Statistical Price Anomaly (Grouped IQR Outlier),True,3334.5,-1.4360678142542054,False
2013-04,GEYLANG,3 ROOM,414,EUNOS RD 5,01 TO 03,80.0,Model A,1984,480000.0,,69,8,69 years 8 months,Statistical Price Anomaly (Grouped IQR Outlier),True,6000.0,1.283324640924534,False
2014-02,ANG MO KIO,3 ROOM,302,ANG MO KIO AVE 3,10 TO 12,88.0,New Generation,1978,480000.0,,62,10,62 years 10 months,Statistical Price Anomaly (Grouped IQR Outlier),True,5454.545454545455,0.7268418138556769,False
2016-01,ANG MO KIO,3 ROOM,308B,ANG MO KIO AVE 1,19 TO 21,70.0,Model A,2012,480000.0,95.0,94,11,94 years 11 months,Statistical Price Anomaly (Grouped IQR Outlier),True,6857.142857142857,2.157797654889881,False
2016-04,TOA PAYOH,3 ROOM,137,POTONG PASIR AVE 3,13 TO 15,97.0,Model A,1984,480000.0,67.0,66,8,66 years 8 months,Statistical Price Anomaly (Grouped IQR Outlier),True,4948.453608247422,0.21051754131756095,False
2016-01,BEDOK,3 ROOM,220A,BEDOK CTRL,07 TO 09,69.0,Model A,2010,480000.0,93.0,92,11,92 years 11 months,Statistical Price Anomaly (Grouped IQR Outlier),True,6956.521739130435,2.259185830422096,False
2013-08,ANG MO KIO,3 ROOM,346,ANG MO KIO AVE 3,07 TO 09,88.0,New Generation,1978,480000.0,,63,4,63 years 4 months,Statistical Price Anomaly (Grouped IQR Outlier),True,5454.545454545455,0.7268418138556769,False
2015-07,ANG MO KIO,3 ROOM,308A,ANG MO KIO AVE 1,28 TO 30,70.0,Model A,2012,480000.0,96.0,95,5,95 years 5 months,Statistical Price Anomaly (Grouped IQR Outlier),True,6857.142857142857,2.157797654889881,False
2013-04,BEDOK,3 ROOM,201,BEDOK NTH ST 1,04 TO 06,88.0,New Generation,1979,480000.0,,64,8,64 years 8 months,Statistical Price Anomaly (Grouped IQR Outlier),True,5454.545454545455,0.7268418138556769,False
2013-06,ANG MO KIO,3 ROOM,329,ANG MO KIO AVE 3,10 TO 12,88.0,New Generation,1978,480000.0,,63,6,63 years 6 months,Statistical Price Anomaly (Grouped IQR Outlier),True,5454.545454545455,0.7268418138556769,False
2013-05,BEDOK,3 ROOM,220A,BEDOK CTRL,01 TO 03,69.0,Model A,2010,478000.0,,95,7,95 years 7 months,Statistical Price Anomaly (Grouped IQR Outlier),True,6927.536231884058,2.2296142792252,False
2015-10,BEDOK,3 ROOM,219A,BEDOK CTRL,07 TO 09,62.0,Model A,2010,478000.0,93.0,93,2,93 years 2 months,Statistical Price Anomaly (Grouped IQR Outlier),True,7709.677419354839,3.027569201038211,True
2013-05,GEYLANG,3 ROOM,31,EUNOS CRES,13 TO 15,60.0,Model A,2007,476000.0,,92,7,92 years 7 months,Statistical Price Anomaly (Grouped IQR Outlier),True,7933.333333333333,3.255747105757484,True
2016-01,ANG MO KIO,3 ROOM,308A,ANG MO KIO AVE 1,25 TO 27,70.0,Model A,2012,476000.0,95.0,94,11,94 years 11 months,Statistical Price Anomaly (Grouped IQR Outlier),True,6800.0,2.0994994539588583,False
2016-08,CHOA CHU KANG,EXECUTIVE,526,CHOA CHU KANG ST 51,01 TO 03,142.0,Apartment,1995,475000.0,77.0,77,4,77 years 4 months,Statistical Price Anomaly (Grouped IQR Outlier),True,3345.0704225352115,-1.4252836734587429,False
2014-09,GEYLANG,3 ROOM,34,EUNOS CRES,16 TO 18,60.0,Model A,2006,475000.0,,90,3,90 years 3 months,Statistical Price Anomaly (Grouped IQR Outlier),True,7916.666666666667,3.2387434638192696,True
2015-01,GEYLANG,3 ROOM,34,EUNOS CRES,16 TO 18,60.0,Model A,2006,475000.0,90.0,89,11,89 years 11 months,Statistical Price Anomaly (Grouped IQR Outlier),True,7916.666666666667,3.2387434638192696,True
2016-08,ANG MO KIO,3 ROOM,308B,ANG MO KIO AVE 1,25 TO 27,70.0,Model A,2012,475000.0,95.0,94,4,94 years 4 months,Statistical Price Anomaly (Grouped IQR Outlier),True,6785.714285714285,2.084924903726102,False
2013-05,GEYLANG,3 ROOM,3,HAIG RD,10 TO 12,76.0,Improved,1976,475000.0,,61,7,61 years 7 months,Statistical Price Anomaly (Grouped IQR Outlier),True,6250.0,1.5383792699977603,False
2013-08,SERANGOON,3 ROOM,203,SERANGOON CTRL,10 TO 12,64.0,Simplified,1986,473000.0,,71,4,71 years 4 months,Statistical Price Anomaly (Grouped IQR Outlier),True,7390.625,2.7020660151443554,False
2016-04,BEDOK,3 ROOM,219D,BEDOK CTRL,07 TO 09,69.0,Model A,2010,473000.0,93.0,92,8,92 years 8 months,Statistical Price Anomaly (Grouped IQR Outlier),True,6855.072463768116,2.1556854012329603,False
2015-11,BEDOK,3 ROOM,219D,BEDOK CTRL,04 TO 06,69.0,Model A,2010,473000.0,93.0,93,1,93 years 1 months,Statistical Price Anomaly (Grouped IQR Outlier),True,6855.072463768116,2.1556854012329603,False
2012-08,QUEENSTOWN,4 ROOM,168A,QUEENSWAY,13 TO 15,84.0,Improved,1974,472000.0,,60,4,60 years 4 months,Statistical Price Anomaly (Grouped IQR Outlier),True,5619.047619047619,0.8946699680510464,False
2013-09,BEDOK,3 ROOM,220A,BEDOK CTRL,01 TO 03,69.0,Model A,2010,471000.0,,95,3,95 years 3 months,Statistical Price Anomaly (Grouped IQR Outlier),True,6826.086956521739,2.1261138500360643,False
2012-07,ANG MO KIO,3 ROOM,345,ANG MO KIO AVE 3,10 TO 12,88.0,New Generation,1978,470000.0,,64,5,64 years 5 months,Statistical Price Anomaly (Grouped IQR Outlier),True,5340.909090909091,0.6109078915496645,False
2014-06,ANG MO KIO,3 ROOM,301,ANG MO KIO AVE 3,07 TO 09,88.0,New Generation,1978,470000.0,,62,6,62 years 6 months,Statistical Price Anomaly (Grouped IQR Outlier),True,5340.909090909091,0.6109078915496645,False
2016-09,ANG MO KIO,3 ROOM,308B,ANG MO KIO AVE 1,25 TO 27,70.0,Model A,2012,470000.0,95.0,94,3,94 years 3 months,Statistical Price Anomaly (Grouped IQR Outlier),True,6714.285714285715,2.012052152562324,False
2016-12,CHOA CHU KANG,EXECUTIVE,531,CHOA CHU KANG ST 51,01 TO 03,153.0,Apartment,1995,470000.0,77.0,77,0,77 years 0 months,Statistical Price Anomaly (Grouped IQR Outlier),True,3071.8954248366013,-1.703981864299137,False
2015-08,BEDOK,3 ROOM,219A,BEDOK CTRL,07 TO 09,62.0,Model A,2010,470000.0,93.0,93,4,93 years 4 months,Statistical Price Anomaly (Grouped IQR Outlier),True,7580.645161290323,2.895928102161707,False
2013-01,GEYLANG,3 ROOM,33,EUNOS CRES,10 TO 12,60.0,Model A,2007,470000.0,,92,11,92 years 11 months,Statistical Price Anomaly (Grouped IQR Outlier),True,7833.333333333333,3.1537252541281937,True
2013-07,GEYLANG,3 ROOM,36,EUNOS CRES,13 TO 15,60.0,Model A,2006,470000.0,,91,5,91 years 5 months,Statistical Price Anomaly (Grouped IQR Outlier),True,7833.333333333333,3.1537252541281937,True
2016-05,CHOA CHU KANG,EXECUTIVE,679,CHOA CHU KANG CRES,07 TO 09,144.0,Premium Apartment,1999,470000.0,82.0,81,7,81 years 7 months,Statistical Price Anomaly (Grouped IQR Outlier),True,3263.8888888888887,-1.508106577265777,False
2014-10,QUEENSTOWN,4 ROOM,23B,QUEEN'S CL,07 TO 09,89.0,Improved,1973,470000.0,,57,2,57 years 2 months,Statistical Price Anomaly (Grouped IQR Outlier),True,5280.898876404494,0.549684359545366,False
2014-07,GEYLANG,3 ROOM,33,EUNOS CRES,16 TO 18,60.0,Model A,2007,470000.0,,91,5,91 years 5 months,Statistical Price Anomaly (Grouped IQR Outlier),True,7833.333333333333,3.1537252541281937,True
2015-02,QUEENSTOWN,4 ROOM,23B,QUEEN'S CL,07 TO 09,89.0,Improved,1973,470000.0,57.0,56,10,56 years 10 months,Statistical Price Anomaly (Grouped IQR Outlier),True,5280.898876404494,0.549684359545366,False
2014-02,GEYLANG,3 ROOM,58,DAKOTA CRES,10 TO 12,74.0,Model A,1984,468000.0,,68,10,68 years 10 months,Statistical Price Anomaly (Grouped IQR Outlier),True,6324.324324324324,1.614206321884395,False
2013-05,ANG MO KIO,3 ROOM,313,ANG MO KIO AVE 3,01 TO 03,88.0,New Generation,1978,468000.0,,63,7,63 years 7 months,Statistical Price Anomaly (Grouped IQR Outlier),True,5318.181818181818,0.5877211070884619,False
2013-02,BEDOK,3 ROOM,220A,BEDOK CTRL,10 TO 12,62.0,Model A,2010,468000.0,,95,10,95 years 10 months,Statistical Price Anomaly (Grouped IQR Outlier),True,7548.387096774193,2.863017827442581,False
2013-05,GEYLANG,3 ROOM,414,EUNOS RD 5,01 TO 03,87.0,Model A,1984,467000.0,,69,7,69 years 7 months,Statistical Price Anomaly (Grouped IQR Outlier),True,5367.816091954023,0.638358912233617,False
2014-01,BEDOK,3 ROOM,221C,BEDOK CTRL,10 TO 12,69.0,Model A,2010,467000.0,,94,11,94 years 11 months,Statistical Price Anomaly (Grouped IQR Outlier),True,6768.115942028986,2.0669707476422734,False
2013-08,ANG MO KIO,3 ROOM,329,ANG MO KIO AVE 3,04 TO 06,88.0,New Generation,1978,467000.0,,63,4,63 years 4 months,Statistical Price Anomaly (Grouped IQR Outlier),True,5306.818181818182,0.5761277148578611,False
2014-09,ANG MO KIO,3 ROOM,301,ANG MO KIO AVE 3,07 TO 09,88.0,New Generation,1978,466000.0,,62,3,62 years 3 months,Statistical Price Anomaly (Grouped IQR Outlier),True,5295.454545454545,0.5645343226272592,False
2013-11,GEYLANG,3 ROOM,36,EUNOS CRES,07 TO 09,60.0,Model A,2006,465000.0,,91,1,91 years 1 months,Statistical Price Anomaly (Grouped IQR Outlier),True,7750.0,3.0687070444371183,True
2013-09,HOUGANG,3 ROOM,108,HOUGANG AVE 1,04 TO 06,81.0,New Generation,1984,465000.0,,69,3,69 years 3 months,Statistical Price Anomaly (Grouped IQR Outlier),True,5740.740740740741,1.0188235441078548,False
2015-04,ANG MO KIO,3 ROOM,301,ANG MO KIO AVE 3,10 TO 12,88.0,New Generation,1978,465000.0,61.0,61,8,61 years 8 months,Statistical Price Anomaly (Grouped IQR Outlier),True,5284.090909090909,0.5529409303966584,False
2013-01,GEYLANG,3 ROOM,33,EUNOS CRES,13 TO 15,60.0,Model A,2007,465000.0,,92,11,92 years 11 months,Statistical Price Anomaly (Grouped IQR Outlier),True,7750.0,3.0687070444371183,True
2014-06,BEDOK,3 ROOM,219D,BEDOK CTRL,04 TO 06,69.0,Model A,2010,465000.0,,94,6,94 years 6 months,Statistical Price Anomaly (Grouped IQR Outlier),True,6739.130434782609,2.0373991964453775,False
2016-07,GEYLANG,3 ROOM,33,EUNOS CRES,16 TO 18,60.0,Model A,2007,465000.0,89.0,89,5,89 years 5 months,Statistical Price Anomaly (Grouped IQR Outlier),True,7750.0,3.0687070444371183,True
2014-09,BEDOK,3 ROOM,221B,BEDOK CTRL,01 TO 03,69.0,Model A,2010,465000.0,,94,3,94 years 3 months,Statistical Price Anomaly (Grouped IQR Outlier),True,6739.130434782609,2.0373991964453775,False
2016-02,QUEENSTOWN,4 ROOM,168A,QUEENSWAY,19 TO 21,84.0,Improved,1974,465000.0,57.0,56,10,56 years 10 months,Statistical Price Anomaly (Grouped IQR Outlier),True,5535.714285714285,0.8096517583599703,False
2012-10,GEYLANG,3 ROOM,32,EUNOS CRES,04 TO 06,60.0,Model A,2007,463800.0,,93,2,93 years 2 months,Statistical Price Anomaly (Grouped IQR Outlier),True,7730.0,3.04830267411126,True
2014-04,GEYLANG,3 ROOM,34,EUNOS CRES,10 TO 12,60.0,Model A,2006,463000.0,,90,8,90 years 8 months,Statistical Price Anomaly (Grouped IQR Outlier),True,7716.666666666667,3.0346997605606885,True
2014-11,GEYLANG,3 ROOM,33,EUNOS CRES,10 TO 12,60.0,Model A,2007,462500.0,,91,1,91 years 1 months,Statistical Price Anomaly (Grouped IQR Outlier),True,7708.333333333333,3.0261979395915803,True
2014-06,GEYLANG,3 ROOM,33,EUNOS CRES,07 TO 09,60.0,Model A,2007,462000.0,,91,6,91 years 6 months,Statistical Price Anomaly (Grouped IQR Outlier),True,7700.0,3.017696118622473,True
2014-03,GEYLANG,3 ROOM,34,EUNOS CRES,13 TO 15,60.0,Model A,2006,460000.0,,90,9,90 years 9 months,Statistical Price Anomaly (Grouped IQR Outlier),True,7666.666666666667,2.9836888347460433,False
2016-09,CHOA CHU KANG,EXECUTIVE,679,CHOA CHU KANG CRES,01 TO 03,144.0,Premium Apartment,1999,460000.0,82.0,81,3,81 years 3 months,Statistical Price Anomaly (Grouped IQR Outlier),True,3194.4444444444443,-1.578955085341673,False
2012-03,ANG MO KIO,3 ROOM,313,ANG MO KIO AVE 3,06 TO 10,88.0,New Generation,1978,460000.0,,64,9,64 years 9 months,Statistical Price Anomaly (Grouped IQR Outlier),True,5227.272727272727,0.4949739692436523,False
2016-06,ANG MO KIO,3 ROOM,308A,ANG MO KIO AVE 1,28 TO 30,70.0,Model A,2012,460000.0,95.0,94,6,94 years 6 months,Statistical Price Anomaly (Grouped IQR Outlier),True,6571.428571428572,1.8663066502347658,False
2013-01,ANG MO KIO,3 ROOM,332,ANG MO KIO AVE 1,07 TO 09,82.0,New Generation,1981,460000.0,,66,11,66 years 11 months,Statistical Price Anomaly (Grouped IQR Outlier),True,5609.756097560976,0.8851905857858394,False
2013-03,GEYLANG,3 ROOM,35,EUNOS CRES,04 TO 06,60.0,Model A,2006,460000.0,,91,9,91 years 9 months,Statistical Price Anomaly (Grouped IQR Outlier),True,7666.666666666667,2.9836888347460433,False
2016-07,GEYLANG,3 ROOM,35,EUNOS CRES,16 TO 18,60.0,Model A,2006,460000.0,89.0,88,5,88 years 5 months,Statistical Price Anomaly (Grouped IQR Outlier),True,7666.666666666667,2.9836888347460433,False
2015-10,QUEENSTOWN,4 ROOM,23B,QUEEN'S CL,07 TO 09,89.0,Improved,1973,460000.0,56.0,56,2,56 years 2 months,Statistical Price Anomaly (Grouped IQR Outlier),True,5168.539325842697,0.435053065579871,False
2012-07,GEYLANG,3 ROOM,31,EUNOS CRES,16 TO 18,60.0,Model A,2007,460000.0,,93,5,93 years 5 months,Statistical Price Anomaly (Grouped IQR Outlier),True,7666.666666666667,2.9836888347460433,False
2014-05,SERANGOON,3 ROOM,204,SERANGOON CTRL,10 TO 12,64.0,Simplified,1985,460000.0,,69,7,69 years 7 months,Statistical Price Anomaly (Grouped IQR Outlier),True,7187.5,2.494834129022359,False
2014-10,ANG MO KIO,3 ROOM,584,ANG MO KIO AVE 3,07 TO 09,81.0,New Generation,1979,460000.0,,63,2,63 years 2 months,Statistical Price Anomaly (Grouped IQR Outlier),True,5679.0123456790125,0.955847092484836,False
2013-11,GEYLANG,3 ROOM,22,HAIG RD,01 TO 03,81.0,New Generation,1981,460000.0,,66,1,66 years 1 months,Statistical Price Anomaly (Grouped IQR Outlier),True,5679.0123456790125,0.955847092484836,False
2016-07,QUEENSTOWN,4 ROOM,168A,QUEENSWAY,10 TO 12,84.0,Improved,1974,460000.0,56.0,56,5,56 years 5 months,Statistical Price Anomaly (Grouped IQR Outlier),True,5476.190476190476,0.7489244657234883,False
2012-04,GEYLANG,3 ROOM,3,JOO CHIAT RD,06 TO 10,90.0,Model A,1985,460000.0,,71,8,71 years 8 months,Statistical Price Anomaly (Grouped IQR Outlier),True,5111.111111111111,0.37646373755306267,False
2016-01,ANG MO KIO,3 ROOM,308A,ANG MO KIO AVE 1,16 TO 18,70.0,Model A,2012,459000.0,95.0,94,11,94 years 11 months,Statistical Price Anomaly (Grouped IQR Outlier),True,6557.142857142857,1.8517321000020095,False
2013-04,ANG MO KIO,3 ROOM,418,ANG MO KIO AVE 10,10 TO 12,89.0,New Generation,1979,458800.0,,64,8,64 years 8 months,Statistical Price Anomaly (Grouped IQR Outlier),True,5155.056179775281,0.42129731030401146,False
2013-05,ANG MO KIO,3 ROOM,416,ANG MO KIO AVE 10,10 TO 12,89.0,New Generation,1979,458000.0,,64,7,64 years 7 months,Statistical Price Anomaly (Grouped IQR Outlier),True,5146.067415730337,0.4121268067867724,False
2015-01,BEDOK,3 ROOM,221B,BEDOK CTRL,04 TO 06,69.0,Model A,2010,458000.0,94.0,93,11,93 years 11 months,Statistical Price Anomaly (Grouped IQR Outlier),True,6637.68115942029,1.9338987672562418,False
2014-08,BEDOK,3 ROOM,219D,BEDOK CTRL,07 TO 09,69.0,Model A,2010,458000.0,,94,4,94 years 4 months,Statistical Price Anomaly (Grouped IQR Outlier),True,6637.68115942029,1.9338987672562418,False
2016-09,SENGKANG,EXECUTIVE,189B,RIVERVALE DR,04 TO 06,131.0,Apartment,2000,458000.0,82.0,82,3,82 years 3 months,Statistical Price Anomaly (Grouped IQR Outlier),True,3496.1832061068703,-1.271115613610374,False
2014-03,BEDOK,3 ROOM,219A,BEDOK CTRL,07 TO 09,69.0,Model A,2010,457000.0,,94,9,94 years 9 months,Statistical Price Anomaly (Grouped IQR Outlier),True,6623.188405797101,1.9191129916577934,False
2016-03,BUKIT MERAH,2 ROOM,44,MOH GUAN TER,01 TO 03,64.0,Standard,1973,456888.0,55.0,55,9,55 years 9 months,Statistical Price Anomaly (Grouped IQR Outlier),True,7138.875,2.4452260036676168,False
2014-04,ANG MO KIO,3 ROOM,302,ANG MO KIO AVE 3,07 TO 09,88.0,New Generation,1978,456500.0,,62,8,62 years 8 months,Statistical Price Anomaly (Grouped IQR Outlier),True,5187.5,0.4543970964365483,False
2013-01,BEDOK,3 ROOM,117,BEDOK NTH RD,13 TO 15,88.0,New Generation,1978,456000.0,,63,11,63 years 11 months,Statistical Price Anomaly (Grouped IQR Outlier),True,5181.818181818182,0.44860040032124787,False
2014-11,ANG MO KIO,3 ROOM,313,ANG MO KIO AVE 3,04 TO 06,88.0,New Generation,1978,456000.0,,62,1,62 years 1 months,Statistical Price Anomaly (Grouped IQR Outlier),True,5181.818181818182,0.44860040032124787,False
2016-06,GEYLANG,3 ROOM,33,EUNOS CRES,10 TO 12,60.0,Model A,2007,456000.0,89.0,89,6,89 years 6 months,Statistical Price Anomaly (Grouped IQR Outlier),True,7600.0,2.9156742669931828,False
2015-08,GEYLANG,3 ROOM,32,EUNOS CRES,16 TO 18,60.0,Model A,2007,455000.0,90.0,90,4,90 years 4 months,Statistical Price Anomaly (Grouped IQR Outlier),True,7583.333333333333,2.898670625054967,False
2016-10,SENGKANG,EXECUTIVE,310A,ANCHORVALE RD,04 TO 06,128.0,Premium Apartment,2003,455000.0,85.0,85,2,85 years 2 months,Statistical Price Anomaly (Grouped IQR Outlier),True,3554.6875,-1.2114284496979613,False
2013-03,GEYLANG,3 ROOM,1,HAIG RD,13 TO 15,68.0,Improved,1982,455000.0,,67,9,67 years 9 months,Statistical Price Anomaly (Grouped IQR Outlier),True,6691.176470588235,1.9884756742446301,False
2012-11,QUEENSTOWN,4 ROOM,168A,QUEENSWAY,04 TO 06,84.0,Improved,1974,455000.0,,60,1,60 years 1 months,Statistical Price Anomaly (Grouped IQR Outlier),True,5416.666666666667,0.6881971730870061,False
2013-03,HOUGANG,3 ROOM,21,HOUGANG AVE 3,07 TO 09,88.0,New Generation,1978,455000.0,,63,9,63 years 9 months,Statistical Price Anomaly (Grouped IQR Outlier),True,5170.454545454545,0.4370070080906461,False
2013-05,GEYLANG,3 ROOM,32,EUNOS CRES,19 TO 21,60.0,Model A,2007,455000.0,,92,7,92 years 7 months,Statistical Price Anomaly (Grouped IQR Outlier),True,7583.333333333333,2.898670625054967,False
2014-04,GEYLANG,3 ROOM,31,EUNOS CRES,16 TO 18,60.0,Model A,2007,455000.0,,91,8,91 years 8 months,Statistical Price Anomaly (Grouped IQR Outlier),True,7583.333333333333,2.898670625054967,False
2016-02,ANG MO KIO,3 ROOM,308B,ANG MO KIO AVE 1,10 TO 12,70.0,Model A,2012,455000.0,95.0,94,10,94 years 10 months,Statistical Price Anomaly (Grouped IQR Outlier),True,6500.0,1.7934338990709866,False
2016-07,BUKIT MERAH,2 ROOM,47,MOH GUAN TER,04 TO 06,64.0,Standard,1973,454888.0,55.0,55,5,55 years 5 months,Statistical Price Anomaly (Grouped IQR Outlier),True,7107.625,2.413344175033463,False
2012-05,GEYLANG,3 ROOM,34,EUNOS CRES,11 TO 15,60.0,Model A,2006,454000.0,,92,7,92 years 7 months,Statistical Price Anomaly (Grouped IQR Outlier),True,7566.666666666667,2.8816669831167525,False
2013-10,GEYLANG,3 ROOM,42,CASSIA CRES,07 TO 09,68.0,New Generation,1981,454000.0,,66,2,66 years 2 months,Statistical Price Anomaly (Grouped IQR Outlier),True,6676.470588235294,1.9734724607697343,False
2013-08,ANG MO KIO,3 ROOM,343,ANG MO KIO AVE 3,10 TO 12,73.0,New Generation,1978,454000.0,,63,4,63 years 4 months,Statistical Price Anomaly (Grouped IQR Outlier),True,6219.178082191781,1.506934178742157,False
2014-07,BEDOK,3 ROOM,220A,BEDOK CTRL,10 TO 12,69.0,Model A,2010,453000.0,,94,5,94 years 5 months,Statistical Price Anomaly (Grouped IQR Outlier),True,6565.217391304348,1.8599698892640024,False
2015-11,GEYLANG,3 ROOM,36,EUNOS CRES,13 TO 15,60.0,Model A,2006,453000.0,90.0,89,1,89 years 1 months,Statistical Price Anomaly (Grouped IQR Outlier),True,7550.0,2.864663341178537,False
2016-07,ANG MO KIO,3 ROOM,308B,ANG MO KIO AVE 1,07 TO 09,70.0,Model A,2012,452000.0,95.0,94,5,94 years 5 months,Statistical Price Anomaly (Grouped IQR Outlier),True,6457.142857142857,1.749710248372719,False
2016-12,ANG MO KIO,3 ROOM,343,ANG MO KIO AVE 3,04 TO 06,88.0,New Generation,1978,452000.0,60.0,60,0,60 years 0 months,Statistical Price Anomaly (Grouped IQR Outlier),True,5136.363636363636,0.4022268313988426,False
2014-09,GEYLANG,3 ROOM,31,EUNOS CRES,07 TO 09,60.0,Model A,2007,452000.0,,91,3,91 years 3 months,Statistical Price Anomaly (Grouped IQR Outlier),True,7533.333333333333,2.847659699240322,False
2012-08,GEYLANG,3 ROOM,3,JOO CHIAT RD,13 TO 15,90.0,Model A,1985,451000.0,,71,4,71 years 4 months,Statistical Price Anomaly (Grouped IQR Outlier),True,5011.111111111111,0.27444188592377217,False
2016-05,ANG MO KIO,3 ROOM,343,ANG MO KIO AVE 3,04 TO 06,88.0,New Generation,1978,450000.0,60.0,60,7,60 years 7 months,Statistical Price Anomaly (Grouped IQR Outlier),True,5113.636363636364,0.3790400469376409,False
2013-10,ANG MO KIO,3 ROOM,313,ANG MO KIO AVE 3,07 TO 09,73.0,New Generation,1978,450000.0,,63,2,63 years 2 months,Statistical Price Anomaly (Grouped IQR Outlier),True,6164.3835616438355,1.451031794287751,False
2013-01,BEDOK,3 ROOM,201,BEDOK NTH ST 1,04 TO 06,73.0,New Generation,1979,450000.0,,64,11,64 years 11 months,Statistical Price Anomaly (Grouped IQR Outlier),True,6164.3835616438355,1.451031794287751,False
2015-06,GEYLANG,3 ROOM,32,EUNOS CRES,13 TO 15,60.0,Model A,2007,450000.0,90.0,90,6,90 years 6 months,Statistical Price Anomaly (Grouped IQR Outlier),True,7500.0,2.813652415363892,False
2013-06,ANG MO KIO,3 ROOM,502,ANG MO KIO AVE 5,04 TO 06,82.0,New Generation,1981,450000.0,,66,6,66 years 6 months,Statistical Price Anomaly (Grouped IQR Outlier),True,5487.804878048781,0.7607736935549972,False
2015-04,QUEENSTOWN,4 ROOM,168A,QUEENSWAY,04 TO 06,84.0,Improved,1974,450000.0,58.0,57,8,57 years 8 months,Statistical Price Anomaly (Grouped IQR Outlier),True,5357.142857142857,0.6274698804505231,False
2012-02,QUEENSTOWN,4 ROOM,168A,QUEENSWAY,04 TO 06,84.0,Improved,1974,450000.0,,60,10,60 years 10 months,Statistical Price Anomaly (Grouped IQR Outlier),True,5357.142857142857,0.6274698804505231,False
2015-08,GEYLANG,3 ROOM,31,EUNOS CRES,10 TO 12,60.0,Model A,2007,450000.0,90.0,90,4,90 years 4 months,Statistical Price Anomaly (Grouped IQR Outlier),True,7500.0,2.813652415363892,False
2015-07,BEDOK,3 ROOM,221C,BEDOK CTRL,04 TO 06,69.0,Model A,2010,450000.0,93.0,93,5,93 years 5 months,Statistical Price Anomaly (Grouped IQR Outlier),True,6521.739130434783,1.8156125624686588,False
2012-07,GEYLANG,3 ROOM,32,EUNOS CRES,07 TO 09,60.0,Model A,2007,450000.0,,93,5,93 years 5 months,Statistical Price Anomaly (Grouped IQR Outlier),True,7500.0,2.813652415363892,False
2015-08,SENGKANG,EXECUTIVE,307B,ANCHORVALE RD,01 TO 03,125.0,Apartment,2001,450000.0,85.0,84,4,84 years 4 months,Statistical Price Anomaly (Grouped IQR Outlier),True,3600.0,-1.165199798178439,False
2015-12,HOUGANG,EXECUTIVE,974,HOUGANG ST 91,01 TO 03,137.0,Apartment,1999,450000.0,83.0,82,0,82 years 0 months,Statistical Price Anomaly (Grouped IQR Outlier),True,3284.6715328467153,-1.4869037390824793,False
2013-03,GEYLANG,3 ROOM,9,HAIG RD,13 TO 15,70.0,Improved,1976,450000.0,,61,9,61 years 9 months,Statistical Price Anomaly (Grouped IQR Outlier),True,6428.571428571428,1.7205611479072076,False
2012-12,TAMPINES,3 ROOM,236,TAMPINES ST 21,10 TO 12,73.0,Model A,1984,450000.0,,70,0,70 years 0 months,Statistical Price Anomaly (Grouped IQR Outlier),True,6164.3835616438355,1.451031794287751,False
2016-06,SENGKANG,EXECUTIVE,189A,RIVERVALE DR,01 TO 03,130.0,Apartment,2000,450000.0,83.0,82,6,82 years 6 months,Statistical Price Anomaly (Grouped IQR Outlier),True,3461.5384615384614,-1.3064608235113029,False
2012-11,BEDOK,3 ROOM,117,BEDOK NTH RD,10 TO 12,88.0,New Generation,1978,450000.0,,64,1,64 years 1 months,Statistical Price Anomaly (Grouped IQR Outlier),True,5113.636363636364,0.3790400469376409,False
2012-09,QUEENSTOWN,4 ROOM,168A,QUEENSWAY,13 TO 15,84.0,Improved,1974,450000.0,,60,3,60 years 3 months,Statistical Price Anomaly (Grouped IQR Outlier),True,5357.142857142857,0.6274698804505231,False
2013-05,GEYLANG,3 ROOM,36,EUNOS CRES,07 TO 09,60.0,Model A,2006,450000.0,,91,7,91 years 7 months,Statistical Price Anomaly (Grouped IQR Outlier),True,7500.0,2.813652415363892,False
2014-08,GEYLANG,3 ROOM,32,EUNOS CRES,07 TO 09,60.0,Model A,2007,450000.0,,91,4,91 years 4 months,Statistical Price Anomaly (Grouped IQR Outlier),True,7500.0,2.813652415363892,False
2016-08,QUEENSTOWN,4 ROOM,23B,QUEEN'S CL,07 TO 09,89.0,Improved,1973,450000.0,55.0,55,4,55 years 4 months,Statistical Price Anomaly (Grouped IQR Outlier),True,5056.179775280899,0.320421771614376,False
2014-01,ANG MO KIO,3 ROOM,456,ANG MO KIO AVE 10,10 TO 12,88.0,New Generation,1980,450000.0,,64,11,64 years 11 months,Statistical Price Anomaly (Grouped IQR Outlier),True,5113.636363636364,0.3790400469376409,False
2012-11,ANG MO KIO,3 ROOM,523,ANG MO KIO AVE 5,07 TO 09,82.0,New Generation,1980,450000.0,,66,1,66 years 1 months,Statistical Price Anomaly (Grouped IQR Outlier),True,5487.804878048781,0.7607736935549972,False
2012-11,ANG MO KIO,3 ROOM,301,ANG MO KIO AVE 3,04 TO 06,88.0,New Generation,1978,450000.0,,64,1,64 years 1 months,Statistical Price Anomaly (Grouped IQR Outlier),True,5113.636363636364,0.3790400469376409,False
2016-06,ANG MO KIO,3 ROOM,345,ANG MO KIO AVE 3,07 TO 09,88.0,New Generation,1978,450000.0,60.0,60,6,60 years 6 months,Statistical Price Anomaly (Grouped IQR Outlier),True,5113.636363636364,0.3790400469376409,False
2016-06,SENGKANG,EXECUTIVE,122B,SENGKANG EAST WAY,01 TO 03,129.0,Apartment,2000,449000.0,83.0,82,6,82 years 6 months,Statistical Price Anomaly (Grouped IQR Outlier),True,3480.6201550387595,-1.2869933264800728,False
2012-09,TAMPINES,3 ROOM,246,TAMPINES ST 21,01 TO 03,82.0,New Generation,1984,448000.0,,70,3,70 years 3 months,Statistical Price Anomaly (Grouped IQR Outlier),True,5463.414634146341,0.7358903151088282,False
2013-02,ANG MO KIO,3 ROOM,343,ANG MO KIO AVE 3,10 TO 12,73.0,New Generation,1978,448000.0,,63,10,63 years 10 months,Statistical Price Anomaly (Grouped IQR Outlier),True,6136.986301369863,1.4230806020605486,False
2013-01,ANG MO KIO,3 ROOM,345,ANG MO KIO AVE 3,10 TO 12,73.0,New Generation,1978,448000.0,,63,11,63 years 11 months,Statistical Price Anomaly (Grouped IQR Outlier),True,6136.986301369863,1.4230806020605486,False
2013-06,BEDOK,3 ROOM,134,BEDOK NTH ST 2,07 TO 09,82.0,New Generation,1978,448000.0,,63,6,63 years 6 months,Statistical Price Anomaly (Grouped IQR Outlier),True,5463.414634146341,0.7358903151088282,False
2013-04,ANG MO KIO,3 ROOM,540,ANG MO KIO AVE 10,10 TO 12,82.0,New Generation,1981,448000.0,,66,8,66 years 8 months,Statistical Price Anomaly (Grouped IQR Outlier),True,5463.414634146341,0.7358903151088282,False
2012-11,ANG MO KIO,3 ROOM,417,ANG MO KIO AVE 10,10 TO 12,89.0,New Generation,1979,448000.0,,65,1,65 years 1 months,Statistical Price Anomaly (Grouped IQR Outlier),True,5033.70786516854,0.2974955128212774,False
2012-05,QUEENSTOWN,4 ROOM,15,GHIM MOH RD,01 TO 05,82.0,Improved,1977,446000.0,,63,7,63 years 7 months,Statistical Price Anomaly (Grouped IQR Outlier),True,5439.024390243902,0.7110069366626601,False
2014-02,TAMPINES,3 ROOM,150,TAMPINES ST 12,07 TO 09,73.0,Model A,1984,445000.0,,68,10,68 years 10 months,Statistical Price Anomaly (Grouped IQR Outlier),True,6095.890410958904,1.3811538137197439,False
2015-10,QUEENSTOWN,4 ROOM,168A,QUEENSWAY,04 TO 06,84.0,Improved,1974,445000.0,57.0,57,2,57 years 2 months,Statistical Price Anomaly (Grouped IQR Outlier),True,5297.619047619048,0.566742587814041,False
2014-09,GEYLANG,3 ROOM,12,PINE CL,07 TO 09,82.0,New Generation,1981,445000.0,,65,3,65 years 3 months,Statistical Price Anomaly (Grouped IQR Outlier),True,5426.829268292683,0.6985652474395762,False
2013-08,GEYLANG,3 ROOM,3,JOO CHIAT RD,16 TO 18,75.0,Model A,1985,445000.0,,70,4,70 years 4 months,Statistical Price Anomaly (Grouped IQR Outlier),True,5933.333333333333,1.2153100731716733,False
2012-03,GEYLANG,3 ROOM,36,EUNOS CRES,11 TO 15,60.0,Model A,2006,443888.0,,92,9,92 years 9 months,Statistical Price Anomaly (Grouped IQR Outlier),True,7398.133333333333,2.7097261558375214,False
2012-08,BEDOK,3 ROOM,103,BEDOK NTH AVE 4,07 TO 09,81.0,New Generation,1977,443000.0,,63,4,63 years 4 months,Statistical Price Anomaly (Grouped IQR Outlier),True,5469.135802469136,0.7417271569665723,False
2013-07,SENGKANG,3 ROOM,302B,ANCHORVALE LINK,13 TO 15,83.0,Model A,2007,443000.0,,92,5,92 years 5 months,Statistical Price Anomaly (Grouped IQR Outlier),True,5337.349397590361,0.6072762265135723,False
2012-01,BUKIT MERAH,2 ROOM,44,MOH GUAN TER,01 TO 03,67.0,Standard,1973,442000.0,,59,11,59 years 11 months,Statistical Price Anomaly (Grouped IQR Outlier),True,6597.014925373134,1.8924103222934325,False
2013-03,BEDOK,3 ROOM,418,BEDOK NTH AVE 2,04 TO 06,82.0,New Generation,1978,440000.0,,63,9,63 years 9 months,Statistical Price Anomaly (Grouped IQR Outlier),True,5365.8536585365855,0.6363568013241551,False
2016-06,GEYLANG,3 ROOM,36,EUNOS CRES,07 TO 09,60.0,Model A,2006,440000.0,89.0,88,6,88 years 6 months,Statistical Price Anomaly (Grouped IQR Outlier),True,7333.333333333333,2.6436159959817407,False
2014-11,GEYLANG,3 ROOM,31,EUNOS CRES,19 TO 21,60.0,Model A,2007,440000.0,,91,1,91 years 1 months,Statistical Price Anomaly (Grouped IQR Outlier),True,7333.333333333333,2.6436159959817407,False
2016-03,GEYLANG,3 ROOM,58,DAKOTA CRES,10 TO 12,74.0,Model A,1984,440000.0,67.0,66,9,66 years 9 months,Statistical Price Anomaly (Grouped IQR Outlier),True,5945.945945945946,1.2281776940978903,False
2015-10,SENGKANG,EXECUTIVE,313D,ANCHORVALE RD,01 TO 03,125.0,Premium Apartment,2003,440000.0,86.0,86,2,86 years 2 months,Statistical Price Anomaly (Grouped IQR Outlier),True,3520.0,-1.2468172794818715,False
2014-04,BEDOK,3 ROOM,220A,BEDOK CTRL,07 TO 09,62.0,Model A,2010,440000.0,,94,8,94 years 8 months,Statistical Price Anomaly (Grouped IQR Outlier),True,7096.774193548387,2.4022739813748175,False
2016-03,MARINE PARADE,4 ROOM,35,MARINE CRES,01 TO 03,82.0,Improved,1975,440000.0,58.0,57,9,57 years 9 months,Statistical Price Anomaly (Grouped IQR Outlier),True,5365.8536585365855,0.6363568013241551,False
2015-05,GEYLANG,3 ROOM,31,EUNOS CRES,19 TO 21,60.0,Model A,2007,440000.0,90.0,90,7,90 years 7 months,Statistical Price Anomaly (Grouped IQR Outlier),True,7333.333333333333,2.6436159959817407,False
2013-10,BEDOK,3 ROOM,416,BEDOK NTH AVE 2,07 TO 09,82.0,New Generation,1978,440000.0,,63,2,63 years 2 months,Statistical Price Anomaly (Grouped IQR Outlier),True,5365.8536585365855,0.6363568013241551,False
2016-01,GEYLANG,3 ROOM,32,EUNOS CRES,10 TO 12,60.0,Model A,2007,440000.0,90.0,89,11,89 years 11 months,Statistical Price Anomaly (Grouped IQR Outlier),True,7333.333333333333,2.6436159959817407,False
2016-12,GEYLANG,3 ROOM,3,JOO CHIAT RD,16 TO 18,79.0,Model A,1985,440000.0,68.0,67,0,67 years 0 months,Statistical Price Anomaly (Grouped IQR Outlier),True,5569.620253164557,0.8442432541655618,False
2013-04,TAMPINES,3 ROOM,236,TAMPINES ST 21,10 TO 12,73.0,Model A,1984,440000.0,,69,8,69 years 8 months,Statistical Price Anomaly (Grouped IQR Outlier),True,6027.397260273972,1.3112758331517365,False
2014-02,BEDOK,3 ROOM,221C,BEDOK CTRL,04 TO 06,69.0,Model A,2010,440000.0,,94,10,94 years 10 months,Statistical Price Anomaly (Grouped IQR Outlier),True,6376.811594202899,1.6677548064841798,False
2013-05,GEYLANG,3 ROOM,3,HAIG RD,07 TO 09,76.0,Improved,1976,440000.0,,61,7,61 years 7 months,Statistical Price Anomaly (Grouped IQR Outlier),True,5789.473684210527,1.0685417953891858,False
2016-09,GEYLANG,3 ROOM,31,EUNOS CRES,04 TO 06,60.0,Model A,2007,438000.0,89.0,89,3,89 years 3 months,Statistical Price Anomaly (Grouped IQR Outlier),True,7300.0,2.609608712105311,False
2013-09,BEDOK,3 ROOM,201,BEDOK NTH ST 1,07 TO 09,73.0,New Generation,1979,438000.0,,64,3,64 years 3 months,Statistical Price Anomaly (Grouped IQR Outlier),True,6000.0,1.283324640924534,False
2015-11,BEDOK,3 ROOM,24,NEW UPP CHANGI RD,10 TO 12,88.0,New Generation,1978,438000.0,61.0,61,1,61 years 1 months,Statistical Price Anomaly (Grouped IQR Outlier),True,4977.272727272727,0.2399193401704259,False
2012-08,GEYLANG,3 ROOM,33,EUNOS CRES,10 TO 12,60.0,Model A,2007,438000.0,,93,4,93 years 4 months,Statistical Price Anomaly (Grouped IQR Outlier),True,7300.0,2.609608712105311,False
2012-08,GEYLANG,3 ROOM,33,EUNOS CRES,01 TO 03,60.0,Model A,2007,438000.0,,93,4,93 years 4 months,Statistical Price Anomaly (Grouped IQR Outlier),True,7300.0,2.609608712105311,False
2013-11,TAMPINES,3 ROOM,246,TAMPINES ST 21,01 TO 03,82.0,New Generation,1984,437000.0,,69,1,69 years 1 months,Statistical Price Anomaly (Grouped IQR Outlier),True,5329.268292682927,0.599031733654902,False
2013-06,BEDOK,3 ROOM,410,BEDOK NTH AVE 2,07 TO 09,82.0,New Generation,1980,436500.0,,65,6,65 years 6 months,Statistical Price Anomaly (Grouped IQR Outlier),True,5323.170731707317,0.59281088904336,False
2014-10,BEDOK,3 ROOM,221B,BEDOK CTRL,01 TO 03,69.0,Model A,2010,435000.0,,94,2,94 years 2 months,Statistical Price Anomaly (Grouped IQR Outlier),True,6304.347826086957,1.5938259284919403,False
2013-09,BEDOK,3 ROOM,420,BEDOK NTH ST 1,07 TO 09,82.0,New Generation,1979,435000.0,,64,3,64 years 3 months,Statistical Price Anomaly (Grouped IQR Outlier),True,5304.878048780488,0.574148355208734,False
2016-09,BEDOK,3 ROOM,219A,BEDOK CTRL,04 TO 06,62.0,Model A,2010,435000.0,92.0,92,3,92 years 3 months,Statistical Price Anomaly (Grouped IQR Outlier),True,7016.129032258064,2.3199982945770024,False
2013-04,BEDOK,3 ROOM,210,NEW UPP CHANGI RD,04 TO 06,94.0,New Generation,1980,435000.0,,65,8,65 years 8 months,Statistical Price Anomaly (Grouped IQR Outlier),True,4627.659574468085,-0.11676247186041046,False
2012-12,TAMPINES,3 ROOM,252,TAMPINES ST 21,01 TO 03,82.0,New Generation,1985,435000.0,,71,0,71 years 0 months,Statistical Price Anomaly (Grouped IQR Outlier),True,5304.878048780488,0.574148355208734,False
2013-02,BEDOK,3 ROOM,423,BEDOK NTH AVE 1,01 TO 03,81.0,New Generation,1979,435000.0,,64,10,64 years 10 months,Statistical Price Anomaly (Grouped IQR Outlier),True,5370.37037037037,0.6409648343697417,False
2012-08,BEDOK,3 ROOM,425,BEDOK NTH RD,07 TO 09,82.0,New Generation,1979,435000.0,,65,4,65 years 4 months,Statistical Price Anomaly (Grouped IQR Outlier),True,5304.878048780488,0.574148355208734,False
2016-04,SENGKANG,EXECUTIVE,312B,ANCHORVALE LANE,01 TO 03,126.0,Premium Apartment,2002,433000.0,85.0,84,8,84 years 8 months,Statistical Price Anomaly (Grouped IQR Outlier),True,3436.5079365079364,-1.3319974286199776,False
2012-07,BEDOK,3 ROOM,40,BEDOK STH RD,07 TO 09,82.0,New Generation,1978,433000.0,,64,5,64 years 5 months,Statistical Price Anomaly (Grouped IQR Outlier),True,5280.487804878048,0.549264976762565,False
2013-11,BEDOK,3 ROOM,221B,BEDOK CTRL,01 TO 03,69.0,Model A,2010,433000.0,,95,1,95 years 1 months,Statistical Price Anomaly (Grouped IQR Outlier),True,6275.36231884058,1.5642543772950444,False
2013-05,BEDOK,3 ROOM,540,BEDOK NTH ST 3,10 TO 12,82.0,New Generation,1980,432000.0,,65,7,65 years 7 months,Statistical Price Anomaly (Grouped IQR Outlier),True,5268.292682926829,0.5368232875394809,False
2013-05,BEDOK,3 ROOM,103,BEDOK NTH AVE 4,07 TO 09,81.0,New Generation,1977,430000.0,,62,7,62 years 7 months,Statistical Price Anomaly (Grouped IQR Outlier),True,5308.641975308642,0.5779883827467228,False
2012-08,BEDOK,3 ROOM,24,NEW UPP CHANGI RD,13 TO 15,73.0,New Generation,1978,430000.0,,64,4,64 years 4 months,Statistical Price Anomaly (Grouped IQR Outlier),True,5890.41095890411,1.1715198720157227,False
2013-09,BEDOK,3 ROOM,116,BEDOK NTH RD,13 TO 15,88.0,New Generation,1978,430000.0,,63,3,63 years 3 months,Statistical Price Anomaly (Grouped IQR Outlier),True,4886.363636363636,0.14717220232561623,False
2012-12,SENGKANG,3 ROOM,302B,ANCHORVALE LINK,07 TO 09,83.0,Model A,2007,430000.0,,93,0,93 years 0 months,Statistical Price Anomaly (Grouped IQR Outlier),True,5180.722891566265,0.44748296492552747,False
2016-10,QUEENSTOWN,5 ROOM,18C,HOLLAND DR,37 TO 39,117.0,Improved,2012,430000.0,94.0,94,2,94 years 2 months,Statistical Price Anomaly (Grouped IQR Outlier),True,3675.2136752136753,-1.0884654140470067,False
2016-03,JURONG WEST,EXECUTIVE,274B,JURONG WEST ST 25,07 TO 09,126.0,Apartment,2002,430000.0,84.0,84,9,84 years 9 months,Statistical Price Anomaly (Grouped IQR Outlier),True,3412.6984126984125,-1.3562883456745707,False
2014-04,BEDOK,3 ROOM,201,BEDOK NTH ST 1,07 TO 09,88.0,New Generation,1979,430000.0,,63,8,63 years 8 months,Statistical Price Anomaly (Grouped IQR Outlier),True,4886.363636363636,0.14717220232561623,False
2012-05,BEDOK,3 ROOM,100,BEDOK NTH AVE 4,11 TO 15,82.0,New Generation,1978,427500.0,,64,7,64 years 7 months,Statistical Price Anomaly (Grouped IQR Outlier),True,5213.414634146341,0.4808356860356019,False
2014-03,BEDOK,3 ROOM,219A,BEDOK CTRL,04 TO 06,69.0,Model A,2010,427000.0,,94,9,94 years 9 months,Statistical Price Anomaly (Grouped IQR Outlier),True,6188.405797101449,1.4755397237043564,False
2013-10,BEDOK,3 ROOM,201,BEDOK NTH ST 1,07 TO 09,73.0,New Generation,1979,427000.0,,64,2,64 years 2 months,Statistical Price Anomaly (Grouped IQR Outlier),True,5849.315068493151,1.129593083674918,False
2013-06,BEDOK,3 ROOM,54,CHAI CHEE ST,10 TO 12,82.0,New Generation,1981,426500.0,,66,6,66 years 6 months,Statistical Price Anomaly (Grouped IQR Outlier),True,5201.219512195122,0.46839399681251787,False
2013-09,BEDOK,3 ROOM,409,BEDOK NTH AVE 2,07 TO 09,82.0,New Generation,1980,426000.0,,65,3,65 years 3 months,Statistical Price Anomaly (Grouped IQR Outlier),True,5195.121951219512,0.4621731522009758,False
2012-05,BEDOK,3 ROOM,22,BEDOK STH AVE 1,01 TO 05,88.0,New Generation,1977,425000.0,,63,7,63 years 7 months,Statistical Price Anomaly (Grouped IQR Outlier),True,4829.545454545455,0.08920524117261101,False
2013-07,BEDOK,3 ROOM,542,BEDOK NTH ST 3,07 TO 09,82.0,New Generation,1985,425000.0,,70,5,70 years 5 months,Statistical Price Anomaly (Grouped IQR Outlier),True,5182.926829268293,0.4497314629778918,False
2015-07,BEDOK,3 ROOM,201,BEDOK NTH ST 1,04 TO 06,88.0,New Generation,1979,425000.0,63.0,62,5,62 years 5 months,Statistical Price Anomaly (Grouped IQR Outlier),True,4829.545454545455,0.08920524117261101,False
2015-06,BEDOK,3 ROOM,218,BEDOK NTH ST 1,04 TO 06,83.0,New Generation,1980,425000.0,63.0,63,6,63 years 6 months,Statistical Price Anomaly (Grouped IQR Outlier),True,5120.481927710844,0.3860240181608945,False
2012-08,BEDOK,3 ROOM,109,BEDOK NTH RD,04 TO 06,82.0,New Generation,1977,425000.0,,63,4,63 years 4 months,Statistical Price Anomaly (Grouped IQR Outlier),True,5182.926829268293,0.4497314629778918,False
2012-06,BEDOK,3 ROOM,416,BEDOK NTH AVE 2,04 TO 06,82.0,New Generation,1978,425000.0,,64,6,64 years 6 months,Statistical Price Anomaly (Grouped IQR Outlier),True,5182.926829268293,0.4497314629778918,False
2014-10,BEDOK,3 ROOM,221C,BEDOK CTRL,01 TO 03,69.0,Model A,2010,425000.0,,94,2,94 years 2 months,Statistical Price Anomaly (Grouped IQR Outlier),True,6159.420289855072,1.4459681725074605,False
2012-12,BEDOK,3 ROOM,548,BEDOK NTH AVE 1,07 TO 09,82.0,New Generation,1980,425000.0,,66,0,66 years 0 months,Statistical Price Anomaly (Grouped IQR Outlier),True,5182.926829268293,0.4497314629778918,False
2015-05,QUEENSTOWN,4 ROOM,168A,QUEENSWAY,01 TO 03,84.0,Improved,1974,423000.0,58.0,57,7,57 years 7 months,Statistical Price Anomaly (Grouped IQR Outlier),True,5035.714285714285,0.29954250021351764,False
2013-01,BEDOK,3 ROOM,22,BEDOK STH AVE 1,04 TO 06,73.0,New Generation,1977,423000.0,,62,11,62 years 11 months,Statistical Price Anomaly (Grouped IQR Outlier),True,5794.520547945205,1.073690699220512,False
2012-05,BEDOK,3 ROOM,424,BEDOK NTH AVE 1,11 TO 15,82.0,New Generation,1979,422000.0,,65,7,65 years 7 months,Statistical Price Anomaly (Grouped IQR Outlier),True,5146.341463414634,0.41240639530863876,False
2015-08,JURONG EAST,3 ROOM,202,JURONG EAST ST 21,01 TO 03,83.0,New Generation,1989,422000.0,72.0,72,4,72 years 4 months,Statistical Price Anomaly (Grouped IQR Outlier),True,5084.3373493975905,0.3491486501021147,False
2016-05,JURONG WEST,EXECUTIVE,906,JURONG WEST ST 91,07 TO 09,141.0,Apartment,1989,422000.0,71.0,71,7,71 years 7 months,Statistical Price Anomaly (Grouped IQR Outlier),True,2992.9078014184397,-1.7845665002683164,False
2013-05,JURONG EAST,3 ROOM,241,JURONG EAST ST 24,13 TO 15,84.0,New Generation,1983,420000.0,,68,7,68 years 7 months,Statistical Price Anomaly (Grouped IQR Outlier),True,5000.0,0.2631061246316286,False
2013-02,JURONG WEST,3 ROOM,530,JURONG WEST ST 52,10 TO 12,82.0,New Generation,1983,418000.0,,68,10,68 years 10 months,Statistical Price Anomaly (Grouped IQR Outlier),True,5097.5609756097565,0.36263963841630265,False
2016-06,SENGKANG,EXECUTIVE,310B,ANCHORVALE RD,01 TO 03,126.0,Premium Apartment,2003,415000.0,85.0,85,6,85 years 6 months,Statistical Price Anomaly (Grouped IQR Outlier),True,3293.6507936507937,-1.4777429309475354,False
2016-02,PUNGGOL,3 ROOM,306D,PUNGGOL DR,10 TO 12,67.0,Premium Apartment,2012,415000.0,95.0,94,10,94 years 10 months,Statistical Price Anomaly (Grouped IQR Outlier),True,6194.0298507462685,1.4812774873694259,False
2012-11,JURONG WEST,3 ROOM,525,JURONG WEST ST 52,10 TO 12,81.0,New Generation,1982,415000.0,,68,1,68 years 1 months,Statistical Price Anomaly (Grouped IQR Outlier),True,5123.456790123457,0.3890590278776663,False
2015-08,JURONG WEST,EXECUTIVE,274C,JURONG WEST ST 25,01 TO 03,126.0,Apartment,2002,415000.0,85.0,85,4,85 years 4 months,Statistical Price Anomaly (Grouped IQR Outlier),True,3293.6507936507937,-1.4777429309475354,False
2013-07,JURONG WEST,3 ROOM,484,JURONG WEST AVE 1,07 TO 09,82.0,New Generation,1985,415000.0,,70,5,70 years 5 months,Statistical Price Anomaly (Grouped IQR Outlier),True,5060.975609756098,0.3253145707470496,False
2012-12,JURONG WEST,3 ROOM,515,JURONG WEST ST 52,10 TO 12,74.0,Model A,1984,413888.0,,70,0,70 years 0 months,Statistical Price Anomaly (Grouped IQR Outlier),True,5593.081081081081,0.8681784252135611,False
2013-04,JURONG WEST,3 ROOM,525,JURONG WEST ST 52,10 TO 12,81.0,New Generation,1982,412000.0,,67,8,67 years 8 months,Statistical Price Anomaly (Grouped IQR Outlier),True,5086.419753086419,0.3512731569038546,False
2012-12,YISHUN,3 ROOM,808,YISHUN RING RD,10 TO 12,74.0,Model A,1987,411888.0,,73,0,73 years 0 months,Statistical Price Anomaly (Grouped IQR Outlier),True,5566.054054054054,0.8406049518002398,False
2014-08,JURONG EAST,3 ROOM,210,JURONG EAST ST 21,04 TO 06,82.0,New Generation,1983,410000.0,,67,4,67 years 4 months,Statistical Price Anomaly (Grouped IQR Outlier),True,5000.0,0.2631061246316286,False
2013-06,JURONG WEST,3 ROOM,524,JURONG WEST ST 52,07 TO 09,82.0,New Generation,1982,410000.0,,67,6,67 years 6 months,Statistical Price Anomaly (Grouped IQR Outlier),True,5000.0,0.2631061246316286,False
2013-01,YISHUN,3 ROOM,742,YISHUN AVE 5,07 TO 09,82.0,New Generation,1985,408000.0,,70,11,70 years 11 months,Statistical Price Anomaly (Grouped IQR Outlier),True,4975.609756097561,0.2382227461854605,False
2012-11,BUKIT BATOK,3 ROOM,103,BT BATOK CTRL,07 TO 09,77.0,Model A,1985,405000.0,,71,1,71 years 1 months,Statistical Price Anomaly (Grouped IQR Outlier),True,5259.74025974026,0.5280979470453702,False
2013-01,YISHUN,3 ROOM,736,YISHUN ST 72,01 TO 03,82.0,New Generation,1984,400000.0,,69,11,69 years 11 months,Statistical Price Anomaly (Grouped IQR Outlier),True,4878.048780487805,0.1386892324007864,False
2013-07,BUKIT BATOK,3 ROOM,205,BT BATOK ST 21,10 TO 12,73.0,Model A,1985,400000.0,,70,5,70 years 5 months,Statistical Price Anomaly (Grouped IQR Outlier),True,5479.45205479452,0.7522519886076788,False
2013-08,YISHUN,3 ROOM,806,YISHUN RING RD,07 TO 09,74.0,Model A,1987,400000.0,,72,4,72 years 4 months,Statistical Price Anomaly (Grouped IQR Outlier),True,5405.405405405405,0.6767082258314546,False
2015-04,QUEENSTOWN,4 ROOM,23B,QUEEN'S CL,01 TO 03,89.0,Improved,1973,400000.0,57.0,56,8,56 years 8 months,Statistical Price Anomaly (Grouped IQR Outlier),True,4494.38202247191,-0.2527346982130988,False
2013-05,YISHUN,3 ROOM,709,YISHUN AVE 5,04 TO 06,82.0,New Generation,1984,398000.0,,69,7,69 years 7 months,Statistical Price Anomaly (Grouped IQR Outlier),True,4853.658536585366,0.11380585395461833,False
2013-04,BUKIT BATOK,3 ROOM,180,BT BATOK WEST AVE 8,04 TO 06,82.0,New Generation,1984,398000.0,,69,8,69 years 8 months,Statistical Price Anomaly (Grouped IQR Outlier),True,4853.658536585366,0.11380585395461833,False
2013-08,WOODLANDS,3 ROOM,166,WOODLANDS ST 13,04 TO 06,82.0,New Generation,1986,393000.0,,71,4,71 years 4 months,Statistical Price Anomaly (Grouped IQR Outlier),True,4792.682926829269,0.051597407839197244,False
2016-08,JURONG WEST,EXECUTIVE,274B,JURONG WEST ST 25,01 TO 03,126.0,Apartment,2002,393000.0,84.0,84,4,84 years 4 months,Statistical Price Anomaly (Grouped IQR Outlier),True,3119.0476190476193,-1.655876322681217,False
2012-01,YISHUN,3 ROOM,745,YISHUN ST 72,10 TO 12,67.0,New Generation,1985,393000.0,,71,11,71 years 11 months,Statistical Price Anomaly (Grouped IQR Outlier),True,5865.671641791045,1.1462803626165317,False
2013-07,YISHUN,3 ROOM,706,YISHUN AVE 5,04 TO 06,82.0,New Generation,1984,392000.0,,69,5,69 years 5 months,Statistical Price Anomaly (Grouped IQR Outlier),True,4780.487804878048,0.039155718616112285,False
2014-03,YISHUN,3 ROOM,739,YISHUN AVE 5,07 TO 09,82.0,New Generation,1985,390000.0,,69,9,69 years 9 months,Statistical Price Anomaly (Grouped IQR Outlier),True,4756.09756097561,0.01427234016994422,False
2016-12,HOUGANG,5 ROOM,567,HOUGANG ST 51,01 TO 03,121.0,Improved,1997,390000.0,79.0,79,0,79 years 0 months,Statistical Price Anomaly (Grouped IQR Outlier),True,3223.1404958677685,-1.5496788423351042,False
2013-07,YISHUN,3 ROOM,802,YISHUN RING RD,10 TO 12,74.0,Model A,1987,390000.0,,72,5,72 years 5 months,Statistical Price Anomaly (Grouped IQR Outlier),True,5270.27027027027,0.5388408587648459,False
2012-06,WOODLANDS,3 ROOM,318,WOODLANDS ST 31,07 TO 09,83.0,Model A,1993,387000.0,,79,6,79 years 6 months,Statistical Price Anomaly (Grouped IQR Outlier),True,4662.650602409639,-0.08106397725031514,False
2016-10,QUEENSTOWN,2 ROOM,26,GHIM MOH LINK,16 TO 18,47.0,Model A,2013,368000.0,95.0,95,2,95 years 2 months,Statistical Price Anomaly (Grouped IQR Outlier),True,7829.787234042553,3.1501074579711266,True
2013-09,CENTRAL AREA,2 ROOM,32,NEW MKT RD,07 TO 09,52.0,Standard,1983,363000.0,,68,3,68 years 3 months,Statistical Price Anomaly (Grouped IQR Outlier),True,6980.7692307692305,2.283923570365652,False
2013-02,PASIR RIS,3 ROOM,5,CHANGI VILLAGE RD,04 TO 06,66.0,Improved,1981,360000.0,,66,10,66 years 10 months,Statistical Price Anomaly (Grouped IQR Outlier),True,5454.545454545455,0.7268418138556769,False
2016-10,YISHUN,5 ROOM,288,YISHUN AVE 6,04 TO 06,122.0,Improved,1987,360000.0,69.0,69,2,69 years 2 months,Statistical Price Anomaly (Grouped IQR Outlier),True,2950.8196721311474,-1.8275055890833416,False
2016-06,YISHUN,5 ROOM,289,YISHUN AVE 6,01 TO 03,122.0,Improved,1987,358000.0,70.0,69,6,69 years 6 months,Statistical Price Anomaly (Grouped IQR Outlier),True,2934.4262295081967,-1.8442304827930613,False
2015-08,SENGKANG,5 ROOM,183A,RIVERVALE CRES,01 TO 03,110.0,Improved,2003,355000.0,86.0,86,4,86 years 4 months,Statistical Price Anomaly (Grouped IQR Outlier),True,3227.2727272727275,-1.545463063342158,False
2016-06,JURONG WEST,5 ROOM,271A,JURONG WEST ST 24,01 TO 03,112.0,Premium Apartment,2003,350000.0,86.0,85,6,85 years 6 months,Statistical Price Anomaly (Grouped IQR Outlier),True,3125.0,-1.649803593417569,False
2015-11,JURONG WEST,5 ROOM,825,JURONG WEST ST 81,01 TO 03,127.0,Improved,1993,350000.0,77.0,76,1,76 years 1 months,Statistical Price Anomaly (Grouped IQR Outlier),True,2755.9055118110236,-2.026360624529616,False
2016-08,JURONG WEST,5 ROOM,911,JURONG WEST ST 91,04 TO 06,122.0,Improved,1989,350000.0,71.0,71,4,71 years 4 months,Statistical Price Anomaly (Grouped IQR Outlier),True,2868.8524590163934,-1.9111300576319403,False
2012-10,CENTRAL AREA,2 ROOM,32,NEW MKT RD,04 TO 06,52.0,Standard,1983,348000.0,,69,2,69 years 2 months,Statistical Price Anomaly (Grouped IQR Outlier),True,6692.307692307692,1.9896297675888532,False
2016-01,WOODLANDS,5 ROOM,9,MARSILING DR,01 TO 03,120.0,Standard,1976,345000.0,59.0,58,11,58 years 11 months,Statistical Price Anomaly (Grouped IQR Outlier),True,2875.0,-1.9048582224907955,False
2015-06,WOODLANDS,5 ROOM,9,MARSILING DR,16 TO 18,117.0,Standard,1976,340000.0,59.0,59,6,59 years 6 months,Statistical Price Anomaly (Grouped IQR Outlier),True,2905.982905982906,-1.8732488881184728,False
2015-05,WOODLANDS,5 ROOM,35,MARSILING DR,01 TO 03,118.0,Standard,1977,340000.0,61.0,60,7,60 years 7 months,Statistical Price Anomaly (Grouped IQR Outlier),True,2881.35593220339,-1.8983737827685947,False
2015-05,WOODLANDS,5 ROOM,9,MARSILING DR,04 TO 06,120.0,Standard,1976,338800.0,59.0,59,7,59 years 7 months,Statistical Price Anomaly (Grouped IQR Outlier),True,2823.3333333333335,-1.957569512499262,False
2013-02,ANG MO KIO,2 ROOM,323,ANG MO KIO AVE 3,01 TO 03,48.0,Improved,1977,315000.0,,62,10,62 years 10 months,Statistical Price Anomaly (Grouped IQR Outlier),True,6562.5,1.8571975563392933,False
2013-05,TOA PAYOH,2 ROOM,56,LOR 4 TOA PAYOH,10 TO 12,45.0,Standard,1967,310000.0,,52,7,52 years 7 months,Statistical Price Anomaly (Grouped IQR Outlier),True,6888.888888888889,2.190185544296005,False
2012-12,GEYLANG,2 ROOM,81,MACPHERSON LANE,04 TO 06,50.0,Standard,1968,310000.0,,54,0,54 years 0 months,Statistical Price Anomaly (Grouped IQR Outlier),True,6200.0,1.487368344183115,False
2016-06,SENGKANG,2 ROOM,445B,FERNVALE RD,19 TO 21,47.0,Model A,2012,308000.0,95.0,94,6,94 years 6 months,Statistical Price Anomaly (Grouped IQR Outlier),True,6553.191489361702,1.8477008414269924,False
2016-05,BEDOK,4 ROOM,43,BEDOK STH RD,04 TO 06,84.0,Improved,1977,300000.0,60.0,59,7,59 years 7 months,Statistical Price Anomaly (Grouped IQR Outlier),True,3571.4285714285716,-1.1943488986439506,False
2016-12,MARINE PARADE,3 ROOM,31,MARINE CRES,10 TO 12,65.0,Improved,1975,300000.0,57.0,57,0,57 years 0 months,Statistical Price Anomaly (Grouped IQR Outlier),True,4615.384615384615,-0.12928561240410444,False
2016-02,PUNGGOL,2 ROOM,602A,PUNGGOL CTRL,13 TO 15,50.0,Model A,2012,295000.0,95.0,94,10,94 years 10 months,Statistical Price Anomaly (Grouped IQR Outlier),True,5900.0,1.1813027892952435,False
2015-10,MARINE PARADE,3 ROOM,34,MARINE CRES,04 TO 06,59.0,Improved,1975,290000.0,58.0,58,2,58 years 2 months,Statistical Price Anomaly (Grouped IQR Outlier),True,4915.254237288135,0.17664692833561932,False
2015-11,HOUGANG,4 ROOM,314,HOUGANG AVE 5,01 TO 03,94.0,New Generation,1993,289300.0,76.0,76,1,76 years 1 months,Statistical Price Anomaly (Grouped IQR Outlier),True,3077.659574468085,-1.6981011721144144,False
2013-09,SERANGOON,2 ROOM,8,LOR LEW LIAN,07 TO 09,44.0,Improved,1978,283000.0,,63,3,63 years 3 months,Statistical Price Anomaly (Grouped IQR Outlier),True,6431.818181818182,1.7238735456873797,False
2016-03,WOODLANDS,4 ROOM,8,MARSILING DR,04 TO 06,88.0,Improved,1976,280000.0,58.0,58,9,58 years 9 months,Statistical Price Anomaly (Grouped IQR Outlier),True,3181.818181818182,-1.591836632264563,False
2016-05,WOODLANDS,4 ROOM,8,MARSILING DR,04 TO 06,88.0,Improved,1976,278000.0,58.0,58,7,58 years 7 months,Statistical Price Anomaly (Grouped IQR Outlier),True,3159.090909090909,-1.6150234167257655,False
2016-11,WOODLANDS,4 ROOM,5,MARSILING DR,16 TO 18,90.0,Improved,1974,278000.0,56.0,56,1,56 years 1 months,Statistical Price Anomaly (Grouped IQR Outlier),True,3088.8888888888887,-1.6866448176170352,False
2015-11,SENGKANG,3 ROOM,436B,FERNVALE RD,01 TO 03,69.0,Model A,2010,277000.0,93.0,93,1,93 years 1 months,Statistical Price Anomaly (Grouped IQR Outlier),True,4014.4927536231885,-0.7423266160628288,False
2015-08,CLEMENTI,2 ROOM,344,CLEMENTI AVE 5,10 TO 12,44.0,Improved,1979,275000.0,62.0,62,4,62 years 4 months,Statistical Price Anomaly (Grouped IQR Outlier),True,6250.0,1.5383792699977603,False
2016-11,WOODLANDS,4 ROOM,5,MARSILING DR,10 TO 12,90.0,Improved,1974,270000.0,56.0,56,1,56 years 1 months,Statistical Price Anomaly (Grouped IQR Outlier),True,3000.0,-1.7773309079541821,False
2016-10,WOODLANDS,4 ROOM,7,MARSILING DR,07 TO 09,90.0,Improved,1976,269500.0,58.0,58,2,58 years 2 months,Statistical Price Anomaly (Grouped IQR Outlier),True,2994.4444444444443,-1.782998788600254,False
2016-10,WOODLANDS,4 ROOM,5,MARSILING DR,07 TO 09,90.0,Improved,1974,268000.0,56.0,56,2,56 years 2 months,Statistical Price Anomaly (Grouped IQR Outlier),True,2977.777777777778,-1.800002430538469,False
2016-05,HOUGANG,2 ROOM,986B,BUANGKOK CRES,07 TO 09,47.0,Model A,2012,268000.0,95.0,94,7,94 years 7 months,Statistical Price Anomaly (Grouped IQR Outlier),True,5702.127659574468,0.979429763730903,False
2016-11,WOODLANDS,4 ROOM,5,MARSILING DR,07 TO 09,90.0,Improved,1974,258000.0,56.0,56,1,56 years 1 months,Statistical Price Anomaly (Grouped IQR Outlier),True,2866.6666666666665,-1.9133600434599032,False
2016-05,CHOA CHU KANG,2 ROOM,535,CHOA CHU KANG ST 51,13 TO 15,46.0,Model A,2011,250000.0,94.0,93,7,93 years 7 months,Statistical Price Anomaly (Grouped IQR Outlier),True,5434.782608695652,0.7066793925850655,False
2012-10,YISHUN,4 ROOM,279,YISHUN ST 22,10 TO 12,104.0,Model A,1985,247000.0,,71,2,71 years 2 months,Statistical Price Anomaly (Grouped IQR Outlier),True,2375.0,-2.414967480637248,False
2016-06,HOUGANG,2 ROOM,986A,BUANGKOK CRES,01 TO 03,47.0,Model A,2012,244000.0,94.0,94,6,94 years 6 months,Statistical Price Anomaly (Grouped IQR Outlier),True,5191.489361702128,0.4584671171132491,False
2016-12,JURONG EAST,3 ROOM,40,TEBAN GDNS RD,07 TO 09,74.0,Improved,1978,237000.0,60.0,60,0,60 years 0 months,Statistical Price Anomaly (Grouped IQR Outlier),True,3202.7027027027025,-1.5705298573542692,False
2016-11,HOUGANG,3 ROOM,1,HOUGANG AVE 3,04 TO 06,59.0,Improved,1975,225000.0,57.0,57,1,57 years 1 months,Statistical Price Anomaly (Grouped IQR Outlier),True,3813.5593220338983,-0.9473226235124965,False
2016-12,HOUGANG,3 ROOM,1,HOUGANG AVE 3,13 TO 15,59.0,Improved,1975,221000.0,57.0,57,0,57 years 0 months,Statistical Price Anomaly (Grouped IQR Outlier),True,3745.762711864407,-1.0164899805493035,False
2016-03,SERANGOON,2 ROOM,8,LOR LEW LIAN,10 TO 12,44.0,Improved,1978,220000.0,61.0,60,9,60 years 9 months,Statistical Price Anomaly (Grouped IQR Outlier),True,5000.0,0.2631061246316286,False
2016-08,QUEENSTOWN,2 ROOM,111,C'WEALTH CRES,01 TO 03,47.0,Standard,1969,215000.0,51.0,51,4,51 years 4 months,Statistical Price Anomaly (Grouped IQR Outlier),True,4574.468085106383,-0.17102941421641615,False
2016-04,QUEENSTOWN,2 ROOM,101,C'WEALTH CRES,01 TO 03,41.0,Standard,1970,215000.0,53.0,52,8,52 years 8 months,Statistical Price Anomaly (Grouped IQR Outlier),True,5243.90243902439,0.5119399090933129,False
2016-07,KALLANG/WHAMPOA,2 ROOM,7,ST. GEORGE'S LANE,01 TO 03,45.0,Improved,1986,210000.0,68.0,68,5,68 years 5 months,Statistical Price Anomaly (Grouped IQR Outlier),True,4666.666666666667,-0.07696671413267293,False
2016-02,QUEENSTOWN,2 ROOM,88,C'WEALTH CL,01 TO 03,46.0,Standard,1967,200000.0,50.0,49,10,49 years 10 months,Statistical Price Anomaly (Grouped IQR Outlier),True,4347.826086956522,-0.4022537772985269,False
2016-12,BUKIT MERAH,2 ROOM,2,JLN BT HO SWEE,04 TO 06,35.0,Standard,1971,192000.0,53.0,53,0,53 years 0 months,Statistical Price Anomaly (Grouped IQR Outlier),True,5485.714285714285,0.7586408325453251,False
2016-12,TOA PAYOH,2 ROOM,56,LOR 4 TOA PAYOH,01 TO 03,40.0,Standard,1967,190000.0,49.0,49,0,49 years 0 months,Statistical Price Anomaly (Grouped IQR Outlier),True,4750.0,0.008051495558402205,False
